solid AILamp_LampBase_Electronics_Cover
  facet normal 0.000000 0.000000 -1.000000
    outer loop
      vertex 79.7827 118.9184 0.0000
      vertex 79.6000 118.0000 0.0000
      vertex -79.6000 118.0000 0.0000
    endloop
  endfacet
  facet normal 0.000000 0.000000 -1.000000
    outer loop
      vertex -79.6000 118.0000 0.0000
      vertex 79.6000 118.0000 0.0000
      vertex 79.7827 117.0816 0.0000
    endloop
  endfacet
  facet normal 0.000000 0.000000 -1.000000
    outer loop
      vertex -94.6926 117.1214 0.0000
      vertex -84.4000 118.0000 0.0000
      vertex -84.2173 117.0816 0.0000
    endloop
  endfacet
  facet normal 0.000000 0.000000 -1.000000
    outer loop
      vertex -94.9657 115.0465 0.0000
      vertex -94.8631 116.0884 0.0000
      vertex -94.6926 117.1214 0.0000
    endloop
  endfacet
  facet normal -0.000000 0.000000 -1.000000
    outer loop
      vertex -29.0000 -24.0000 0.0000
      vertex -95.0000 -84.0000 0.0000
      vertex -94.9657 115.0465 0.0000
    endloop
  endfacet
  facet normal 0.000000 0.000000 -1.000000
    outer loop
      vertex -95.0000 -84.0000 0.0000
      vertex -29.0000 -24.0000 0.0000
      vertex -28.9829 -24.5232 0.0000
    endloop
  endfacet
  facet normal 0.000000 0.000000 -1.000000
    outer loop
      vertex -94.8631 -86.0884 0.0000
      vertex -94.9657 -85.0465 0.0000
      vertex -95.0000 -84.0000 0.0000
    endloop
  endfacet
  facet normal 0.000000 0.000000 -1.000000
    outer loop
      vertex -84.4000 -88.0000 0.0000
      vertex -94.6926 -87.1214 0.0000
      vertex -94.8631 -86.0884 0.0000
    endloop
  endfacet
  facet normal 0.000000 0.000000 -1.000000
    outer loop
      vertex 79.6000 -88.0000 0.0000
      vertex -79.6000 -88.0000 0.0000
      vertex -79.7827 -87.0816 0.0000
    endloop
  endfacet
  facet normal 0.000000 0.000000 -1.000000
    outer loop
      vertex -79.6000 -88.0000 0.0000
      vertex 79.6000 -88.0000 0.0000
      vertex 79.7827 -88.9184 0.0000
    endloop
  endfacet
  facet normal 0.000000 0.000000 -1.000000
    outer loop
      vertex -94.6926 -87.1214 0.0000
      vertex -84.4000 -88.0000 0.0000
      vertex -84.2173 -88.9184 0.0000
    endloop
  endfacet
  facet normal 0.000000 0.000000 -1.000000
    outer loop
      vertex -94.1509 -89.1430 0.0000
      vertex -94.4548 -88.1411 0.0000
      vertex -94.6926 -87.1214 0.0000
    endloop
  endfacet
  facet normal 0.000000 0.000000 -1.000000
    outer loop
      vertex -93.3500 -91.0766 0.0000
      vertex -93.7821 -90.1229 0.0000
      vertex -94.1509 -89.1430 0.0000
    endloop
  endfacet
  facet normal 0.000000 0.000000 -1.000000
    outer loop
      vertex -92.3035 -92.8891 0.0000
      vertex -92.8564 -92.0000 0.0000
      vertex -93.3500 -91.0766 0.0000
    endloop
  endfacet
  facet normal 0.000000 0.000000 -1.000000
    outer loop
      vertex -91.0294 -94.5495 0.0000
      vertex -91.6937 -93.7402 0.0000
      vertex -92.3035 -92.8891 0.0000
    endloop
  endfacet
  facet normal 0.000000 0.000000 -1.000000
    outer loop
      vertex -89.5495 -96.0294 0.0000
      vertex -90.3137 -95.3137 0.0000
      vertex -91.0294 -94.5495 0.0000
    endloop
  endfacet
  facet normal 0.000000 0.000000 -1.000000
    outer loop
      vertex -87.8891 -97.3035 0.0000
      vertex -88.7402 -96.6937 0.0000
      vertex -89.5495 -96.0294 0.0000
    endloop
  endfacet
  facet normal 0.000000 0.000000 -1.000000
    outer loop
      vertex -86.0766 -98.3500 0.0000
      vertex -87.0000 -97.8564 0.0000
      vertex -87.8891 -97.3035 0.0000
    endloop
  endfacet
  facet normal 0.000000 0.000000 -1.000000
    outer loop
      vertex -84.1430 -99.1509 0.0000
      vertex -85.1229 -98.7821 0.0000
      vertex -86.0766 -98.3500 0.0000
    endloop
  endfacet
  facet normal 0.000000 0.000000 -1.000000
    outer loop
      vertex -82.1214 -99.6926 0.0000
      vertex -83.1411 -99.4548 0.0000
      vertex -84.1430 -99.1509 0.0000
    endloop
  endfacet
  facet normal 0.000000 0.000000 -1.000000
    outer loop
      vertex -80.0465 -99.9657 0.0000
      vertex -81.0884 -99.8631 0.0000
      vertex -82.1214 -99.6926 0.0000
    endloop
  endfacet
  facet normal -0.000000 0.000000 -1.000000
    outer loop
      vertex 80.0465 -99.9657 0.0000
      vertex 79.0000 -100.0000 0.0000
      vertex -80.0465 -99.9657 0.0000
    endloop
  endfacet
  facet normal 0.000000 0.000000 -1.000000
    outer loop
      vertex 82.1214 -99.6926 0.0000
      vertex 81.0884 -99.8631 0.0000
      vertex 80.0465 -99.9657 0.0000
    endloop
  endfacet
  facet normal 0.000000 0.000000 -1.000000
    outer loop
      vertex 84.1430 -99.1509 0.0000
      vertex 83.1411 -99.4548 0.0000
      vertex 82.1214 -99.6926 0.0000
    endloop
  endfacet
  facet normal 0.000000 0.000000 -1.000000
    outer loop
      vertex 86.0766 -98.3500 0.0000
      vertex 85.1229 -98.7821 0.0000
      vertex 84.1430 -99.1509 0.0000
    endloop
  endfacet
  facet normal 0.000000 0.000000 -1.000000
    outer loop
      vertex 87.8891 -97.3035 0.0000
      vertex 87.0000 -97.8564 0.0000
      vertex 86.0766 -98.3500 0.0000
    endloop
  endfacet
  facet normal 0.000000 0.000000 -1.000000
    outer loop
      vertex 89.5495 -96.0294 0.0000
      vertex 88.7402 -96.6937 0.0000
      vertex 87.8891 -97.3035 0.0000
    endloop
  endfacet
  facet normal 0.000000 0.000000 -1.000000
    outer loop
      vertex 91.0294 -94.5495 0.0000
      vertex 90.3137 -95.3137 0.0000
      vertex 89.5495 -96.0294 0.0000
    endloop
  endfacet
  facet normal 0.000000 0.000000 -1.000000
    outer loop
      vertex 92.3035 -92.8891 0.0000
      vertex 91.6937 -93.7402 0.0000
      vertex 91.0294 -94.5495 0.0000
    endloop
  endfacet
  facet normal 0.000000 0.000000 -1.000000
    outer loop
      vertex 93.3500 -91.0766 0.0000
      vertex 92.8564 -92.0000 0.0000
      vertex 92.3035 -92.8891 0.0000
    endloop
  endfacet
  facet normal 0.000000 0.000000 -1.000000
    outer loop
      vertex 94.1509 -89.1430 0.0000
      vertex 93.7821 -90.1229 0.0000
      vertex 93.3500 -91.0766 0.0000
    endloop
  endfacet
  facet normal 0.000000 0.000000 -1.000000
    outer loop
      vertex 94.6926 -87.1214 0.0000
      vertex 94.4548 -88.1411 0.0000
      vertex 94.1509 -89.1430 0.0000
    endloop
  endfacet
  facet normal 0.000000 0.000000 -1.000000
    outer loop
      vertex 94.9657 -85.0465 0.0000
      vertex 94.8631 -86.0884 0.0000
      vertex 94.6926 -87.1214 0.0000
    endloop
  endfacet
  facet normal 0.000000 0.000000 -1.000000
    outer loop
      vertex 94.9657 115.0465 0.0000
      vertex 95.0000 114.0000 0.0000
      vertex 94.9657 -85.0465 0.0000
    endloop
  endfacet
  facet normal 0.000000 0.000000 -1.000000
    outer loop
      vertex 94.6926 117.1214 0.0000
      vertex 94.8631 116.0884 0.0000
      vertex 94.9657 115.0465 0.0000
    endloop
  endfacet
  facet normal 0.000000 0.000000 -1.000000
    outer loop
      vertex 94.1509 119.1430 0.0000
      vertex 94.4548 118.1411 0.0000
      vertex 94.6926 117.1214 0.0000
    endloop
  endfacet
  facet normal 0.000000 0.000000 -1.000000
    outer loop
      vertex 93.3500 121.0766 0.0000
      vertex 93.7821 120.1229 0.0000
      vertex 94.1509 119.1430 0.0000
    endloop
  endfacet
  facet normal 0.000000 0.000000 -1.000000
    outer loop
      vertex 92.3035 122.8891 0.0000
      vertex 92.8564 122.0000 0.0000
      vertex 93.3500 121.0766 0.0000
    endloop
  endfacet
  facet normal 0.000000 0.000000 -1.000000
    outer loop
      vertex 91.0294 124.5495 0.0000
      vertex 91.6937 123.7402 0.0000
      vertex 92.3035 122.8891 0.0000
    endloop
  endfacet
  facet normal 0.000000 0.000000 -1.000000
    outer loop
      vertex 89.5495 126.0294 0.0000
      vertex 90.3137 125.3137 0.0000
      vertex 91.0294 124.5495 0.0000
    endloop
  endfacet
  facet normal 0.000000 0.000000 -1.000000
    outer loop
      vertex 87.8891 127.3035 0.0000
      vertex 88.7402 126.6937 0.0000
      vertex 89.5495 126.0294 0.0000
    endloop
  endfacet
  facet normal 0.000000 0.000000 -1.000000
    outer loop
      vertex 86.0766 128.3500 0.0000
      vertex 87.0000 127.8564 0.0000
      vertex 87.8891 127.3035 0.0000
    endloop
  endfacet
  facet normal 0.000000 0.000000 -1.000000
    outer loop
      vertex 84.1430 129.1509 0.0000
      vertex 85.1229 128.7821 0.0000
      vertex 86.0766 128.3500 0.0000
    endloop
  endfacet
  facet normal 0.000000 0.000000 -1.000000
    outer loop
      vertex 82.1214 129.6926 0.0000
      vertex 83.1411 129.4548 0.0000
      vertex 84.1430 129.1509 0.0000
    endloop
  endfacet
  facet normal 0.000000 0.000000 -1.000000
    outer loop
      vertex 80.0465 129.9657 0.0000
      vertex 81.0884 129.8631 0.0000
      vertex 82.1214 129.6926 0.0000
    endloop
  endfacet
  facet normal 0.000000 0.000000 -1.000000
    outer loop
      vertex -80.0465 129.9657 0.0000
      vertex -79.0000 130.0000 0.0000
      vertex 80.0465 129.9657 0.0000
    endloop
  endfacet
  facet normal 0.000000 0.000000 -1.000000
    outer loop
      vertex -82.1214 129.6926 0.0000
      vertex -81.0884 129.8631 0.0000
      vertex -80.0465 129.9657 0.0000
    endloop
  endfacet
  facet normal 0.000000 0.000000 -1.000000
    outer loop
      vertex -84.1430 129.1509 0.0000
      vertex -83.1411 129.4548 0.0000
      vertex -82.1214 129.6926 0.0000
    endloop
  endfacet
  facet normal 0.000000 0.000000 -1.000000
    outer loop
      vertex -86.0766 128.3500 0.0000
      vertex -85.1229 128.7821 0.0000
      vertex -84.1430 129.1509 0.0000
    endloop
  endfacet
  facet normal 0.000000 0.000000 -1.000000
    outer loop
      vertex -87.8891 127.3035 0.0000
      vertex -87.0000 127.8564 0.0000
      vertex -86.0766 128.3500 0.0000
    endloop
  endfacet
  facet normal 0.000000 0.000000 -1.000000
    outer loop
      vertex -89.5495 126.0294 0.0000
      vertex -88.7402 126.6937 0.0000
      vertex -87.8891 127.3035 0.0000
    endloop
  endfacet
  facet normal 0.000000 0.000000 -1.000000
    outer loop
      vertex -91.0294 124.5495 0.0000
      vertex -90.3137 125.3137 0.0000
      vertex -89.5495 126.0294 0.0000
    endloop
  endfacet
  facet normal 0.000000 0.000000 -1.000000
    outer loop
      vertex -92.3035 122.8891 0.0000
      vertex -91.6937 123.7402 0.0000
      vertex -91.0294 124.5495 0.0000
    endloop
  endfacet
  facet normal 0.000000 0.000000 -1.000000
    outer loop
      vertex -93.3500 121.0766 0.0000
      vertex -92.8564 122.0000 0.0000
      vertex -92.3035 122.8891 0.0000
    endloop
  endfacet
  facet normal 0.000000 0.000000 -1.000000
    outer loop
      vertex -94.1509 119.1430 0.0000
      vertex -93.7821 120.1229 0.0000
      vertex -93.3500 121.0766 0.0000
    endloop
  endfacet
  facet normal 0.000000 0.000000 -1.000000
    outer loop
      vertex -94.6926 117.1214 0.0000
      vertex -94.4548 118.1411 0.0000
      vertex -94.1509 119.1430 0.0000
    endloop
  endfacet
  facet normal 0.000000 0.000000 -1.000000
    outer loop
      vertex -84.2173 118.9184 0.0000
      vertex -84.4000 118.0000 0.0000
      vertex -94.6926 117.1214 0.0000
    endloop
  endfacet
  facet normal -0.000000 0.000000 -1.000000
    outer loop
      vertex 79.7827 118.9184 0.0000
      vertex -79.6000 118.0000 0.0000
      vertex -79.7827 118.9184 0.0000
    endloop
  endfacet
  facet normal 0.000000 0.000000 -1.000000
    outer loop
      vertex -79.6000 118.0000 0.0000
      vertex 79.7827 117.0816 0.0000
      vertex 80.3029 116.3029 0.0000
    endloop
  endfacet
  facet normal 0.000000 0.000000 -1.000000
    outer loop
      vertex -94.6926 117.1214 0.0000
      vertex -84.2173 117.0816 0.0000
      vertex -83.6971 116.3029 0.0000
    endloop
  endfacet
  facet normal 0.000000 0.000000 -1.000000
    outer loop
      vertex -29.0000 -24.0000 0.0000
      vertex -94.9657 115.0465 0.0000
      vertex -94.6926 117.1214 0.0000
    endloop
  endfacet
  facet normal 0.000000 0.000000 -1.000000
    outer loop
      vertex -95.0000 -84.0000 0.0000
      vertex -28.9829 -24.5232 0.0000
      vertex -28.9316 -25.0442 0.0000
    endloop
  endfacet
  facet normal 0.000000 0.000000 -1.000000
    outer loop
      vertex -84.4000 -88.0000 0.0000
      vertex -94.8631 -86.0884 0.0000
      vertex -95.0000 -84.0000 0.0000
    endloop
  endfacet
  facet normal 0.000000 0.000000 -1.000000
    outer loop
      vertex 79.6000 -88.0000 0.0000
      vertex -79.7827 -87.0816 0.0000
      vertex -80.3029 -86.3029 0.0000
    endloop
  endfacet
  facet normal 0.000000 0.000000 -1.000000
    outer loop
      vertex -79.6000 -88.0000 0.0000
      vertex 79.7827 -88.9184 0.0000
      vertex 80.3029 -89.6971 0.0000
    endloop
  endfacet
  facet normal 0.000000 0.000000 -1.000000
    outer loop
      vertex -94.6926 -87.1214 0.0000
      vertex -84.2173 -88.9184 0.0000
      vertex -83.6971 -89.6971 0.0000
    endloop
  endfacet
  facet normal 0.000000 0.000000 -1.000000
    outer loop
      vertex -93.3500 -91.0766 0.0000
      vertex -94.1509 -89.1430 0.0000
      vertex -94.6926 -87.1214 0.0000
    endloop
  endfacet
  facet normal 0.000000 0.000000 -1.000000
    outer loop
      vertex -91.0294 -94.5495 0.0000
      vertex -92.3035 -92.8891 0.0000
      vertex -93.3500 -91.0766 0.0000
    endloop
  endfacet
  facet normal 0.000000 0.000000 -1.000000
    outer loop
      vertex -87.8891 -97.3035 0.0000
      vertex -89.5495 -96.0294 0.0000
      vertex -91.0294 -94.5495 0.0000
    endloop
  endfacet
  facet normal 0.000000 0.000000 -1.000000
    outer loop
      vertex -84.1430 -99.1509 0.0000
      vertex -86.0766 -98.3500 0.0000
      vertex -87.8891 -97.3035 0.0000
    endloop
  endfacet
  facet normal 0.000000 0.000000 -1.000000
    outer loop
      vertex -80.0465 -99.9657 0.0000
      vertex -82.1214 -99.6926 0.0000
      vertex -84.1430 -99.1509 0.0000
    endloop
  endfacet
  facet normal 0.000000 0.000000 -1.000000
    outer loop
      vertex 82.1214 -99.6926 0.0000
      vertex 80.0465 -99.9657 0.0000
      vertex -80.0465 -99.9657 0.0000
    endloop
  endfacet
  facet normal 0.000000 0.000000 -1.000000
    outer loop
      vertex 86.0766 -98.3500 0.0000
      vertex 84.1430 -99.1509 0.0000
      vertex 82.1214 -99.6926 0.0000
    endloop
  endfacet
  facet normal 0.000000 0.000000 -1.000000
    outer loop
      vertex 89.5495 -96.0294 0.0000
      vertex 87.8891 -97.3035 0.0000
      vertex 86.0766 -98.3500 0.0000
    endloop
  endfacet
  facet normal 0.000000 0.000000 -1.000000
    outer loop
      vertex 92.3035 -92.8891 0.0000
      vertex 91.0294 -94.5495 0.0000
      vertex 89.5495 -96.0294 0.0000
    endloop
  endfacet
  facet normal 0.000000 0.000000 -1.000000
    outer loop
      vertex 94.1509 -89.1430 0.0000
      vertex 93.3500 -91.0766 0.0000
      vertex 92.3035 -92.8891 0.0000
    endloop
  endfacet
  facet normal 0.000000 0.000000 -1.000000
    outer loop
      vertex 94.9657 -85.0465 0.0000
      vertex 94.6926 -87.1214 0.0000
      vertex 94.1509 -89.1430 0.0000
    endloop
  endfacet
  facet normal 0.000000 0.000000 -1.000000
    outer loop
      vertex 94.6926 117.1214 0.0000
      vertex 94.9657 115.0465 0.0000
      vertex 94.9657 -85.0465 0.0000
    endloop
  endfacet
  facet normal 0.000000 0.000000 -1.000000
    outer loop
      vertex 93.3500 121.0766 0.0000
      vertex 94.1509 119.1430 0.0000
      vertex 94.6926 117.1214 0.0000
    endloop
  endfacet
  facet normal 0.000000 0.000000 -1.000000
    outer loop
      vertex 91.0294 124.5495 0.0000
      vertex 92.3035 122.8891 0.0000
      vertex 93.3500 121.0766 0.0000
    endloop
  endfacet
  facet normal 0.000000 0.000000 -1.000000
    outer loop
      vertex 87.8891 127.3035 0.0000
      vertex 89.5495 126.0294 0.0000
      vertex 91.0294 124.5495 0.0000
    endloop
  endfacet
  facet normal 0.000000 0.000000 -1.000000
    outer loop
      vertex 84.1430 129.1509 0.0000
      vertex 86.0766 128.3500 0.0000
      vertex 87.8891 127.3035 0.0000
    endloop
  endfacet
  facet normal 0.000000 0.000000 -1.000000
    outer loop
      vertex 80.0465 129.9657 0.0000
      vertex 82.1214 129.6926 0.0000
      vertex 84.1430 129.1509 0.0000
    endloop
  endfacet
  facet normal 0.000000 0.000000 -1.000000
    outer loop
      vertex -82.1214 129.6926 0.0000
      vertex -80.0465 129.9657 0.0000
      vertex 80.0465 129.9657 0.0000
    endloop
  endfacet
  facet normal 0.000000 0.000000 -1.000000
    outer loop
      vertex -86.0766 128.3500 0.0000
      vertex -84.1430 129.1509 0.0000
      vertex -82.1214 129.6926 0.0000
    endloop
  endfacet
  facet normal 0.000000 0.000000 -1.000000
    outer loop
      vertex -89.5495 126.0294 0.0000
      vertex -87.8891 127.3035 0.0000
      vertex -86.0766 128.3500 0.0000
    endloop
  endfacet
  facet normal 0.000000 0.000000 -1.000000
    outer loop
      vertex -92.3035 122.8891 0.0000
      vertex -91.0294 124.5495 0.0000
      vertex -89.5495 126.0294 0.0000
    endloop
  endfacet
  facet normal 0.000000 0.000000 -1.000000
    outer loop
      vertex -94.1509 119.1430 0.0000
      vertex -93.3500 121.0766 0.0000
      vertex -92.3035 122.8891 0.0000
    endloop
  endfacet
  facet normal -0.000000 0.000000 -1.000000
    outer loop
      vertex -84.2173 118.9184 0.0000
      vertex -94.6926 117.1214 0.0000
      vertex -94.1509 119.1430 0.0000
    endloop
  endfacet
  facet normal 0.000000 0.000000 -1.000000
    outer loop
      vertex 79.7827 118.9184 0.0000
      vertex -79.7827 118.9184 0.0000
      vertex -80.3029 119.6971 0.0000
    endloop
  endfacet
  facet normal 0.000000 0.000000 -1.000000
    outer loop
      vertex -79.6000 118.0000 0.0000
      vertex 80.3029 116.3029 0.0000
      vertex 81.0816 115.7827 0.0000
    endloop
  endfacet
  facet normal 0.000000 0.000000 -1.000000
    outer loop
      vertex -94.6926 117.1214 0.0000
      vertex -83.6971 116.3029 0.0000
      vertex -82.9184 115.7827 0.0000
    endloop
  endfacet
  facet normal -0.000000 0.000000 -1.000000
    outer loop
      vertex -28.9829 24.5232 0.0000
      vertex -29.0000 -24.0000 0.0000
      vertex -94.6926 117.1214 0.0000
    endloop
  endfacet
  facet normal 0.000000 0.000000 -1.000000
    outer loop
      vertex -95.0000 -84.0000 0.0000
      vertex -28.9316 -25.0442 0.0000
      vertex -28.8463 -25.5607 0.0000
    endloop
  endfacet
  facet normal -0.000000 0.000000 -1.000000
    outer loop
      vertex -84.2173 -87.0816 0.0000
      vertex -84.4000 -88.0000 0.0000
      vertex -95.0000 -84.0000 0.0000
    endloop
  endfacet
  facet normal 0.000000 0.000000 -1.000000
    outer loop
      vertex 79.6000 -88.0000 0.0000
      vertex -80.3029 -86.3029 0.0000
      vertex -81.0816 -85.7827 0.0000
    endloop
  endfacet
  facet normal 0.000000 0.000000 -1.000000
    outer loop
      vertex -79.6000 -88.0000 0.0000
      vertex 80.3029 -89.6971 0.0000
      vertex 81.0816 -90.2173 0.0000
    endloop
  endfacet
  facet normal 0.000000 0.000000 -1.000000
    outer loop
      vertex -94.6926 -87.1214 0.0000
      vertex -83.6971 -89.6971 0.0000
      vertex -82.9184 -90.2173 0.0000
    endloop
  endfacet
  facet normal 0.000000 0.000000 -1.000000
    outer loop
      vertex -91.0294 -94.5495 0.0000
      vertex -93.3500 -91.0766 0.0000
      vertex -94.6926 -87.1214 0.0000
    endloop
  endfacet
  facet normal 0.000000 0.000000 -1.000000
    outer loop
      vertex -84.1430 -99.1509 0.0000
      vertex -87.8891 -97.3035 0.0000
      vertex -91.0294 -94.5495 0.0000
    endloop
  endfacet
  facet normal -0.000000 0.000000 -1.000000
    outer loop
      vertex 82.1214 -99.6926 0.0000
      vertex -80.0465 -99.9657 0.0000
      vertex -84.1430 -99.1509 0.0000
    endloop
  endfacet
  facet normal 0.000000 0.000000 -1.000000
    outer loop
      vertex 89.5495 -96.0294 0.0000
      vertex 86.0766 -98.3500 0.0000
      vertex 82.1214 -99.6926 0.0000
    endloop
  endfacet
  facet normal 0.000000 0.000000 -1.000000
    outer loop
      vertex 94.1509 -89.1430 0.0000
      vertex 92.3035 -92.8891 0.0000
      vertex 89.5495 -96.0294 0.0000
    endloop
  endfacet
  facet normal 0.000000 -0.000000 -1.000000
    outer loop
      vertex 94.6926 117.1214 0.0000
      vertex 94.9657 -85.0465 0.0000
      vertex 94.1509 -89.1430 0.0000
    endloop
  endfacet
  facet normal 0.000000 0.000000 -1.000000
    outer loop
      vertex 91.0294 124.5495 0.0000
      vertex 93.3500 121.0766 0.0000
      vertex 94.6926 117.1214 0.0000
    endloop
  endfacet
  facet normal 0.000000 0.000000 -1.000000
    outer loop
      vertex 84.1430 129.1509 0.0000
      vertex 87.8891 127.3035 0.0000
      vertex 91.0294 124.5495 0.0000
    endloop
  endfacet
  facet normal 0.000000 0.000000 -1.000000
    outer loop
      vertex -82.1214 129.6926 0.0000
      vertex 80.0465 129.9657 0.0000
      vertex 84.1430 129.1509 0.0000
    endloop
  endfacet
  facet normal 0.000000 0.000000 -1.000000
    outer loop
      vertex -89.5495 126.0294 0.0000
      vertex -86.0766 128.3500 0.0000
      vertex -82.1214 129.6926 0.0000
    endloop
  endfacet
  facet normal 0.000000 0.000000 -1.000000
    outer loop
      vertex -94.1509 119.1430 0.0000
      vertex -92.3035 122.8891 0.0000
      vertex -89.5495 126.0294 0.0000
    endloop
  endfacet
  facet normal 0.000000 0.000000 -1.000000
    outer loop
      vertex -83.6971 119.6971 0.0000
      vertex -84.2173 118.9184 0.0000
      vertex -94.1509 119.1430 0.0000
    endloop
  endfacet
  facet normal 0.000000 0.000000 -1.000000
    outer loop
      vertex 79.7827 118.9184 0.0000
      vertex -80.3029 119.6971 0.0000
      vertex -81.0816 120.2173 0.0000
    endloop
  endfacet
  facet normal 0.000000 0.000000 -1.000000
    outer loop
      vertex -79.6000 118.0000 0.0000
      vertex 81.0816 115.7827 0.0000
      vertex 82.0000 115.6000 0.0000
    endloop
  endfacet
  facet normal 0.000000 0.000000 -1.000000
    outer loop
      vertex -94.6926 117.1214 0.0000
      vertex -82.9184 115.7827 0.0000
      vertex -82.0000 115.6000 0.0000
    endloop
  endfacet
  facet normal -0.000000 0.000000 -1.000000
    outer loop
      vertex -28.9316 25.0442 0.0000
      vertex -28.9829 24.5232 0.0000
      vertex -94.6926 117.1214 0.0000
    endloop
  endfacet
  facet normal 0.000000 0.000000 -1.000000
    outer loop
      vertex -95.0000 -84.0000 0.0000
      vertex -28.8463 -25.5607 0.0000
      vertex -28.7274 -26.0706 0.0000
    endloop
  endfacet
  facet normal -0.000000 0.000000 -1.000000
    outer loop
      vertex -83.6971 -86.3029 0.0000
      vertex -84.2173 -87.0816 0.0000
      vertex -95.0000 -84.0000 0.0000
    endloop
  endfacet
  facet normal 0.000000 0.000000 -1.000000
    outer loop
      vertex 79.6000 -88.0000 0.0000
      vertex -81.0816 -85.7827 0.0000
      vertex -82.0000 -85.6000 0.0000
    endloop
  endfacet
  facet normal 0.000000 0.000000 -1.000000
    outer loop
      vertex -79.6000 -88.0000 0.0000
      vertex 81.0816 -90.2173 0.0000
      vertex 82.0000 -90.4000 0.0000
    endloop
  endfacet
  facet normal 0.000000 0.000000 -1.000000
    outer loop
      vertex -91.0294 -94.5495 0.0000
      vertex -94.6926 -87.1214 0.0000
      vertex -82.9184 -90.2173 0.0000
    endloop
  endfacet
  facet normal 0.000000 0.000000 -1.000000
    outer loop
      vertex 82.1214 -99.6926 0.0000
      vertex -84.1430 -99.1509 0.0000
      vertex -91.0294 -94.5495 0.0000
    endloop
  endfacet
  facet normal 0.000000 0.000000 -1.000000
    outer loop
      vertex 94.1509 -89.1430 0.0000
      vertex 89.5495 -96.0294 0.0000
      vertex 82.1214 -99.6926 0.0000
    endloop
  endfacet
  facet normal 0.000000 0.000000 -1.000000
    outer loop
      vertex 91.0294 124.5495 0.0000
      vertex 94.6926 117.1214 0.0000
      vertex 94.1509 -89.1430 0.0000
    endloop
  endfacet
  facet normal 0.000000 0.000000 -1.000000
    outer loop
      vertex -82.1214 129.6926 0.0000
      vertex 84.1430 129.1509 0.0000
      vertex 91.0294 124.5495 0.0000
    endloop
  endfacet
  facet normal 0.000000 0.000000 -1.000000
    outer loop
      vertex -94.1509 119.1430 0.0000
      vertex -89.5495 126.0294 0.0000
      vertex -82.1214 129.6926 0.0000
    endloop
  endfacet
  facet normal 0.000000 0.000000 -1.000000
    outer loop
      vertex -82.9184 120.2173 0.0000
      vertex -83.6971 119.6971 0.0000
      vertex -94.1509 119.1430 0.0000
    endloop
  endfacet
  facet normal 0.000000 0.000000 -1.000000
    outer loop
      vertex 79.7827 118.9184 0.0000
      vertex -81.0816 120.2173 0.0000
      vertex -82.0000 120.4000 0.0000
    endloop
  endfacet
  facet normal 0.000000 0.000000 -1.000000
    outer loop
      vertex -79.7827 117.0816 0.0000
      vertex -79.6000 118.0000 0.0000
      vertex 82.0000 115.6000 0.0000
    endloop
  endfacet
  facet normal 0.000000 0.000000 -1.000000
    outer loop
      vertex -28.9316 25.0442 0.0000
      vertex -94.6926 117.1214 0.0000
      vertex -82.0000 115.6000 0.0000
    endloop
  endfacet
  facet normal 0.000000 0.000000 -1.000000
    outer loop
      vertex -95.0000 -84.0000 0.0000
      vertex -28.7274 -26.0706 0.0000
      vertex -28.5754 -26.5715 0.0000
    endloop
  endfacet
  facet normal -0.000000 0.000000 -1.000000
    outer loop
      vertex -82.9184 -85.7827 0.0000
      vertex -83.6971 -86.3029 0.0000
      vertex -95.0000 -84.0000 0.0000
    endloop
  endfacet
  facet normal -0.000000 0.000000 -1.000000
    outer loop
      vertex 79.7827 -87.0816 0.0000
      vertex 79.6000 -88.0000 0.0000
      vertex -82.0000 -85.6000 0.0000
    endloop
  endfacet
  facet normal 0.000000 0.000000 -1.000000
    outer loop
      vertex -79.7827 -88.9184 0.0000
      vertex -79.6000 -88.0000 0.0000
      vertex 82.0000 -90.4000 0.0000
    endloop
  endfacet
  facet normal 0.000000 0.000000 -1.000000
    outer loop
      vertex -91.0294 -94.5495 0.0000
      vertex -82.9184 -90.2173 0.0000
      vertex -82.0000 -90.4000 0.0000
    endloop
  endfacet
  facet normal -0.000000 0.000000 -1.000000
    outer loop
      vertex -82.9184 120.2173 0.0000
      vertex -94.1509 119.1430 0.0000
      vertex -82.1214 129.6926 0.0000
    endloop
  endfacet
  facet normal -0.000000 0.000000 -1.000000
    outer loop
      vertex 80.3029 119.6971 0.0000
      vertex 79.7827 118.9184 0.0000
      vertex -82.0000 120.4000 0.0000
    endloop
  endfacet
  facet normal 0.000000 0.000000 -1.000000
    outer loop
      vertex -80.3029 116.3029 0.0000
      vertex -79.7827 117.0816 0.0000
      vertex 82.0000 115.6000 0.0000
    endloop
  endfacet
  facet normal 0.000000 0.000000 -1.000000
    outer loop
      vertex -28.9316 25.0442 0.0000
      vertex -82.0000 115.6000 0.0000
      vertex -81.0816 115.7827 0.0000
    endloop
  endfacet
  facet normal 0.000000 0.000000 -1.000000
    outer loop
      vertex -95.0000 -84.0000 0.0000
      vertex -28.5754 -26.5715 0.0000
      vertex -28.3910 -27.0615 0.0000
    endloop
  endfacet
  facet normal -0.000000 0.000000 -1.000000
    outer loop
      vertex -82.0000 -85.6000 0.0000
      vertex -82.9184 -85.7827 0.0000
      vertex -95.0000 -84.0000 0.0000
    endloop
  endfacet
  facet normal -0.000000 0.000000 -1.000000
    outer loop
      vertex 80.3029 -86.3029 0.0000
      vertex 79.7827 -87.0816 0.0000
      vertex -82.0000 -85.6000 0.0000
    endloop
  endfacet
  facet normal 0.000000 0.000000 -1.000000
    outer loop
      vertex -80.3029 -89.6971 0.0000
      vertex -79.7827 -88.9184 0.0000
      vertex 82.0000 -90.4000 0.0000
    endloop
  endfacet
  facet normal 0.000000 0.000000 -1.000000
    outer loop
      vertex -91.0294 -94.5495 0.0000
      vertex -82.0000 -90.4000 0.0000
      vertex -81.0816 -90.2173 0.0000
    endloop
  endfacet
  facet normal -0.000000 0.000000 -1.000000
    outer loop
      vertex -82.0000 120.4000 0.0000
      vertex -82.9184 120.2173 0.0000
      vertex -82.1214 129.6926 0.0000
    endloop
  endfacet
  facet normal -0.000000 0.000000 -1.000000
    outer loop
      vertex 81.0816 120.2173 0.0000
      vertex 80.3029 119.6971 0.0000
      vertex -82.0000 120.4000 0.0000
    endloop
  endfacet
  facet normal 0.000000 0.000000 -1.000000
    outer loop
      vertex -81.0816 115.7827 0.0000
      vertex -80.3029 116.3029 0.0000
      vertex 82.0000 115.6000 0.0000
    endloop
  endfacet
  facet normal -0.000000 0.000000 -1.000000
    outer loop
      vertex -28.8463 25.5607 0.0000
      vertex -28.9316 25.0442 0.0000
      vertex -81.0816 115.7827 0.0000
    endloop
  endfacet
  facet normal 0.000000 0.000000 -1.000000
    outer loop
      vertex -95.0000 -84.0000 0.0000
      vertex -28.3910 -27.0615 0.0000
      vertex -28.1750 -27.5383 0.0000
    endloop
  endfacet
  facet normal 0.000000 0.000000 -1.000000
    outer loop
      vertex 80.3029 -86.3029 0.0000
      vertex -82.0000 -85.6000 0.0000
      vertex -95.0000 -84.0000 0.0000
    endloop
  endfacet
  facet normal 0.000000 0.000000 -1.000000
    outer loop
      vertex -81.0816 -90.2173 0.0000
      vertex -80.3029 -89.6971 0.0000
      vertex 82.0000 -90.4000 0.0000
    endloop
  endfacet
  facet normal 0.000000 0.000000 -1.000000
    outer loop
      vertex 82.1214 -99.6926 0.0000
      vertex -91.0294 -94.5495 0.0000
      vertex -81.0816 -90.2173 0.0000
    endloop
  endfacet
  facet normal 0.000000 0.000000 -1.000000
    outer loop
      vertex -82.0000 120.4000 0.0000
      vertex -82.1214 129.6926 0.0000
      vertex 91.0294 124.5495 0.0000
    endloop
  endfacet
  facet normal -0.000000 0.000000 -1.000000
    outer loop
      vertex 82.0000 120.4000 0.0000
      vertex 81.0816 120.2173 0.0000
      vertex -82.0000 120.4000 0.0000
    endloop
  endfacet
  facet normal -0.000000 0.000000 -1.000000
    outer loop
      vertex -28.7274 26.0706 0.0000
      vertex -28.8463 25.5607 0.0000
      vertex -81.0816 115.7827 0.0000
    endloop
  endfacet
  facet normal 0.000000 0.000000 -1.000000
    outer loop
      vertex -95.0000 -84.0000 0.0000
      vertex -28.1750 -27.5383 0.0000
      vertex -27.9282 -28.0000 0.0000
    endloop
  endfacet
  facet normal -0.000000 0.000000 -1.000000
    outer loop
      vertex 81.0816 -85.7827 0.0000
      vertex 80.3029 -86.3029 0.0000
      vertex -95.0000 -84.0000 0.0000
    endloop
  endfacet
  facet normal 0.000000 0.000000 -1.000000
    outer loop
      vertex 82.1214 -99.6926 0.0000
      vertex -81.0816 -90.2173 0.0000
      vertex 82.0000 -90.4000 0.0000
    endloop
  endfacet
  facet normal 0.000000 0.000000 -1.000000
    outer loop
      vertex 82.0000 120.4000 0.0000
      vertex -82.0000 120.4000 0.0000
      vertex 91.0294 124.5495 0.0000
    endloop
  endfacet
  facet normal -0.000000 0.000000 -1.000000
    outer loop
      vertex -28.5754 26.5715 0.0000
      vertex -28.7274 26.0706 0.0000
      vertex -81.0816 115.7827 0.0000
    endloop
  endfacet
  facet normal 0.000000 0.000000 -1.000000
    outer loop
      vertex -95.0000 -84.0000 0.0000
      vertex -27.9282 -28.0000 0.0000
      vertex -27.6518 -28.4446 0.0000
    endloop
  endfacet
  facet normal -0.000000 0.000000 -1.000000
    outer loop
      vertex 82.0000 -85.6000 0.0000
      vertex 81.0816 -85.7827 0.0000
      vertex -95.0000 -84.0000 0.0000
    endloop
  endfacet
  facet normal 0.000000 0.000000 -1.000000
    outer loop
      vertex 82.1214 -99.6926 0.0000
      vertex 82.0000 -90.4000 0.0000
      vertex 82.9184 -90.2173 0.0000
    endloop
  endfacet
  facet normal 0.000000 0.000000 -1.000000
    outer loop
      vertex 82.9184 120.2173 0.0000
      vertex 82.0000 120.4000 0.0000
      vertex 91.0294 124.5495 0.0000
    endloop
  endfacet
  facet normal -0.000000 0.000000 -1.000000
    outer loop
      vertex -28.3910 27.0615 0.0000
      vertex -28.5754 26.5715 0.0000
      vertex -81.0816 115.7827 0.0000
    endloop
  endfacet
  facet normal 0.000000 0.000000 -1.000000
    outer loop
      vertex -95.0000 -84.0000 0.0000
      vertex -27.6518 -28.4446 0.0000
      vertex -27.3468 -28.8701 0.0000
    endloop
  endfacet
  facet normal 0.000000 0.000000 -1.000000
    outer loop
      vertex 82.1214 -99.6926 0.0000
      vertex 82.9184 -90.2173 0.0000
      vertex 83.6971 -89.6971 0.0000
    endloop
  endfacet
  facet normal 0.000000 0.000000 -1.000000
    outer loop
      vertex 83.6971 119.6971 0.0000
      vertex 82.9184 120.2173 0.0000
      vertex 91.0294 124.5495 0.0000
    endloop
  endfacet
  facet normal -0.000000 0.000000 -1.000000
    outer loop
      vertex -28.1750 27.5383 0.0000
      vertex -28.3910 27.0615 0.0000
      vertex -81.0816 115.7827 0.0000
    endloop
  endfacet
  facet normal 0.000000 0.000000 -1.000000
    outer loop
      vertex -95.0000 -84.0000 0.0000
      vertex -27.3468 -28.8701 0.0000
      vertex -27.0147 -29.2748 0.0000
    endloop
  endfacet
  facet normal 0.000000 0.000000 -1.000000
    outer loop
      vertex 82.1214 -99.6926 0.0000
      vertex 83.6971 -89.6971 0.0000
      vertex 84.2173 -88.9184 0.0000
    endloop
  endfacet
  facet normal 0.000000 0.000000 -1.000000
    outer loop
      vertex 84.2173 118.9184 0.0000
      vertex 83.6971 119.6971 0.0000
      vertex 91.0294 124.5495 0.0000
    endloop
  endfacet
  facet normal -0.000000 0.000000 -1.000000
    outer loop
      vertex -27.9282 28.0000 0.0000
      vertex -28.1750 27.5383 0.0000
      vertex -81.0816 115.7827 0.0000
    endloop
  endfacet
  facet normal 0.000000 0.000000 -1.000000
    outer loop
      vertex -95.0000 -84.0000 0.0000
      vertex -27.0147 -29.2748 0.0000
      vertex -26.6569 -29.6569 0.0000
    endloop
  endfacet
  facet normal 0.000000 0.000000 -1.000000
    outer loop
      vertex 82.1214 -99.6926 0.0000
      vertex 84.2173 -88.9184 0.0000
      vertex 84.4000 -88.0000 0.0000
    endloop
  endfacet
  facet normal 0.000000 0.000000 -1.000000
    outer loop
      vertex 84.4000 118.0000 0.0000
      vertex 84.2173 118.9184 0.0000
      vertex 91.0294 124.5495 0.0000
    endloop
  endfacet
  facet normal -0.000000 0.000000 -1.000000
    outer loop
      vertex -27.6518 28.4446 0.0000
      vertex -27.9282 28.0000 0.0000
      vertex -81.0816 115.7827 0.0000
    endloop
  endfacet
  facet normal 0.000000 0.000000 -1.000000
    outer loop
      vertex -95.0000 -84.0000 0.0000
      vertex -26.6569 -29.6569 0.0000
      vertex -26.2748 -30.0147 0.0000
    endloop
  endfacet
  facet normal -0.000000 0.000000 -1.000000
    outer loop
      vertex 94.1509 -89.1430 0.0000
      vertex 82.1214 -99.6926 0.0000
      vertex 84.4000 -88.0000 0.0000
    endloop
  endfacet
  facet normal 0.000000 0.000000 -1.000000
    outer loop
      vertex 84.4000 118.0000 0.0000
      vertex 91.0294 124.5495 0.0000
      vertex 94.1509 -89.1430 0.0000
    endloop
  endfacet
  facet normal -0.000000 0.000000 -1.000000
    outer loop
      vertex -27.3468 28.8701 0.0000
      vertex -27.6518 28.4446 0.0000
      vertex -81.0816 115.7827 0.0000
    endloop
  endfacet
  facet normal 0.000000 0.000000 -1.000000
    outer loop
      vertex -95.0000 -84.0000 0.0000
      vertex -26.2748 -30.0147 0.0000
      vertex -25.8701 -30.3468 0.0000
    endloop
  endfacet
  facet normal 0.000000 0.000000 -1.000000
    outer loop
      vertex 94.1509 -89.1430 0.0000
      vertex 84.4000 -88.0000 0.0000
      vertex 84.2173 -87.0816 0.0000
    endloop
  endfacet
  facet normal 0.000000 0.000000 -1.000000
    outer loop
      vertex 84.2173 117.0816 0.0000
      vertex 84.4000 118.0000 0.0000
      vertex 94.1509 -89.1430 0.0000
    endloop
  endfacet
  facet normal -0.000000 0.000000 -1.000000
    outer loop
      vertex -27.0147 29.2748 0.0000
      vertex -27.3468 28.8701 0.0000
      vertex -81.0816 115.7827 0.0000
    endloop
  endfacet
  facet normal 0.000000 0.000000 -1.000000
    outer loop
      vertex -95.0000 -84.0000 0.0000
      vertex -25.8701 -30.3468 0.0000
      vertex -25.4446 -30.6518 0.0000
    endloop
  endfacet
  facet normal 0.000000 0.000000 -1.000000
    outer loop
      vertex 94.1509 -89.1430 0.0000
      vertex 84.2173 -87.0816 0.0000
      vertex 83.6971 -86.3029 0.0000
    endloop
  endfacet
  facet normal 0.000000 0.000000 -1.000000
    outer loop
      vertex 83.6971 116.3029 0.0000
      vertex 84.2173 117.0816 0.0000
      vertex 94.1509 -89.1430 0.0000
    endloop
  endfacet
  facet normal -0.000000 0.000000 -1.000000
    outer loop
      vertex -26.6569 29.6569 0.0000
      vertex -27.0147 29.2748 0.0000
      vertex -81.0816 115.7827 0.0000
    endloop
  endfacet
  facet normal 0.000000 0.000000 -1.000000
    outer loop
      vertex -95.0000 -84.0000 0.0000
      vertex -25.4446 -30.6518 0.0000
      vertex -25.0000 -30.9282 0.0000
    endloop
  endfacet
  facet normal 0.000000 0.000000 -1.000000
    outer loop
      vertex 94.1509 -89.1430 0.0000
      vertex 83.6971 -86.3029 0.0000
      vertex 82.9184 -85.7827 0.0000
    endloop
  endfacet
  facet normal 0.000000 0.000000 -1.000000
    outer loop
      vertex 82.9184 115.7827 0.0000
      vertex 83.6971 116.3029 0.0000
      vertex 94.1509 -89.1430 0.0000
    endloop
  endfacet
  facet normal -0.000000 0.000000 -1.000000
    outer loop
      vertex -26.2748 30.0147 0.0000
      vertex -26.6569 29.6569 0.0000
      vertex -81.0816 115.7827 0.0000
    endloop
  endfacet
  facet normal 0.000000 0.000000 -1.000000
    outer loop
      vertex -95.0000 -84.0000 0.0000
      vertex -25.0000 -30.9282 0.0000
      vertex -24.5383 -31.1750 0.0000
    endloop
  endfacet
  facet normal 0.000000 0.000000 -1.000000
    outer loop
      vertex 82.9184 115.7827 0.0000
      vertex 94.1509 -89.1430 0.0000
      vertex 82.9184 -85.7827 0.0000
    endloop
  endfacet
  facet normal -0.000000 0.000000 -1.000000
    outer loop
      vertex -25.8701 30.3468 0.0000
      vertex -26.2748 30.0147 0.0000
      vertex -81.0816 115.7827 0.0000
    endloop
  endfacet
  facet normal 0.000000 0.000000 -1.000000
    outer loop
      vertex -95.0000 -84.0000 0.0000
      vertex -24.5383 -31.1750 0.0000
      vertex -24.0615 -31.3910 0.0000
    endloop
  endfacet
  facet normal 0.000000 -0.000000 -1.000000
    outer loop
      vertex 82.9184 115.7827 0.0000
      vertex 82.9184 -85.7827 0.0000
      vertex 82.0000 -85.6000 0.0000
    endloop
  endfacet
  facet normal 0.000000 0.000000 -1.000000
    outer loop
      vertex -25.8701 30.3468 0.0000
      vertex -81.0816 115.7827 0.0000
      vertex 82.0000 115.6000 0.0000
    endloop
  endfacet
  facet normal 0.000000 0.000000 -1.000000
    outer loop
      vertex -95.0000 -84.0000 0.0000
      vertex -24.0615 -31.3910 0.0000
      vertex -23.5715 -31.5754 0.0000
    endloop
  endfacet
  facet normal 0.000000 0.000000 -1.000000
    outer loop
      vertex 82.0000 115.6000 0.0000
      vertex 82.9184 115.7827 0.0000
      vertex 82.0000 -85.6000 0.0000
    endloop
  endfacet
  facet normal -0.000000 0.000000 -1.000000
    outer loop
      vertex -25.4446 30.6518 0.0000
      vertex -25.8701 30.3468 0.0000
      vertex 82.0000 115.6000 0.0000
    endloop
  endfacet
  facet normal 0.000000 0.000000 -1.000000
    outer loop
      vertex -95.0000 -84.0000 0.0000
      vertex -23.5715 -31.5754 0.0000
      vertex -23.0706 -31.7274 0.0000
    endloop
  endfacet
  facet normal -0.000000 0.000000 -1.000000
    outer loop
      vertex -25.0000 30.9282 0.0000
      vertex -25.4446 30.6518 0.0000
      vertex 82.0000 115.6000 0.0000
    endloop
  endfacet
  facet normal 0.000000 0.000000 -1.000000
    outer loop
      vertex -95.0000 -84.0000 0.0000
      vertex -23.0706 -31.7274 0.0000
      vertex -22.5607 -31.8463 0.0000
    endloop
  endfacet
  facet normal -0.000000 0.000000 -1.000000
    outer loop
      vertex -24.5383 31.1750 0.0000
      vertex -25.0000 30.9282 0.0000
      vertex 82.0000 115.6000 0.0000
    endloop
  endfacet
  facet normal 0.000000 0.000000 -1.000000
    outer loop
      vertex -95.0000 -84.0000 0.0000
      vertex -22.5607 -31.8463 0.0000
      vertex -22.0442 -31.9316 0.0000
    endloop
  endfacet
  facet normal -0.000000 0.000000 -1.000000
    outer loop
      vertex -24.0615 31.3910 0.0000
      vertex -24.5383 31.1750 0.0000
      vertex 82.0000 115.6000 0.0000
    endloop
  endfacet
  facet normal 0.000000 0.000000 -1.000000
    outer loop
      vertex -95.0000 -84.0000 0.0000
      vertex -22.0442 -31.9316 0.0000
      vertex -21.5232 -31.9829 0.0000
    endloop
  endfacet
  facet normal -0.000000 0.000000 -1.000000
    outer loop
      vertex -23.5715 31.5754 0.0000
      vertex -24.0615 31.3910 0.0000
      vertex 82.0000 115.6000 0.0000
    endloop
  endfacet
  facet normal 0.000000 0.000000 -1.000000
    outer loop
      vertex -95.0000 -84.0000 0.0000
      vertex -21.5232 -31.9829 0.0000
      vertex 21.0000 -32.0000 0.0000
    endloop
  endfacet
  facet normal -0.000000 0.000000 -1.000000
    outer loop
      vertex -23.0706 31.7274 0.0000
      vertex -23.5715 31.5754 0.0000
      vertex 82.0000 115.6000 0.0000
    endloop
  endfacet
  facet normal 0.000000 0.000000 -1.000000
    outer loop
      vertex -95.0000 -84.0000 0.0000
      vertex 21.0000 -32.0000 0.0000
      vertex 21.5232 -31.9829 0.0000
    endloop
  endfacet
  facet normal -0.000000 0.000000 -1.000000
    outer loop
      vertex -22.5607 31.8463 0.0000
      vertex -23.0706 31.7274 0.0000
      vertex 82.0000 115.6000 0.0000
    endloop
  endfacet
  facet normal 0.000000 0.000000 -1.000000
    outer loop
      vertex -95.0000 -84.0000 0.0000
      vertex 21.5232 -31.9829 0.0000
      vertex 22.0442 -31.9316 0.0000
    endloop
  endfacet
  facet normal -0.000000 0.000000 -1.000000
    outer loop
      vertex -22.0442 31.9316 0.0000
      vertex -22.5607 31.8463 0.0000
      vertex 82.0000 115.6000 0.0000
    endloop
  endfacet
  facet normal 0.000000 0.000000 -1.000000
    outer loop
      vertex -95.0000 -84.0000 0.0000
      vertex 22.0442 -31.9316 0.0000
      vertex 22.5607 -31.8463 0.0000
    endloop
  endfacet
  facet normal -0.000000 0.000000 -1.000000
    outer loop
      vertex -21.5232 31.9829 0.0000
      vertex -22.0442 31.9316 0.0000
      vertex 82.0000 115.6000 0.0000
    endloop
  endfacet
  facet normal 0.000000 0.000000 -1.000000
    outer loop
      vertex -95.0000 -84.0000 0.0000
      vertex 22.5607 -31.8463 0.0000
      vertex 23.0706 -31.7274 0.0000
    endloop
  endfacet
  facet normal -0.000000 0.000000 -1.000000
    outer loop
      vertex -21.0000 32.0000 0.0000
      vertex -21.5232 31.9829 0.0000
      vertex 82.0000 115.6000 0.0000
    endloop
  endfacet
  facet normal 0.000000 0.000000 -1.000000
    outer loop
      vertex -95.0000 -84.0000 0.0000
      vertex 23.0706 -31.7274 0.0000
      vertex 23.5715 -31.5754 0.0000
    endloop
  endfacet
  facet normal 0.000000 0.000000 -1.000000
    outer loop
      vertex 21.5232 31.9829 0.0000
      vertex -21.0000 32.0000 0.0000
      vertex 82.0000 115.6000 0.0000
    endloop
  endfacet
  facet normal 0.000000 0.000000 -1.000000
    outer loop
      vertex -95.0000 -84.0000 0.0000
      vertex 23.5715 -31.5754 0.0000
      vertex 24.0615 -31.3910 0.0000
    endloop
  endfacet
  facet normal 0.000000 0.000000 -1.000000
    outer loop
      vertex 22.0442 31.9316 0.0000
      vertex 21.5232 31.9829 0.0000
      vertex 82.0000 115.6000 0.0000
    endloop
  endfacet
  facet normal 0.000000 0.000000 -1.000000
    outer loop
      vertex 82.0000 -85.6000 0.0000
      vertex -95.0000 -84.0000 0.0000
      vertex 24.0615 -31.3910 0.0000
    endloop
  endfacet
  facet normal 0.000000 0.000000 -1.000000
    outer loop
      vertex 22.5607 31.8463 0.0000
      vertex 22.0442 31.9316 0.0000
      vertex 82.0000 115.6000 0.0000
    endloop
  endfacet
  facet normal 0.000000 0.000000 -1.000000
    outer loop
      vertex 82.0000 -85.6000 0.0000
      vertex 24.0615 -31.3910 0.0000
      vertex 24.5383 -31.1750 0.0000
    endloop
  endfacet
  facet normal 0.000000 0.000000 -1.000000
    outer loop
      vertex 23.0706 31.7274 0.0000
      vertex 22.5607 31.8463 0.0000
      vertex 82.0000 115.6000 0.0000
    endloop
  endfacet
  facet normal 0.000000 0.000000 -1.000000
    outer loop
      vertex 82.0000 -85.6000 0.0000
      vertex 24.5383 -31.1750 0.0000
      vertex 25.0000 -30.9282 0.0000
    endloop
  endfacet
  facet normal 0.000000 0.000000 -1.000000
    outer loop
      vertex 23.5715 31.5754 0.0000
      vertex 23.0706 31.7274 0.0000
      vertex 82.0000 115.6000 0.0000
    endloop
  endfacet
  facet normal 0.000000 0.000000 -1.000000
    outer loop
      vertex 82.0000 -85.6000 0.0000
      vertex 25.0000 -30.9282 0.0000
      vertex 25.4446 -30.6518 0.0000
    endloop
  endfacet
  facet normal 0.000000 0.000000 -1.000000
    outer loop
      vertex 24.0615 31.3910 0.0000
      vertex 23.5715 31.5754 0.0000
      vertex 82.0000 115.6000 0.0000
    endloop
  endfacet
  facet normal 0.000000 0.000000 -1.000000
    outer loop
      vertex 82.0000 -85.6000 0.0000
      vertex 25.4446 -30.6518 0.0000
      vertex 25.8701 -30.3468 0.0000
    endloop
  endfacet
  facet normal 0.000000 0.000000 -1.000000
    outer loop
      vertex 24.5383 31.1750 0.0000
      vertex 24.0615 31.3910 0.0000
      vertex 82.0000 115.6000 0.0000
    endloop
  endfacet
  facet normal 0.000000 0.000000 -1.000000
    outer loop
      vertex 82.0000 -85.6000 0.0000
      vertex 25.8701 -30.3468 0.0000
      vertex 26.2748 -30.0147 0.0000
    endloop
  endfacet
  facet normal 0.000000 0.000000 -1.000000
    outer loop
      vertex 25.0000 30.9282 0.0000
      vertex 24.5383 31.1750 0.0000
      vertex 82.0000 115.6000 0.0000
    endloop
  endfacet
  facet normal 0.000000 0.000000 -1.000000
    outer loop
      vertex 82.0000 -85.6000 0.0000
      vertex 26.2748 -30.0147 0.0000
      vertex 26.6569 -29.6569 0.0000
    endloop
  endfacet
  facet normal 0.000000 0.000000 -1.000000
    outer loop
      vertex 25.4446 30.6518 0.0000
      vertex 25.0000 30.9282 0.0000
      vertex 82.0000 115.6000 0.0000
    endloop
  endfacet
  facet normal 0.000000 0.000000 -1.000000
    outer loop
      vertex 82.0000 -85.6000 0.0000
      vertex 26.6569 -29.6569 0.0000
      vertex 27.0147 -29.2748 0.0000
    endloop
  endfacet
  facet normal 0.000000 0.000000 -1.000000
    outer loop
      vertex 25.8701 30.3468 0.0000
      vertex 25.4446 30.6518 0.0000
      vertex 82.0000 115.6000 0.0000
    endloop
  endfacet
  facet normal 0.000000 0.000000 -1.000000
    outer loop
      vertex 82.0000 -85.6000 0.0000
      vertex 27.0147 -29.2748 0.0000
      vertex 27.3468 -28.8701 0.0000
    endloop
  endfacet
  facet normal 0.000000 0.000000 -1.000000
    outer loop
      vertex 26.2748 30.0147 0.0000
      vertex 25.8701 30.3468 0.0000
      vertex 82.0000 115.6000 0.0000
    endloop
  endfacet
  facet normal 0.000000 0.000000 -1.000000
    outer loop
      vertex 82.0000 -85.6000 0.0000
      vertex 27.3468 -28.8701 0.0000
      vertex 27.6518 -28.4446 0.0000
    endloop
  endfacet
  facet normal 0.000000 0.000000 -1.000000
    outer loop
      vertex 26.6569 29.6569 0.0000
      vertex 26.2748 30.0147 0.0000
      vertex 82.0000 115.6000 0.0000
    endloop
  endfacet
  facet normal 0.000000 0.000000 -1.000000
    outer loop
      vertex 82.0000 -85.6000 0.0000
      vertex 27.6518 -28.4446 0.0000
      vertex 27.9282 -28.0000 0.0000
    endloop
  endfacet
  facet normal 0.000000 0.000000 -1.000000
    outer loop
      vertex 27.0147 29.2748 0.0000
      vertex 26.6569 29.6569 0.0000
      vertex 82.0000 115.6000 0.0000
    endloop
  endfacet
  facet normal 0.000000 0.000000 -1.000000
    outer loop
      vertex 82.0000 -85.6000 0.0000
      vertex 27.9282 -28.0000 0.0000
      vertex 28.1750 -27.5383 0.0000
    endloop
  endfacet
  facet normal 0.000000 0.000000 -1.000000
    outer loop
      vertex 27.3468 28.8701 0.0000
      vertex 27.0147 29.2748 0.0000
      vertex 82.0000 115.6000 0.0000
    endloop
  endfacet
  facet normal 0.000000 0.000000 -1.000000
    outer loop
      vertex 82.0000 -85.6000 0.0000
      vertex 28.1750 -27.5383 0.0000
      vertex 28.3910 -27.0615 0.0000
    endloop
  endfacet
  facet normal 0.000000 0.000000 -1.000000
    outer loop
      vertex 27.6518 28.4446 0.0000
      vertex 27.3468 28.8701 0.0000
      vertex 82.0000 115.6000 0.0000
    endloop
  endfacet
  facet normal 0.000000 0.000000 -1.000000
    outer loop
      vertex 82.0000 -85.6000 0.0000
      vertex 28.3910 -27.0615 0.0000
      vertex 28.5754 -26.5715 0.0000
    endloop
  endfacet
  facet normal 0.000000 0.000000 -1.000000
    outer loop
      vertex 27.9282 28.0000 0.0000
      vertex 27.6518 28.4446 0.0000
      vertex 82.0000 115.6000 0.0000
    endloop
  endfacet
  facet normal 0.000000 0.000000 -1.000000
    outer loop
      vertex 82.0000 -85.6000 0.0000
      vertex 28.5754 -26.5715 0.0000
      vertex 28.7274 -26.0706 0.0000
    endloop
  endfacet
  facet normal 0.000000 0.000000 -1.000000
    outer loop
      vertex 28.1750 27.5383 0.0000
      vertex 27.9282 28.0000 0.0000
      vertex 82.0000 115.6000 0.0000
    endloop
  endfacet
  facet normal 0.000000 0.000000 -1.000000
    outer loop
      vertex 82.0000 -85.6000 0.0000
      vertex 28.7274 -26.0706 0.0000
      vertex 28.8463 -25.5607 0.0000
    endloop
  endfacet
  facet normal 0.000000 0.000000 -1.000000
    outer loop
      vertex 28.1750 27.5383 0.0000
      vertex 82.0000 115.6000 0.0000
      vertex 82.0000 -85.6000 0.0000
    endloop
  endfacet
  facet normal 0.000000 0.000000 -1.000000
    outer loop
      vertex 82.0000 -85.6000 0.0000
      vertex 28.8463 -25.5607 0.0000
      vertex 28.9316 -25.0442 0.0000
    endloop
  endfacet
  facet normal 0.000000 0.000000 -1.000000
    outer loop
      vertex 28.3910 27.0615 0.0000
      vertex 28.1750 27.5383 0.0000
      vertex 82.0000 -85.6000 0.0000
    endloop
  endfacet
  facet normal 0.000000 0.000000 -1.000000
    outer loop
      vertex 82.0000 -85.6000 0.0000
      vertex 28.9316 -25.0442 0.0000
      vertex 28.9829 -24.5232 0.0000
    endloop
  endfacet
  facet normal 0.000000 0.000000 -1.000000
    outer loop
      vertex 28.5754 26.5715 0.0000
      vertex 28.3910 27.0615 0.0000
      vertex 82.0000 -85.6000 0.0000
    endloop
  endfacet
  facet normal 0.000000 0.000000 -1.000000
    outer loop
      vertex 82.0000 -85.6000 0.0000
      vertex 28.9829 -24.5232 0.0000
      vertex 29.0000 24.0000 0.0000
    endloop
  endfacet
  facet normal 0.000000 0.000000 -1.000000
    outer loop
      vertex 28.7274 26.0706 0.0000
      vertex 28.5754 26.5715 0.0000
      vertex 82.0000 -85.6000 0.0000
    endloop
  endfacet
  facet normal 0.000000 0.000000 -1.000000
    outer loop
      vertex 82.0000 -85.6000 0.0000
      vertex 29.0000 24.0000 0.0000
      vertex 28.9829 24.5232 0.0000
    endloop
  endfacet
  facet normal 0.000000 0.000000 -1.000000
    outer loop
      vertex 28.8463 25.5607 0.0000
      vertex 28.7274 26.0706 0.0000
      vertex 82.0000 -85.6000 0.0000
    endloop
  endfacet
  facet normal 0.000000 0.000000 -1.000000
    outer loop
      vertex 82.0000 -85.6000 0.0000
      vertex 28.9829 24.5232 0.0000
      vertex 28.9316 25.0442 0.0000
    endloop
  endfacet
  facet normal 0.000000 0.000000 -1.000000
    outer loop
      vertex 28.9316 25.0442 0.0000
      vertex 28.8463 25.5607 0.0000
      vertex 82.0000 -85.6000 0.0000
    endloop
  endfacet
  facet normal 0.032719 -0.999465 0.000000
    outer loop
      vertex 79.0000 -100.0000 0.0000
      vertex 80.0465 -99.9657 0.0000
      vertex 80.0465 -99.9657 5.5000
    endloop
  endfacet
  facet normal 0.032719 -0.999465 0.000000
    outer loop
      vertex 79.0000 -100.0000 0.0000
      vertex 80.0465 -99.9657 5.5000
      vertex 79.0000 -100.0000 5.5000
    endloop
  endfacet
  facet normal 0.098017 -0.995185 0.000000
    outer loop
      vertex 80.0465 -99.9657 0.0000
      vertex 81.0884 -99.8631 0.0000
      vertex 81.0884 -99.8631 5.5000
    endloop
  endfacet
  facet normal 0.098017 -0.995185 0.000000
    outer loop
      vertex 80.0465 -99.9657 0.0000
      vertex 81.0884 -99.8631 5.5000
      vertex 80.0465 -99.9657 5.5000
    endloop
  endfacet
  facet normal 0.162895 -0.986643 0.000000
    outer loop
      vertex 81.0884 -99.8631 0.0000
      vertex 82.1214 -99.6926 0.0000
      vertex 82.1214 -99.6926 5.5000
    endloop
  endfacet
  facet normal 0.162895 -0.986643 0.000000
    outer loop
      vertex 81.0884 -99.8631 0.0000
      vertex 82.1214 -99.6926 5.5000
      vertex 81.0884 -99.8631 5.5000
    endloop
  endfacet
  facet normal 0.227076 -0.973877 0.000000
    outer loop
      vertex 82.1214 -99.6926 0.0000
      vertex 83.1411 -99.4548 0.0000
      vertex 83.1411 -99.4548 5.5000
    endloop
  endfacet
  facet normal 0.227076 -0.973877 0.000000
    outer loop
      vertex 82.1214 -99.6926 0.0000
      vertex 83.1411 -99.4548 5.5000
      vertex 82.1214 -99.6926 5.5000
    endloop
  endfacet
  facet normal 0.290285 -0.956940 0.000000
    outer loop
      vertex 83.1411 -99.4548 0.0000
      vertex 84.1430 -99.1509 0.0000
      vertex 84.1430 -99.1509 5.5000
    endloop
  endfacet
  facet normal 0.290285 -0.956940 0.000000
    outer loop
      vertex 83.1411 -99.4548 0.0000
      vertex 84.1430 -99.1509 5.5000
      vertex 83.1411 -99.4548 5.5000
    endloop
  endfacet
  facet normal 0.352250 -0.935906 0.000000
    outer loop
      vertex 84.1430 -99.1509 0.0000
      vertex 85.1229 -98.7821 0.0000
      vertex 85.1229 -98.7821 5.5000
    endloop
  endfacet
  facet normal 0.352250 -0.935906 0.000000
    outer loop
      vertex 84.1430 -99.1509 0.0000
      vertex 85.1229 -98.7821 5.5000
      vertex 84.1430 -99.1509 5.5000
    endloop
  endfacet
  facet normal 0.412707 -0.910864 0.000000
    outer loop
      vertex 85.1229 -98.7821 0.0000
      vertex 86.0766 -98.3500 0.0000
      vertex 86.0766 -98.3500 5.5000
    endloop
  endfacet
  facet normal 0.412707 -0.910864 0.000000
    outer loop
      vertex 85.1229 -98.7821 0.0000
      vertex 86.0766 -98.3500 5.5000
      vertex 85.1229 -98.7821 5.5000
    endloop
  endfacet
  facet normal 0.471397 -0.881921 0.000000
    outer loop
      vertex 86.0766 -98.3500 0.0000
      vertex 87.0000 -97.8564 0.0000
      vertex 87.0000 -97.8564 5.5000
    endloop
  endfacet
  facet normal 0.471397 -0.881921 0.000000
    outer loop
      vertex 86.0766 -98.3500 0.0000
      vertex 87.0000 -97.8564 5.5000
      vertex 86.0766 -98.3500 5.5000
    endloop
  endfacet
  facet normal 0.528068 -0.849202 0.000000
    outer loop
      vertex 87.0000 -97.8564 0.0000
      vertex 87.8891 -97.3035 0.0000
      vertex 87.8891 -97.3035 5.5000
    endloop
  endfacet
  facet normal 0.528068 -0.849202 0.000000
    outer loop
      vertex 87.0000 -97.8564 0.0000
      vertex 87.8891 -97.3035 5.5000
      vertex 87.0000 -97.8564 5.5000
    endloop
  endfacet
  facet normal 0.582478 -0.812847 0.000000
    outer loop
      vertex 87.8891 -97.3035 0.0000
      vertex 88.7402 -96.6937 0.0000
      vertex 88.7402 -96.6937 5.5000
    endloop
  endfacet
  facet normal 0.582478 -0.812847 0.000000
    outer loop
      vertex 87.8891 -97.3035 0.0000
      vertex 88.7402 -96.6937 5.5000
      vertex 87.8891 -97.3035 5.5000
    endloop
  endfacet
  facet normal 0.634393 -0.773010 0.000000
    outer loop
      vertex 88.7402 -96.6937 0.0000
      vertex 89.5495 -96.0294 0.0000
      vertex 89.5495 -96.0294 5.5000
    endloop
  endfacet
  facet normal 0.634393 -0.773010 0.000000
    outer loop
      vertex 88.7402 -96.6937 0.0000
      vertex 89.5495 -96.0294 5.5000
      vertex 88.7402 -96.6937 5.5000
    endloop
  endfacet
  facet normal 0.683592 -0.729864 0.000000
    outer loop
      vertex 89.5495 -96.0294 0.0000
      vertex 90.3137 -95.3137 0.0000
      vertex 90.3137 -95.3137 5.5000
    endloop
  endfacet
  facet normal 0.683592 -0.729864 0.000000
    outer loop
      vertex 89.5495 -96.0294 0.0000
      vertex 90.3137 -95.3137 5.5000
      vertex 89.5495 -96.0294 5.5000
    endloop
  endfacet
  facet normal 0.729864 -0.683592 0.000000
    outer loop
      vertex 90.3137 -95.3137 0.0000
      vertex 91.0294 -94.5495 0.0000
      vertex 91.0294 -94.5495 5.5000
    endloop
  endfacet
  facet normal 0.729864 -0.683592 0.000000
    outer loop
      vertex 90.3137 -95.3137 0.0000
      vertex 91.0294 -94.5495 5.5000
      vertex 90.3137 -95.3137 5.5000
    endloop
  endfacet
  facet normal 0.773010 -0.634393 0.000000
    outer loop
      vertex 91.0294 -94.5495 0.0000
      vertex 91.6937 -93.7402 0.0000
      vertex 91.6937 -93.7402 5.5000
    endloop
  endfacet
  facet normal 0.773010 -0.634393 0.000000
    outer loop
      vertex 91.0294 -94.5495 0.0000
      vertex 91.6937 -93.7402 5.5000
      vertex 91.0294 -94.5495 5.5000
    endloop
  endfacet
  facet normal 0.812847 -0.582478 0.000000
    outer loop
      vertex 91.6937 -93.7402 0.0000
      vertex 92.3035 -92.8891 0.0000
      vertex 92.3035 -92.8891 5.5000
    endloop
  endfacet
  facet normal 0.812847 -0.582478 0.000000
    outer loop
      vertex 91.6937 -93.7402 0.0000
      vertex 92.3035 -92.8891 5.5000
      vertex 91.6937 -93.7402 5.5000
    endloop
  endfacet
  facet normal 0.849202 -0.528068 0.000000
    outer loop
      vertex 92.3035 -92.8891 0.0000
      vertex 92.8564 -92.0000 0.0000
      vertex 92.8564 -92.0000 5.5000
    endloop
  endfacet
  facet normal 0.849202 -0.528068 0.000000
    outer loop
      vertex 92.3035 -92.8891 0.0000
      vertex 92.8564 -92.0000 5.5000
      vertex 92.3035 -92.8891 5.5000
    endloop
  endfacet
  facet normal 0.881921 -0.471397 0.000000
    outer loop
      vertex 92.8564 -92.0000 0.0000
      vertex 93.3500 -91.0766 0.0000
      vertex 93.3500 -91.0766 5.5000
    endloop
  endfacet
  facet normal 0.881921 -0.471397 0.000000
    outer loop
      vertex 92.8564 -92.0000 0.0000
      vertex 93.3500 -91.0766 5.5000
      vertex 92.8564 -92.0000 5.5000
    endloop
  endfacet
  facet normal 0.910864 -0.412707 0.000000
    outer loop
      vertex 93.3500 -91.0766 0.0000
      vertex 93.7821 -90.1229 0.0000
      vertex 93.7821 -90.1229 5.5000
    endloop
  endfacet
  facet normal 0.910864 -0.412707 0.000000
    outer loop
      vertex 93.3500 -91.0766 0.0000
      vertex 93.7821 -90.1229 5.5000
      vertex 93.3500 -91.0766 5.5000
    endloop
  endfacet
  facet normal 0.935906 -0.352250 0.000000
    outer loop
      vertex 93.7821 -90.1229 0.0000
      vertex 94.1509 -89.1430 0.0000
      vertex 94.1509 -89.1430 5.5000
    endloop
  endfacet
  facet normal 0.935906 -0.352250 0.000000
    outer loop
      vertex 93.7821 -90.1229 0.0000
      vertex 94.1509 -89.1430 5.5000
      vertex 93.7821 -90.1229 5.5000
    endloop
  endfacet
  facet normal 0.956940 -0.290285 0.000000
    outer loop
      vertex 94.1509 -89.1430 0.0000
      vertex 94.4548 -88.1411 0.0000
      vertex 94.4548 -88.1411 5.5000
    endloop
  endfacet
  facet normal 0.956940 -0.290285 0.000000
    outer loop
      vertex 94.1509 -89.1430 0.0000
      vertex 94.4548 -88.1411 5.5000
      vertex 94.1509 -89.1430 5.5000
    endloop
  endfacet
  facet normal 0.973877 -0.227076 0.000000
    outer loop
      vertex 94.4548 -88.1411 0.0000
      vertex 94.6926 -87.1214 0.0000
      vertex 94.6926 -87.1214 5.5000
    endloop
  endfacet
  facet normal 0.973877 -0.227076 0.000000
    outer loop
      vertex 94.4548 -88.1411 0.0000
      vertex 94.6926 -87.1214 5.5000
      vertex 94.4548 -88.1411 5.5000
    endloop
  endfacet
  facet normal 0.986643 -0.162895 0.000000
    outer loop
      vertex 94.6926 -87.1214 0.0000
      vertex 94.8631 -86.0884 0.0000
      vertex 94.8631 -86.0884 5.5000
    endloop
  endfacet
  facet normal 0.986643 -0.162895 0.000000
    outer loop
      vertex 94.6926 -87.1214 0.0000
      vertex 94.8631 -86.0884 5.5000
      vertex 94.6926 -87.1214 5.5000
    endloop
  endfacet
  facet normal 0.995185 -0.098017 0.000000
    outer loop
      vertex 94.8631 -86.0884 0.0000
      vertex 94.9657 -85.0465 0.0000
      vertex 94.9657 -85.0465 5.5000
    endloop
  endfacet
  facet normal 0.995185 -0.098017 0.000000
    outer loop
      vertex 94.8631 -86.0884 0.0000
      vertex 94.9657 -85.0465 5.5000
      vertex 94.8631 -86.0884 5.5000
    endloop
  endfacet
  facet normal 1.000000 -0.000172 0.000000
    outer loop
      vertex 94.9657 -85.0465 0.0000
      vertex 95.0000 114.0000 0.0000
      vertex 95.0000 114.0000 5.5000
    endloop
  endfacet
  facet normal 1.000000 -0.000172 0.000000
    outer loop
      vertex 94.9657 -85.0465 0.0000
      vertex 95.0000 114.0000 5.5000
      vertex 94.9657 -85.0465 5.5000
    endloop
  endfacet
  facet normal 0.999465 0.032719 0.000000
    outer loop
      vertex 95.0000 114.0000 0.0000
      vertex 94.9657 115.0465 0.0000
      vertex 94.9657 115.0465 5.5000
    endloop
  endfacet
  facet normal 0.999465 0.032719 -0.000000
    outer loop
      vertex 95.0000 114.0000 0.0000
      vertex 94.9657 115.0465 5.5000
      vertex 95.0000 114.0000 5.5000
    endloop
  endfacet
  facet normal 0.995185 0.098017 0.000000
    outer loop
      vertex 94.9657 115.0465 0.0000
      vertex 94.8631 116.0884 0.0000
      vertex 94.8631 116.0884 5.5000
    endloop
  endfacet
  facet normal 0.995185 0.098017 -0.000000
    outer loop
      vertex 94.9657 115.0465 0.0000
      vertex 94.8631 116.0884 5.5000
      vertex 94.9657 115.0465 5.5000
    endloop
  endfacet
  facet normal 0.986643 0.162895 0.000000
    outer loop
      vertex 94.8631 116.0884 0.0000
      vertex 94.6926 117.1214 0.0000
      vertex 94.6926 117.1214 5.5000
    endloop
  endfacet
  facet normal 0.986643 0.162895 -0.000000
    outer loop
      vertex 94.8631 116.0884 0.0000
      vertex 94.6926 117.1214 5.5000
      vertex 94.8631 116.0884 5.5000
    endloop
  endfacet
  facet normal 0.973877 0.227076 0.000000
    outer loop
      vertex 94.6926 117.1214 0.0000
      vertex 94.4548 118.1411 0.0000
      vertex 94.4548 118.1411 5.5000
    endloop
  endfacet
  facet normal 0.973877 0.227076 -0.000000
    outer loop
      vertex 94.6926 117.1214 0.0000
      vertex 94.4548 118.1411 5.5000
      vertex 94.6926 117.1214 5.5000
    endloop
  endfacet
  facet normal 0.956940 0.290285 0.000000
    outer loop
      vertex 94.4548 118.1411 0.0000
      vertex 94.1509 119.1430 0.0000
      vertex 94.1509 119.1430 5.5000
    endloop
  endfacet
  facet normal 0.956940 0.290285 -0.000000
    outer loop
      vertex 94.4548 118.1411 0.0000
      vertex 94.1509 119.1430 5.5000
      vertex 94.4548 118.1411 5.5000
    endloop
  endfacet
  facet normal 0.935906 0.352250 0.000000
    outer loop
      vertex 94.1509 119.1430 0.0000
      vertex 93.7821 120.1229 0.0000
      vertex 93.7821 120.1229 5.5000
    endloop
  endfacet
  facet normal 0.935906 0.352250 -0.000000
    outer loop
      vertex 94.1509 119.1430 0.0000
      vertex 93.7821 120.1229 5.5000
      vertex 94.1509 119.1430 5.5000
    endloop
  endfacet
  facet normal 0.910864 0.412707 0.000000
    outer loop
      vertex 93.7821 120.1229 0.0000
      vertex 93.3500 121.0766 0.0000
      vertex 93.3500 121.0766 5.5000
    endloop
  endfacet
  facet normal 0.910864 0.412707 -0.000000
    outer loop
      vertex 93.7821 120.1229 0.0000
      vertex 93.3500 121.0766 5.5000
      vertex 93.7821 120.1229 5.5000
    endloop
  endfacet
  facet normal 0.881921 0.471397 0.000000
    outer loop
      vertex 93.3500 121.0766 0.0000
      vertex 92.8564 122.0000 0.0000
      vertex 92.8564 122.0000 5.5000
    endloop
  endfacet
  facet normal 0.881921 0.471397 -0.000000
    outer loop
      vertex 93.3500 121.0766 0.0000
      vertex 92.8564 122.0000 5.5000
      vertex 93.3500 121.0766 5.5000
    endloop
  endfacet
  facet normal 0.849202 0.528068 0.000000
    outer loop
      vertex 92.8564 122.0000 0.0000
      vertex 92.3035 122.8891 0.0000
      vertex 92.3035 122.8891 5.5000
    endloop
  endfacet
  facet normal 0.849202 0.528068 -0.000000
    outer loop
      vertex 92.8564 122.0000 0.0000
      vertex 92.3035 122.8891 5.5000
      vertex 92.8564 122.0000 5.5000
    endloop
  endfacet
  facet normal 0.812847 0.582478 0.000000
    outer loop
      vertex 92.3035 122.8891 0.0000
      vertex 91.6937 123.7402 0.0000
      vertex 91.6937 123.7402 5.5000
    endloop
  endfacet
  facet normal 0.812847 0.582478 -0.000000
    outer loop
      vertex 92.3035 122.8891 0.0000
      vertex 91.6937 123.7402 5.5000
      vertex 92.3035 122.8891 5.5000
    endloop
  endfacet
  facet normal 0.773010 0.634393 0.000000
    outer loop
      vertex 91.6937 123.7402 0.0000
      vertex 91.0294 124.5495 0.0000
      vertex 91.0294 124.5495 5.5000
    endloop
  endfacet
  facet normal 0.773010 0.634393 -0.000000
    outer loop
      vertex 91.6937 123.7402 0.0000
      vertex 91.0294 124.5495 5.5000
      vertex 91.6937 123.7402 5.5000
    endloop
  endfacet
  facet normal 0.729864 0.683592 0.000000
    outer loop
      vertex 91.0294 124.5495 0.0000
      vertex 90.3137 125.3137 0.0000
      vertex 90.3137 125.3137 5.5000
    endloop
  endfacet
  facet normal 0.729864 0.683592 -0.000000
    outer loop
      vertex 91.0294 124.5495 0.0000
      vertex 90.3137 125.3137 5.5000
      vertex 91.0294 124.5495 5.5000
    endloop
  endfacet
  facet normal 0.683592 0.729864 0.000000
    outer loop
      vertex 90.3137 125.3137 0.0000
      vertex 89.5495 126.0294 0.0000
      vertex 89.5495 126.0294 5.5000
    endloop
  endfacet
  facet normal 0.683592 0.729864 -0.000000
    outer loop
      vertex 90.3137 125.3137 0.0000
      vertex 89.5495 126.0294 5.5000
      vertex 90.3137 125.3137 5.5000
    endloop
  endfacet
  facet normal 0.634393 0.773010 0.000000
    outer loop
      vertex 89.5495 126.0294 0.0000
      vertex 88.7402 126.6937 0.0000
      vertex 88.7402 126.6937 5.5000
    endloop
  endfacet
  facet normal 0.634393 0.773010 -0.000000
    outer loop
      vertex 89.5495 126.0294 0.0000
      vertex 88.7402 126.6937 5.5000
      vertex 89.5495 126.0294 5.5000
    endloop
  endfacet
  facet normal 0.582478 0.812847 0.000000
    outer loop
      vertex 88.7402 126.6937 0.0000
      vertex 87.8891 127.3035 0.0000
      vertex 87.8891 127.3035 5.5000
    endloop
  endfacet
  facet normal 0.582478 0.812847 -0.000000
    outer loop
      vertex 88.7402 126.6937 0.0000
      vertex 87.8891 127.3035 5.5000
      vertex 88.7402 126.6937 5.5000
    endloop
  endfacet
  facet normal 0.528068 0.849202 0.000000
    outer loop
      vertex 87.8891 127.3035 0.0000
      vertex 87.0000 127.8564 0.0000
      vertex 87.0000 127.8564 5.5000
    endloop
  endfacet
  facet normal 0.528068 0.849202 -0.000000
    outer loop
      vertex 87.8891 127.3035 0.0000
      vertex 87.0000 127.8564 5.5000
      vertex 87.8891 127.3035 5.5000
    endloop
  endfacet
  facet normal 0.471397 0.881921 0.000000
    outer loop
      vertex 87.0000 127.8564 0.0000
      vertex 86.0766 128.3500 0.0000
      vertex 86.0766 128.3500 5.5000
    endloop
  endfacet
  facet normal 0.471397 0.881921 -0.000000
    outer loop
      vertex 87.0000 127.8564 0.0000
      vertex 86.0766 128.3500 5.5000
      vertex 87.0000 127.8564 5.5000
    endloop
  endfacet
  facet normal 0.412707 0.910864 0.000000
    outer loop
      vertex 86.0766 128.3500 0.0000
      vertex 85.1229 128.7821 0.0000
      vertex 85.1229 128.7821 5.5000
    endloop
  endfacet
  facet normal 0.412707 0.910864 -0.000000
    outer loop
      vertex 86.0766 128.3500 0.0000
      vertex 85.1229 128.7821 5.5000
      vertex 86.0766 128.3500 5.5000
    endloop
  endfacet
  facet normal 0.352250 0.935906 0.000000
    outer loop
      vertex 85.1229 128.7821 0.0000
      vertex 84.1430 129.1509 0.0000
      vertex 84.1430 129.1509 5.5000
    endloop
  endfacet
  facet normal 0.352250 0.935906 -0.000000
    outer loop
      vertex 85.1229 128.7821 0.0000
      vertex 84.1430 129.1509 5.5000
      vertex 85.1229 128.7821 5.5000
    endloop
  endfacet
  facet normal 0.290285 0.956940 0.000000
    outer loop
      vertex 84.1430 129.1509 0.0000
      vertex 83.1411 129.4548 0.0000
      vertex 83.1411 129.4548 5.5000
    endloop
  endfacet
  facet normal 0.290285 0.956940 -0.000000
    outer loop
      vertex 84.1430 129.1509 0.0000
      vertex 83.1411 129.4548 5.5000
      vertex 84.1430 129.1509 5.5000
    endloop
  endfacet
  facet normal 0.227076 0.973877 0.000000
    outer loop
      vertex 83.1411 129.4548 0.0000
      vertex 82.1214 129.6926 0.0000
      vertex 82.1214 129.6926 5.5000
    endloop
  endfacet
  facet normal 0.227076 0.973877 -0.000000
    outer loop
      vertex 83.1411 129.4548 0.0000
      vertex 82.1214 129.6926 5.5000
      vertex 83.1411 129.4548 5.5000
    endloop
  endfacet
  facet normal 0.162895 0.986643 0.000000
    outer loop
      vertex 82.1214 129.6926 0.0000
      vertex 81.0884 129.8631 0.0000
      vertex 81.0884 129.8631 5.5000
    endloop
  endfacet
  facet normal 0.162895 0.986643 -0.000000
    outer loop
      vertex 82.1214 129.6926 0.0000
      vertex 81.0884 129.8631 5.5000
      vertex 82.1214 129.6926 5.5000
    endloop
  endfacet
  facet normal 0.098017 0.995185 0.000000
    outer loop
      vertex 81.0884 129.8631 0.0000
      vertex 80.0465 129.9657 0.0000
      vertex 80.0465 129.9657 5.5000
    endloop
  endfacet
  facet normal 0.098017 0.995185 -0.000000
    outer loop
      vertex 81.0884 129.8631 0.0000
      vertex 80.0465 129.9657 5.5000
      vertex 81.0884 129.8631 5.5000
    endloop
  endfacet
  facet normal 0.000215 1.000000 0.000000
    outer loop
      vertex 80.0465 129.9657 0.0000
      vertex -79.0000 130.0000 0.0000
      vertex -79.0000 130.0000 5.5000
    endloop
  endfacet
  facet normal 0.000215 1.000000 -0.000000
    outer loop
      vertex 80.0465 129.9657 0.0000
      vertex -79.0000 130.0000 5.5000
      vertex 80.0465 129.9657 5.5000
    endloop
  endfacet
  facet normal -0.032719 0.999465 0.000000
    outer loop
      vertex -79.0000 130.0000 0.0000
      vertex -80.0465 129.9657 0.0000
      vertex -80.0465 129.9657 5.5000
    endloop
  endfacet
  facet normal -0.032719 0.999465 0.000000
    outer loop
      vertex -79.0000 130.0000 0.0000
      vertex -80.0465 129.9657 5.5000
      vertex -79.0000 130.0000 5.5000
    endloop
  endfacet
  facet normal -0.098017 0.995185 0.000000
    outer loop
      vertex -80.0465 129.9657 0.0000
      vertex -81.0884 129.8631 0.0000
      vertex -81.0884 129.8631 5.5000
    endloop
  endfacet
  facet normal -0.098017 0.995185 0.000000
    outer loop
      vertex -80.0465 129.9657 0.0000
      vertex -81.0884 129.8631 5.5000
      vertex -80.0465 129.9657 5.5000
    endloop
  endfacet
  facet normal -0.162895 0.986643 0.000000
    outer loop
      vertex -81.0884 129.8631 0.0000
      vertex -82.1214 129.6926 0.0000
      vertex -82.1214 129.6926 5.5000
    endloop
  endfacet
  facet normal -0.162895 0.986643 0.000000
    outer loop
      vertex -81.0884 129.8631 0.0000
      vertex -82.1214 129.6926 5.5000
      vertex -81.0884 129.8631 5.5000
    endloop
  endfacet
  facet normal -0.227076 0.973877 0.000000
    outer loop
      vertex -82.1214 129.6926 0.0000
      vertex -83.1411 129.4548 0.0000
      vertex -83.1411 129.4548 5.5000
    endloop
  endfacet
  facet normal -0.227076 0.973877 0.000000
    outer loop
      vertex -82.1214 129.6926 0.0000
      vertex -83.1411 129.4548 5.5000
      vertex -82.1214 129.6926 5.5000
    endloop
  endfacet
  facet normal -0.290285 0.956940 0.000000
    outer loop
      vertex -83.1411 129.4548 0.0000
      vertex -84.1430 129.1509 0.0000
      vertex -84.1430 129.1509 5.5000
    endloop
  endfacet
  facet normal -0.290285 0.956940 0.000000
    outer loop
      vertex -83.1411 129.4548 0.0000
      vertex -84.1430 129.1509 5.5000
      vertex -83.1411 129.4548 5.5000
    endloop
  endfacet
  facet normal -0.352250 0.935906 0.000000
    outer loop
      vertex -84.1430 129.1509 0.0000
      vertex -85.1229 128.7821 0.0000
      vertex -85.1229 128.7821 5.5000
    endloop
  endfacet
  facet normal -0.352250 0.935906 0.000000
    outer loop
      vertex -84.1430 129.1509 0.0000
      vertex -85.1229 128.7821 5.5000
      vertex -84.1430 129.1509 5.5000
    endloop
  endfacet
  facet normal -0.412707 0.910864 0.000000
    outer loop
      vertex -85.1229 128.7821 0.0000
      vertex -86.0766 128.3500 0.0000
      vertex -86.0766 128.3500 5.5000
    endloop
  endfacet
  facet normal -0.412707 0.910864 0.000000
    outer loop
      vertex -85.1229 128.7821 0.0000
      vertex -86.0766 128.3500 5.5000
      vertex -85.1229 128.7821 5.5000
    endloop
  endfacet
  facet normal -0.471397 0.881921 0.000000
    outer loop
      vertex -86.0766 128.3500 0.0000
      vertex -87.0000 127.8564 0.0000
      vertex -87.0000 127.8564 5.5000
    endloop
  endfacet
  facet normal -0.471397 0.881921 0.000000
    outer loop
      vertex -86.0766 128.3500 0.0000
      vertex -87.0000 127.8564 5.5000
      vertex -86.0766 128.3500 5.5000
    endloop
  endfacet
  facet normal -0.528068 0.849202 0.000000
    outer loop
      vertex -87.0000 127.8564 0.0000
      vertex -87.8891 127.3035 0.0000
      vertex -87.8891 127.3035 5.5000
    endloop
  endfacet
  facet normal -0.528068 0.849202 0.000000
    outer loop
      vertex -87.0000 127.8564 0.0000
      vertex -87.8891 127.3035 5.5000
      vertex -87.0000 127.8564 5.5000
    endloop
  endfacet
  facet normal -0.582478 0.812847 0.000000
    outer loop
      vertex -87.8891 127.3035 0.0000
      vertex -88.7402 126.6937 0.0000
      vertex -88.7402 126.6937 5.5000
    endloop
  endfacet
  facet normal -0.582478 0.812847 0.000000
    outer loop
      vertex -87.8891 127.3035 0.0000
      vertex -88.7402 126.6937 5.5000
      vertex -87.8891 127.3035 5.5000
    endloop
  endfacet
  facet normal -0.634393 0.773010 0.000000
    outer loop
      vertex -88.7402 126.6937 0.0000
      vertex -89.5495 126.0294 0.0000
      vertex -89.5495 126.0294 5.5000
    endloop
  endfacet
  facet normal -0.634393 0.773010 0.000000
    outer loop
      vertex -88.7402 126.6937 0.0000
      vertex -89.5495 126.0294 5.5000
      vertex -88.7402 126.6937 5.5000
    endloop
  endfacet
  facet normal -0.683592 0.729864 0.000000
    outer loop
      vertex -89.5495 126.0294 0.0000
      vertex -90.3137 125.3137 0.0000
      vertex -90.3137 125.3137 5.5000
    endloop
  endfacet
  facet normal -0.683592 0.729864 0.000000
    outer loop
      vertex -89.5495 126.0294 0.0000
      vertex -90.3137 125.3137 5.5000
      vertex -89.5495 126.0294 5.5000
    endloop
  endfacet
  facet normal -0.729864 0.683592 0.000000
    outer loop
      vertex -90.3137 125.3137 0.0000
      vertex -91.0294 124.5495 0.0000
      vertex -91.0294 124.5495 5.5000
    endloop
  endfacet
  facet normal -0.729864 0.683592 0.000000
    outer loop
      vertex -90.3137 125.3137 0.0000
      vertex -91.0294 124.5495 5.5000
      vertex -90.3137 125.3137 5.5000
    endloop
  endfacet
  facet normal -0.773010 0.634393 0.000000
    outer loop
      vertex -91.0294 124.5495 0.0000
      vertex -91.6937 123.7402 0.0000
      vertex -91.6937 123.7402 5.5000
    endloop
  endfacet
  facet normal -0.773010 0.634393 0.000000
    outer loop
      vertex -91.0294 124.5495 0.0000
      vertex -91.6937 123.7402 5.5000
      vertex -91.0294 124.5495 5.5000
    endloop
  endfacet
  facet normal -0.812847 0.582478 0.000000
    outer loop
      vertex -91.6937 123.7402 0.0000
      vertex -92.3035 122.8891 0.0000
      vertex -92.3035 122.8891 5.5000
    endloop
  endfacet
  facet normal -0.812847 0.582478 0.000000
    outer loop
      vertex -91.6937 123.7402 0.0000
      vertex -92.3035 122.8891 5.5000
      vertex -91.6937 123.7402 5.5000
    endloop
  endfacet
  facet normal -0.849202 0.528068 0.000000
    outer loop
      vertex -92.3035 122.8891 0.0000
      vertex -92.8564 122.0000 0.0000
      vertex -92.8564 122.0000 5.5000
    endloop
  endfacet
  facet normal -0.849202 0.528068 0.000000
    outer loop
      vertex -92.3035 122.8891 0.0000
      vertex -92.8564 122.0000 5.5000
      vertex -92.3035 122.8891 5.5000
    endloop
  endfacet
  facet normal -0.881921 0.471397 0.000000
    outer loop
      vertex -92.8564 122.0000 0.0000
      vertex -93.3500 121.0766 0.0000
      vertex -93.3500 121.0766 5.5000
    endloop
  endfacet
  facet normal -0.881921 0.471397 0.000000
    outer loop
      vertex -92.8564 122.0000 0.0000
      vertex -93.3500 121.0766 5.5000
      vertex -92.8564 122.0000 5.5000
    endloop
  endfacet
  facet normal -0.910864 0.412707 0.000000
    outer loop
      vertex -93.3500 121.0766 0.0000
      vertex -93.7821 120.1229 0.0000
      vertex -93.7821 120.1229 5.5000
    endloop
  endfacet
  facet normal -0.910864 0.412707 0.000000
    outer loop
      vertex -93.3500 121.0766 0.0000
      vertex -93.7821 120.1229 5.5000
      vertex -93.3500 121.0766 5.5000
    endloop
  endfacet
  facet normal -0.935906 0.352250 0.000000
    outer loop
      vertex -93.7821 120.1229 0.0000
      vertex -94.1509 119.1430 0.0000
      vertex -94.1509 119.1430 5.5000
    endloop
  endfacet
  facet normal -0.935906 0.352250 0.000000
    outer loop
      vertex -93.7821 120.1229 0.0000
      vertex -94.1509 119.1430 5.5000
      vertex -93.7821 120.1229 5.5000
    endloop
  endfacet
  facet normal -0.956940 0.290285 0.000000
    outer loop
      vertex -94.1509 119.1430 0.0000
      vertex -94.4548 118.1411 0.0000
      vertex -94.4548 118.1411 5.5000
    endloop
  endfacet
  facet normal -0.956940 0.290285 0.000000
    outer loop
      vertex -94.1509 119.1430 0.0000
      vertex -94.4548 118.1411 5.5000
      vertex -94.1509 119.1430 5.5000
    endloop
  endfacet
  facet normal -0.973877 0.227076 0.000000
    outer loop
      vertex -94.4548 118.1411 0.0000
      vertex -94.6926 117.1214 0.0000
      vertex -94.6926 117.1214 5.5000
    endloop
  endfacet
  facet normal -0.973877 0.227076 0.000000
    outer loop
      vertex -94.4548 118.1411 0.0000
      vertex -94.6926 117.1214 5.5000
      vertex -94.4548 118.1411 5.5000
    endloop
  endfacet
  facet normal -0.986643 0.162895 0.000000
    outer loop
      vertex -94.6926 117.1214 0.0000
      vertex -94.8631 116.0884 0.0000
      vertex -94.8631 116.0884 5.5000
    endloop
  endfacet
  facet normal -0.986643 0.162895 0.000000
    outer loop
      vertex -94.6926 117.1214 0.0000
      vertex -94.8631 116.0884 5.5000
      vertex -94.6926 117.1214 5.5000
    endloop
  endfacet
  facet normal -0.995185 0.098017 0.000000
    outer loop
      vertex -94.8631 116.0884 0.0000
      vertex -94.9657 115.0465 0.0000
      vertex -94.9657 115.0465 5.5000
    endloop
  endfacet
  facet normal -0.995185 0.098017 0.000000
    outer loop
      vertex -94.8631 116.0884 0.0000
      vertex -94.9657 115.0465 5.5000
      vertex -94.8631 116.0884 5.5000
    endloop
  endfacet
  facet normal -1.000000 0.000172 0.000000
    outer loop
      vertex -94.9657 115.0465 0.0000
      vertex -95.0000 -84.0000 0.0000
      vertex -95.0000 -84.0000 5.5000
    endloop
  endfacet
  facet normal -1.000000 0.000172 0.000000
    outer loop
      vertex -94.9657 115.0465 0.0000
      vertex -95.0000 -84.0000 5.5000
      vertex -94.9657 115.0465 5.5000
    endloop
  endfacet
  facet normal -0.999465 -0.032719 0.000000
    outer loop
      vertex -95.0000 -84.0000 0.0000
      vertex -94.9657 -85.0465 0.0000
      vertex -94.9657 -85.0465 5.5000
    endloop
  endfacet
  facet normal -0.999465 -0.032719 0.000000
    outer loop
      vertex -95.0000 -84.0000 0.0000
      vertex -94.9657 -85.0465 5.5000
      vertex -95.0000 -84.0000 5.5000
    endloop
  endfacet
  facet normal -0.995185 -0.098017 0.000000
    outer loop
      vertex -94.9657 -85.0465 0.0000
      vertex -94.8631 -86.0884 0.0000
      vertex -94.8631 -86.0884 5.5000
    endloop
  endfacet
  facet normal -0.995185 -0.098017 0.000000
    outer loop
      vertex -94.9657 -85.0465 0.0000
      vertex -94.8631 -86.0884 5.5000
      vertex -94.9657 -85.0465 5.5000
    endloop
  endfacet
  facet normal -0.986643 -0.162895 0.000000
    outer loop
      vertex -94.8631 -86.0884 0.0000
      vertex -94.6926 -87.1214 0.0000
      vertex -94.6926 -87.1214 5.5000
    endloop
  endfacet
  facet normal -0.986643 -0.162895 0.000000
    outer loop
      vertex -94.8631 -86.0884 0.0000
      vertex -94.6926 -87.1214 5.5000
      vertex -94.8631 -86.0884 5.5000
    endloop
  endfacet
  facet normal -0.973877 -0.227076 0.000000
    outer loop
      vertex -94.6926 -87.1214 0.0000
      vertex -94.4548 -88.1411 0.0000
      vertex -94.4548 -88.1411 5.5000
    endloop
  endfacet
  facet normal -0.973877 -0.227076 0.000000
    outer loop
      vertex -94.6926 -87.1214 0.0000
      vertex -94.4548 -88.1411 5.5000
      vertex -94.6926 -87.1214 5.5000
    endloop
  endfacet
  facet normal -0.956940 -0.290285 0.000000
    outer loop
      vertex -94.4548 -88.1411 0.0000
      vertex -94.1509 -89.1430 0.0000
      vertex -94.1509 -89.1430 5.5000
    endloop
  endfacet
  facet normal -0.956940 -0.290285 0.000000
    outer loop
      vertex -94.4548 -88.1411 0.0000
      vertex -94.1509 -89.1430 5.5000
      vertex -94.4548 -88.1411 5.5000
    endloop
  endfacet
  facet normal -0.935906 -0.352250 0.000000
    outer loop
      vertex -94.1509 -89.1430 0.0000
      vertex -93.7821 -90.1229 0.0000
      vertex -93.7821 -90.1229 5.5000
    endloop
  endfacet
  facet normal -0.935906 -0.352250 0.000000
    outer loop
      vertex -94.1509 -89.1430 0.0000
      vertex -93.7821 -90.1229 5.5000
      vertex -94.1509 -89.1430 5.5000
    endloop
  endfacet
  facet normal -0.910864 -0.412707 0.000000
    outer loop
      vertex -93.7821 -90.1229 0.0000
      vertex -93.3500 -91.0766 0.0000
      vertex -93.3500 -91.0766 5.5000
    endloop
  endfacet
  facet normal -0.910864 -0.412707 0.000000
    outer loop
      vertex -93.7821 -90.1229 0.0000
      vertex -93.3500 -91.0766 5.5000
      vertex -93.7821 -90.1229 5.5000
    endloop
  endfacet
  facet normal -0.881921 -0.471397 0.000000
    outer loop
      vertex -93.3500 -91.0766 0.0000
      vertex -92.8564 -92.0000 0.0000
      vertex -92.8564 -92.0000 5.5000
    endloop
  endfacet
  facet normal -0.881921 -0.471397 0.000000
    outer loop
      vertex -93.3500 -91.0766 0.0000
      vertex -92.8564 -92.0000 5.5000
      vertex -93.3500 -91.0766 5.5000
    endloop
  endfacet
  facet normal -0.849202 -0.528068 0.000000
    outer loop
      vertex -92.8564 -92.0000 0.0000
      vertex -92.3035 -92.8891 0.0000
      vertex -92.3035 -92.8891 5.5000
    endloop
  endfacet
  facet normal -0.849202 -0.528068 0.000000
    outer loop
      vertex -92.8564 -92.0000 0.0000
      vertex -92.3035 -92.8891 5.5000
      vertex -92.8564 -92.0000 5.5000
    endloop
  endfacet
  facet normal -0.812847 -0.582478 0.000000
    outer loop
      vertex -92.3035 -92.8891 0.0000
      vertex -91.6937 -93.7402 0.0000
      vertex -91.6937 -93.7402 5.5000
    endloop
  endfacet
  facet normal -0.812847 -0.582478 0.000000
    outer loop
      vertex -92.3035 -92.8891 0.0000
      vertex -91.6937 -93.7402 5.5000
      vertex -92.3035 -92.8891 5.5000
    endloop
  endfacet
  facet normal -0.773010 -0.634393 0.000000
    outer loop
      vertex -91.6937 -93.7402 0.0000
      vertex -91.0294 -94.5495 0.0000
      vertex -91.0294 -94.5495 5.5000
    endloop
  endfacet
  facet normal -0.773010 -0.634393 0.000000
    outer loop
      vertex -91.6937 -93.7402 0.0000
      vertex -91.0294 -94.5495 5.5000
      vertex -91.6937 -93.7402 5.5000
    endloop
  endfacet
  facet normal -0.729864 -0.683592 0.000000
    outer loop
      vertex -91.0294 -94.5495 0.0000
      vertex -90.3137 -95.3137 0.0000
      vertex -90.3137 -95.3137 5.5000
    endloop
  endfacet
  facet normal -0.729864 -0.683592 0.000000
    outer loop
      vertex -91.0294 -94.5495 0.0000
      vertex -90.3137 -95.3137 5.5000
      vertex -91.0294 -94.5495 5.5000
    endloop
  endfacet
  facet normal -0.683592 -0.729864 0.000000
    outer loop
      vertex -90.3137 -95.3137 0.0000
      vertex -89.5495 -96.0294 0.0000
      vertex -89.5495 -96.0294 5.5000
    endloop
  endfacet
  facet normal -0.683592 -0.729864 0.000000
    outer loop
      vertex -90.3137 -95.3137 0.0000
      vertex -89.5495 -96.0294 5.5000
      vertex -90.3137 -95.3137 5.5000
    endloop
  endfacet
  facet normal -0.634393 -0.773010 0.000000
    outer loop
      vertex -89.5495 -96.0294 0.0000
      vertex -88.7402 -96.6937 0.0000
      vertex -88.7402 -96.6937 5.5000
    endloop
  endfacet
  facet normal -0.634393 -0.773010 0.000000
    outer loop
      vertex -89.5495 -96.0294 0.0000
      vertex -88.7402 -96.6937 5.5000
      vertex -89.5495 -96.0294 5.5000
    endloop
  endfacet
  facet normal -0.582478 -0.812847 0.000000
    outer loop
      vertex -88.7402 -96.6937 0.0000
      vertex -87.8891 -97.3035 0.0000
      vertex -87.8891 -97.3035 5.5000
    endloop
  endfacet
  facet normal -0.582478 -0.812847 0.000000
    outer loop
      vertex -88.7402 -96.6937 0.0000
      vertex -87.8891 -97.3035 5.5000
      vertex -88.7402 -96.6937 5.5000
    endloop
  endfacet
  facet normal -0.528068 -0.849202 0.000000
    outer loop
      vertex -87.8891 -97.3035 0.0000
      vertex -87.0000 -97.8564 0.0000
      vertex -87.0000 -97.8564 5.5000
    endloop
  endfacet
  facet normal -0.528068 -0.849202 0.000000
    outer loop
      vertex -87.8891 -97.3035 0.0000
      vertex -87.0000 -97.8564 5.5000
      vertex -87.8891 -97.3035 5.5000
    endloop
  endfacet
  facet normal -0.471397 -0.881921 0.000000
    outer loop
      vertex -87.0000 -97.8564 0.0000
      vertex -86.0766 -98.3500 0.0000
      vertex -86.0766 -98.3500 5.5000
    endloop
  endfacet
  facet normal -0.471397 -0.881921 0.000000
    outer loop
      vertex -87.0000 -97.8564 0.0000
      vertex -86.0766 -98.3500 5.5000
      vertex -87.0000 -97.8564 5.5000
    endloop
  endfacet
  facet normal -0.412707 -0.910864 0.000000
    outer loop
      vertex -86.0766 -98.3500 0.0000
      vertex -85.1229 -98.7821 0.0000
      vertex -85.1229 -98.7821 5.5000
    endloop
  endfacet
  facet normal -0.412707 -0.910864 0.000000
    outer loop
      vertex -86.0766 -98.3500 0.0000
      vertex -85.1229 -98.7821 5.5000
      vertex -86.0766 -98.3500 5.5000
    endloop
  endfacet
  facet normal -0.352250 -0.935906 0.000000
    outer loop
      vertex -85.1229 -98.7821 0.0000
      vertex -84.1430 -99.1509 0.0000
      vertex -84.1430 -99.1509 5.5000
    endloop
  endfacet
  facet normal -0.352250 -0.935906 0.000000
    outer loop
      vertex -85.1229 -98.7821 0.0000
      vertex -84.1430 -99.1509 5.5000
      vertex -85.1229 -98.7821 5.5000
    endloop
  endfacet
  facet normal -0.290285 -0.956940 0.000000
    outer loop
      vertex -84.1430 -99.1509 0.0000
      vertex -83.1411 -99.4548 0.0000
      vertex -83.1411 -99.4548 5.5000
    endloop
  endfacet
  facet normal -0.290285 -0.956940 0.000000
    outer loop
      vertex -84.1430 -99.1509 0.0000
      vertex -83.1411 -99.4548 5.5000
      vertex -84.1430 -99.1509 5.5000
    endloop
  endfacet
  facet normal -0.227076 -0.973877 0.000000
    outer loop
      vertex -83.1411 -99.4548 0.0000
      vertex -82.1214 -99.6926 0.0000
      vertex -82.1214 -99.6926 5.5000
    endloop
  endfacet
  facet normal -0.227076 -0.973877 0.000000
    outer loop
      vertex -83.1411 -99.4548 0.0000
      vertex -82.1214 -99.6926 5.5000
      vertex -83.1411 -99.4548 5.5000
    endloop
  endfacet
  facet normal -0.162895 -0.986643 0.000000
    outer loop
      vertex -82.1214 -99.6926 0.0000
      vertex -81.0884 -99.8631 0.0000
      vertex -81.0884 -99.8631 5.5000
    endloop
  endfacet
  facet normal -0.162895 -0.986643 0.000000
    outer loop
      vertex -82.1214 -99.6926 0.0000
      vertex -81.0884 -99.8631 5.5000
      vertex -82.1214 -99.6926 5.5000
    endloop
  endfacet
  facet normal -0.098017 -0.995185 0.000000
    outer loop
      vertex -81.0884 -99.8631 0.0000
      vertex -80.0465 -99.9657 0.0000
      vertex -80.0465 -99.9657 5.5000
    endloop
  endfacet
  facet normal -0.098017 -0.995185 0.000000
    outer loop
      vertex -81.0884 -99.8631 0.0000
      vertex -80.0465 -99.9657 5.5000
      vertex -81.0884 -99.8631 5.5000
    endloop
  endfacet
  facet normal -0.000215 -1.000000 0.000000
    outer loop
      vertex -80.0465 -99.9657 0.0000
      vertex 79.0000 -100.0000 0.0000
      vertex 79.0000 -100.0000 5.5000
    endloop
  endfacet
  facet normal -0.000215 -1.000000 0.000000
    outer loop
      vertex -80.0465 -99.9657 0.0000
      vertex 79.0000 -100.0000 5.5000
      vertex -80.0465 -99.9657 5.5000
    endloop
  endfacet
  facet normal -0.032719 0.999465 0.000000
    outer loop
      vertex 21.0000 -32.0000 0.0000
      vertex 21.5232 -31.9829 20.5000
      vertex 21.5232 -31.9829 0.0000
    endloop
  endfacet
  facet normal -0.032719 0.999465 0.000000
    outer loop
      vertex 21.0000 -32.0000 0.0000
      vertex 21.0000 -32.0000 20.5000
      vertex 21.5232 -31.9829 20.5000
    endloop
  endfacet
  facet normal -0.098017 0.995185 0.000000
    outer loop
      vertex 21.5232 -31.9829 0.0000
      vertex 22.0442 -31.9316 20.5000
      vertex 22.0442 -31.9316 0.0000
    endloop
  endfacet
  facet normal -0.098017 0.995185 0.000000
    outer loop
      vertex 21.5232 -31.9829 0.0000
      vertex 21.5232 -31.9829 20.5000
      vertex 22.0442 -31.9316 20.5000
    endloop
  endfacet
  facet normal -0.162895 0.986643 0.000000
    outer loop
      vertex 22.0442 -31.9316 0.0000
      vertex 22.5607 -31.8463 20.5000
      vertex 22.5607 -31.8463 0.0000
    endloop
  endfacet
  facet normal -0.162895 0.986643 0.000000
    outer loop
      vertex 22.0442 -31.9316 0.0000
      vertex 22.0442 -31.9316 20.5000
      vertex 22.5607 -31.8463 20.5000
    endloop
  endfacet
  facet normal -0.227076 0.973877 0.000000
    outer loop
      vertex 22.5607 -31.8463 0.0000
      vertex 23.0706 -31.7274 20.5000
      vertex 23.0706 -31.7274 0.0000
    endloop
  endfacet
  facet normal -0.227076 0.973877 0.000000
    outer loop
      vertex 22.5607 -31.8463 0.0000
      vertex 22.5607 -31.8463 20.5000
      vertex 23.0706 -31.7274 20.5000
    endloop
  endfacet
  facet normal -0.290285 0.956940 0.000000
    outer loop
      vertex 23.0706 -31.7274 0.0000
      vertex 23.5715 -31.5754 20.5000
      vertex 23.5715 -31.5754 0.0000
    endloop
  endfacet
  facet normal -0.290285 0.956940 0.000000
    outer loop
      vertex 23.0706 -31.7274 0.0000
      vertex 23.0706 -31.7274 20.5000
      vertex 23.5715 -31.5754 20.5000
    endloop
  endfacet
  facet normal -0.352250 0.935906 0.000000
    outer loop
      vertex 23.5715 -31.5754 0.0000
      vertex 24.0615 -31.3910 20.5000
      vertex 24.0615 -31.3910 0.0000
    endloop
  endfacet
  facet normal -0.352250 0.935906 0.000000
    outer loop
      vertex 23.5715 -31.5754 0.0000
      vertex 23.5715 -31.5754 20.5000
      vertex 24.0615 -31.3910 20.5000
    endloop
  endfacet
  facet normal -0.412707 0.910864 0.000000
    outer loop
      vertex 24.0615 -31.3910 0.0000
      vertex 24.5383 -31.1750 20.5000
      vertex 24.5383 -31.1750 0.0000
    endloop
  endfacet
  facet normal -0.412707 0.910864 0.000000
    outer loop
      vertex 24.0615 -31.3910 0.0000
      vertex 24.0615 -31.3910 20.5000
      vertex 24.5383 -31.1750 20.5000
    endloop
  endfacet
  facet normal -0.471397 0.881921 0.000000
    outer loop
      vertex 24.5383 -31.1750 0.0000
      vertex 25.0000 -30.9282 20.5000
      vertex 25.0000 -30.9282 0.0000
    endloop
  endfacet
  facet normal -0.471397 0.881921 0.000000
    outer loop
      vertex 24.5383 -31.1750 0.0000
      vertex 24.5383 -31.1750 20.5000
      vertex 25.0000 -30.9282 20.5000
    endloop
  endfacet
  facet normal -0.528068 0.849202 0.000000
    outer loop
      vertex 25.0000 -30.9282 0.0000
      vertex 25.4446 -30.6518 20.5000
      vertex 25.4446 -30.6518 0.0000
    endloop
  endfacet
  facet normal -0.528068 0.849202 0.000000
    outer loop
      vertex 25.0000 -30.9282 0.0000
      vertex 25.0000 -30.9282 20.5000
      vertex 25.4446 -30.6518 20.5000
    endloop
  endfacet
  facet normal -0.582478 0.812847 0.000000
    outer loop
      vertex 25.4446 -30.6518 0.0000
      vertex 25.8701 -30.3468 20.5000
      vertex 25.8701 -30.3468 0.0000
    endloop
  endfacet
  facet normal -0.582478 0.812847 0.000000
    outer loop
      vertex 25.4446 -30.6518 0.0000
      vertex 25.4446 -30.6518 20.5000
      vertex 25.8701 -30.3468 20.5000
    endloop
  endfacet
  facet normal -0.634393 0.773010 0.000000
    outer loop
      vertex 25.8701 -30.3468 0.0000
      vertex 26.2748 -30.0147 20.5000
      vertex 26.2748 -30.0147 0.0000
    endloop
  endfacet
  facet normal -0.634393 0.773010 0.000000
    outer loop
      vertex 25.8701 -30.3468 0.0000
      vertex 25.8701 -30.3468 20.5000
      vertex 26.2748 -30.0147 20.5000
    endloop
  endfacet
  facet normal -0.683592 0.729864 0.000000
    outer loop
      vertex 26.2748 -30.0147 0.0000
      vertex 26.6569 -29.6569 20.5000
      vertex 26.6569 -29.6569 0.0000
    endloop
  endfacet
  facet normal -0.683592 0.729864 0.000000
    outer loop
      vertex 26.2748 -30.0147 0.0000
      vertex 26.2748 -30.0147 20.5000
      vertex 26.6569 -29.6569 20.5000
    endloop
  endfacet
  facet normal -0.729864 0.683592 0.000000
    outer loop
      vertex 26.6569 -29.6569 0.0000
      vertex 27.0147 -29.2748 20.5000
      vertex 27.0147 -29.2748 0.0000
    endloop
  endfacet
  facet normal -0.729864 0.683592 0.000000
    outer loop
      vertex 26.6569 -29.6569 0.0000
      vertex 26.6569 -29.6569 20.5000
      vertex 27.0147 -29.2748 20.5000
    endloop
  endfacet
  facet normal -0.773010 0.634393 0.000000
    outer loop
      vertex 27.0147 -29.2748 0.0000
      vertex 27.3468 -28.8701 20.5000
      vertex 27.3468 -28.8701 0.0000
    endloop
  endfacet
  facet normal -0.773010 0.634393 0.000000
    outer loop
      vertex 27.0147 -29.2748 0.0000
      vertex 27.0147 -29.2748 20.5000
      vertex 27.3468 -28.8701 20.5000
    endloop
  endfacet
  facet normal -0.812847 0.582478 0.000000
    outer loop
      vertex 27.3468 -28.8701 0.0000
      vertex 27.6518 -28.4446 20.5000
      vertex 27.6518 -28.4446 0.0000
    endloop
  endfacet
  facet normal -0.812847 0.582478 0.000000
    outer loop
      vertex 27.3468 -28.8701 0.0000
      vertex 27.3468 -28.8701 20.5000
      vertex 27.6518 -28.4446 20.5000
    endloop
  endfacet
  facet normal -0.849202 0.528068 0.000000
    outer loop
      vertex 27.6518 -28.4446 0.0000
      vertex 27.9282 -28.0000 20.5000
      vertex 27.9282 -28.0000 0.0000
    endloop
  endfacet
  facet normal -0.849202 0.528068 0.000000
    outer loop
      vertex 27.6518 -28.4446 0.0000
      vertex 27.6518 -28.4446 20.5000
      vertex 27.9282 -28.0000 20.5000
    endloop
  endfacet
  facet normal -0.881921 0.471397 0.000000
    outer loop
      vertex 27.9282 -28.0000 0.0000
      vertex 28.1750 -27.5383 20.5000
      vertex 28.1750 -27.5383 0.0000
    endloop
  endfacet
  facet normal -0.881921 0.471397 0.000000
    outer loop
      vertex 27.9282 -28.0000 0.0000
      vertex 27.9282 -28.0000 20.5000
      vertex 28.1750 -27.5383 20.5000
    endloop
  endfacet
  facet normal -0.910864 0.412707 0.000000
    outer loop
      vertex 28.1750 -27.5383 0.0000
      vertex 28.3910 -27.0615 20.5000
      vertex 28.3910 -27.0615 0.0000
    endloop
  endfacet
  facet normal -0.910864 0.412707 0.000000
    outer loop
      vertex 28.1750 -27.5383 0.0000
      vertex 28.1750 -27.5383 20.5000
      vertex 28.3910 -27.0615 20.5000
    endloop
  endfacet
  facet normal -0.935906 0.352250 0.000000
    outer loop
      vertex 28.3910 -27.0615 0.0000
      vertex 28.5754 -26.5715 20.5000
      vertex 28.5754 -26.5715 0.0000
    endloop
  endfacet
  facet normal -0.935906 0.352250 0.000000
    outer loop
      vertex 28.3910 -27.0615 0.0000
      vertex 28.3910 -27.0615 20.5000
      vertex 28.5754 -26.5715 20.5000
    endloop
  endfacet
  facet normal -0.956940 0.290285 0.000000
    outer loop
      vertex 28.5754 -26.5715 0.0000
      vertex 28.7274 -26.0706 20.5000
      vertex 28.7274 -26.0706 0.0000
    endloop
  endfacet
  facet normal -0.956940 0.290285 0.000000
    outer loop
      vertex 28.5754 -26.5715 0.0000
      vertex 28.5754 -26.5715 20.5000
      vertex 28.7274 -26.0706 20.5000
    endloop
  endfacet
  facet normal -0.973877 0.227076 0.000000
    outer loop
      vertex 28.7274 -26.0706 0.0000
      vertex 28.8463 -25.5607 20.5000
      vertex 28.8463 -25.5607 0.0000
    endloop
  endfacet
  facet normal -0.973877 0.227076 0.000000
    outer loop
      vertex 28.7274 -26.0706 0.0000
      vertex 28.7274 -26.0706 20.5000
      vertex 28.8463 -25.5607 20.5000
    endloop
  endfacet
  facet normal -0.986643 0.162895 0.000000
    outer loop
      vertex 28.8463 -25.5607 0.0000
      vertex 28.9316 -25.0442 20.5000
      vertex 28.9316 -25.0442 0.0000
    endloop
  endfacet
  facet normal -0.986643 0.162895 0.000000
    outer loop
      vertex 28.8463 -25.5607 0.0000
      vertex 28.8463 -25.5607 20.5000
      vertex 28.9316 -25.0442 20.5000
    endloop
  endfacet
  facet normal -0.995185 0.098017 0.000000
    outer loop
      vertex 28.9316 -25.0442 0.0000
      vertex 28.9829 -24.5232 20.5000
      vertex 28.9829 -24.5232 0.0000
    endloop
  endfacet
  facet normal -0.995185 0.098017 0.000000
    outer loop
      vertex 28.9316 -25.0442 0.0000
      vertex 28.9316 -25.0442 20.5000
      vertex 28.9829 -24.5232 20.5000
    endloop
  endfacet
  facet normal -1.000000 0.000353 0.000000
    outer loop
      vertex 28.9829 -24.5232 0.0000
      vertex 29.0000 24.0000 20.5000
      vertex 29.0000 24.0000 0.0000
    endloop
  endfacet
  facet normal -1.000000 0.000353 0.000000
    outer loop
      vertex 28.9829 -24.5232 0.0000
      vertex 28.9829 -24.5232 20.5000
      vertex 29.0000 24.0000 20.5000
    endloop
  endfacet
  facet normal -0.999465 -0.032719 0.000000
    outer loop
      vertex 29.0000 24.0000 0.0000
      vertex 28.9829 24.5232 20.5000
      vertex 28.9829 24.5232 0.0000
    endloop
  endfacet
  facet normal -0.999465 -0.032719 0.000000
    outer loop
      vertex 29.0000 24.0000 0.0000
      vertex 29.0000 24.0000 20.5000
      vertex 28.9829 24.5232 20.5000
    endloop
  endfacet
  facet normal -0.995185 -0.098017 0.000000
    outer loop
      vertex 28.9829 24.5232 0.0000
      vertex 28.9316 25.0442 20.5000
      vertex 28.9316 25.0442 0.0000
    endloop
  endfacet
  facet normal -0.995185 -0.098017 0.000000
    outer loop
      vertex 28.9829 24.5232 0.0000
      vertex 28.9829 24.5232 20.5000
      vertex 28.9316 25.0442 20.5000
    endloop
  endfacet
  facet normal -0.986643 -0.162895 0.000000
    outer loop
      vertex 28.9316 25.0442 0.0000
      vertex 28.8463 25.5607 20.5000
      vertex 28.8463 25.5607 0.0000
    endloop
  endfacet
  facet normal -0.986643 -0.162895 0.000000
    outer loop
      vertex 28.9316 25.0442 0.0000
      vertex 28.9316 25.0442 20.5000
      vertex 28.8463 25.5607 20.5000
    endloop
  endfacet
  facet normal -0.973877 -0.227076 0.000000
    outer loop
      vertex 28.8463 25.5607 0.0000
      vertex 28.7274 26.0706 20.5000
      vertex 28.7274 26.0706 0.0000
    endloop
  endfacet
  facet normal -0.973877 -0.227076 0.000000
    outer loop
      vertex 28.8463 25.5607 0.0000
      vertex 28.8463 25.5607 20.5000
      vertex 28.7274 26.0706 20.5000
    endloop
  endfacet
  facet normal -0.956940 -0.290285 0.000000
    outer loop
      vertex 28.7274 26.0706 0.0000
      vertex 28.5754 26.5715 20.5000
      vertex 28.5754 26.5715 0.0000
    endloop
  endfacet
  facet normal -0.956940 -0.290285 0.000000
    outer loop
      vertex 28.7274 26.0706 0.0000
      vertex 28.7274 26.0706 20.5000
      vertex 28.5754 26.5715 20.5000
    endloop
  endfacet
  facet normal -0.935906 -0.352250 0.000000
    outer loop
      vertex 28.5754 26.5715 0.0000
      vertex 28.3910 27.0615 20.5000
      vertex 28.3910 27.0615 0.0000
    endloop
  endfacet
  facet normal -0.935906 -0.352250 0.000000
    outer loop
      vertex 28.5754 26.5715 0.0000
      vertex 28.5754 26.5715 20.5000
      vertex 28.3910 27.0615 20.5000
    endloop
  endfacet
  facet normal -0.910864 -0.412707 0.000000
    outer loop
      vertex 28.3910 27.0615 0.0000
      vertex 28.1750 27.5383 20.5000
      vertex 28.1750 27.5383 0.0000
    endloop
  endfacet
  facet normal -0.910864 -0.412707 0.000000
    outer loop
      vertex 28.3910 27.0615 0.0000
      vertex 28.3910 27.0615 20.5000
      vertex 28.1750 27.5383 20.5000
    endloop
  endfacet
  facet normal -0.881921 -0.471397 0.000000
    outer loop
      vertex 28.1750 27.5383 0.0000
      vertex 27.9282 28.0000 20.5000
      vertex 27.9282 28.0000 0.0000
    endloop
  endfacet
  facet normal -0.881921 -0.471397 0.000000
    outer loop
      vertex 28.1750 27.5383 0.0000
      vertex 28.1750 27.5383 20.5000
      vertex 27.9282 28.0000 20.5000
    endloop
  endfacet
  facet normal -0.849202 -0.528068 0.000000
    outer loop
      vertex 27.9282 28.0000 0.0000
      vertex 27.6518 28.4446 20.5000
      vertex 27.6518 28.4446 0.0000
    endloop
  endfacet
  facet normal -0.849202 -0.528068 0.000000
    outer loop
      vertex 27.9282 28.0000 0.0000
      vertex 27.9282 28.0000 20.5000
      vertex 27.6518 28.4446 20.5000
    endloop
  endfacet
  facet normal -0.812847 -0.582478 0.000000
    outer loop
      vertex 27.6518 28.4446 0.0000
      vertex 27.3468 28.8701 20.5000
      vertex 27.3468 28.8701 0.0000
    endloop
  endfacet
  facet normal -0.812847 -0.582478 0.000000
    outer loop
      vertex 27.6518 28.4446 0.0000
      vertex 27.6518 28.4446 20.5000
      vertex 27.3468 28.8701 20.5000
    endloop
  endfacet
  facet normal -0.773010 -0.634393 0.000000
    outer loop
      vertex 27.3468 28.8701 0.0000
      vertex 27.0147 29.2748 20.5000
      vertex 27.0147 29.2748 0.0000
    endloop
  endfacet
  facet normal -0.773010 -0.634393 0.000000
    outer loop
      vertex 27.3468 28.8701 0.0000
      vertex 27.3468 28.8701 20.5000
      vertex 27.0147 29.2748 20.5000
    endloop
  endfacet
  facet normal -0.729864 -0.683592 0.000000
    outer loop
      vertex 27.0147 29.2748 0.0000
      vertex 26.6569 29.6569 20.5000
      vertex 26.6569 29.6569 0.0000
    endloop
  endfacet
  facet normal -0.729864 -0.683592 0.000000
    outer loop
      vertex 27.0147 29.2748 0.0000
      vertex 27.0147 29.2748 20.5000
      vertex 26.6569 29.6569 20.5000
    endloop
  endfacet
  facet normal -0.683592 -0.729864 0.000000
    outer loop
      vertex 26.6569 29.6569 0.0000
      vertex 26.2748 30.0147 20.5000
      vertex 26.2748 30.0147 0.0000
    endloop
  endfacet
  facet normal -0.683592 -0.729864 0.000000
    outer loop
      vertex 26.6569 29.6569 0.0000
      vertex 26.6569 29.6569 20.5000
      vertex 26.2748 30.0147 20.5000
    endloop
  endfacet
  facet normal -0.634393 -0.773010 0.000000
    outer loop
      vertex 26.2748 30.0147 0.0000
      vertex 25.8701 30.3468 20.5000
      vertex 25.8701 30.3468 0.0000
    endloop
  endfacet
  facet normal -0.634393 -0.773010 0.000000
    outer loop
      vertex 26.2748 30.0147 0.0000
      vertex 26.2748 30.0147 20.5000
      vertex 25.8701 30.3468 20.5000
    endloop
  endfacet
  facet normal -0.582478 -0.812847 0.000000
    outer loop
      vertex 25.8701 30.3468 0.0000
      vertex 25.4446 30.6518 20.5000
      vertex 25.4446 30.6518 0.0000
    endloop
  endfacet
  facet normal -0.582478 -0.812847 0.000000
    outer loop
      vertex 25.8701 30.3468 0.0000
      vertex 25.8701 30.3468 20.5000
      vertex 25.4446 30.6518 20.5000
    endloop
  endfacet
  facet normal -0.528068 -0.849202 0.000000
    outer loop
      vertex 25.4446 30.6518 0.0000
      vertex 25.0000 30.9282 20.5000
      vertex 25.0000 30.9282 0.0000
    endloop
  endfacet
  facet normal -0.528068 -0.849202 0.000000
    outer loop
      vertex 25.4446 30.6518 0.0000
      vertex 25.4446 30.6518 20.5000
      vertex 25.0000 30.9282 20.5000
    endloop
  endfacet
  facet normal -0.471397 -0.881921 0.000000
    outer loop
      vertex 25.0000 30.9282 0.0000
      vertex 24.5383 31.1750 20.5000
      vertex 24.5383 31.1750 0.0000
    endloop
  endfacet
  facet normal -0.471397 -0.881921 0.000000
    outer loop
      vertex 25.0000 30.9282 0.0000
      vertex 25.0000 30.9282 20.5000
      vertex 24.5383 31.1750 20.5000
    endloop
  endfacet
  facet normal -0.412707 -0.910864 0.000000
    outer loop
      vertex 24.5383 31.1750 0.0000
      vertex 24.0615 31.3910 20.5000
      vertex 24.0615 31.3910 0.0000
    endloop
  endfacet
  facet normal -0.412707 -0.910864 0.000000
    outer loop
      vertex 24.5383 31.1750 0.0000
      vertex 24.5383 31.1750 20.5000
      vertex 24.0615 31.3910 20.5000
    endloop
  endfacet
  facet normal -0.352250 -0.935906 0.000000
    outer loop
      vertex 24.0615 31.3910 0.0000
      vertex 23.5715 31.5754 20.5000
      vertex 23.5715 31.5754 0.0000
    endloop
  endfacet
  facet normal -0.352250 -0.935906 0.000000
    outer loop
      vertex 24.0615 31.3910 0.0000
      vertex 24.0615 31.3910 20.5000
      vertex 23.5715 31.5754 20.5000
    endloop
  endfacet
  facet normal -0.290285 -0.956940 0.000000
    outer loop
      vertex 23.5715 31.5754 0.0000
      vertex 23.0706 31.7274 20.5000
      vertex 23.0706 31.7274 0.0000
    endloop
  endfacet
  facet normal -0.290285 -0.956940 0.000000
    outer loop
      vertex 23.5715 31.5754 0.0000
      vertex 23.5715 31.5754 20.5000
      vertex 23.0706 31.7274 20.5000
    endloop
  endfacet
  facet normal -0.227076 -0.973877 0.000000
    outer loop
      vertex 23.0706 31.7274 0.0000
      vertex 22.5607 31.8463 20.5000
      vertex 22.5607 31.8463 0.0000
    endloop
  endfacet
  facet normal -0.227076 -0.973877 0.000000
    outer loop
      vertex 23.0706 31.7274 0.0000
      vertex 23.0706 31.7274 20.5000
      vertex 22.5607 31.8463 20.5000
    endloop
  endfacet
  facet normal -0.162895 -0.986643 0.000000
    outer loop
      vertex 22.5607 31.8463 0.0000
      vertex 22.0442 31.9316 20.5000
      vertex 22.0442 31.9316 0.0000
    endloop
  endfacet
  facet normal -0.162895 -0.986643 0.000000
    outer loop
      vertex 22.5607 31.8463 0.0000
      vertex 22.5607 31.8463 20.5000
      vertex 22.0442 31.9316 20.5000
    endloop
  endfacet
  facet normal -0.098017 -0.995185 0.000000
    outer loop
      vertex 22.0442 31.9316 0.0000
      vertex 21.5232 31.9829 20.5000
      vertex 21.5232 31.9829 0.0000
    endloop
  endfacet
  facet normal -0.098017 -0.995185 0.000000
    outer loop
      vertex 22.0442 31.9316 0.0000
      vertex 22.0442 31.9316 20.5000
      vertex 21.5232 31.9829 20.5000
    endloop
  endfacet
  facet normal -0.000403 -1.000000 0.000000
    outer loop
      vertex 21.5232 31.9829 0.0000
      vertex -21.0000 32.0000 20.5000
      vertex -21.0000 32.0000 0.0000
    endloop
  endfacet
  facet normal -0.000403 -1.000000 0.000000
    outer loop
      vertex 21.5232 31.9829 0.0000
      vertex 21.5232 31.9829 20.5000
      vertex -21.0000 32.0000 20.5000
    endloop
  endfacet
  facet normal 0.032719 -0.999465 0.000000
    outer loop
      vertex -21.0000 32.0000 0.0000
      vertex -21.5232 31.9829 20.5000
      vertex -21.5232 31.9829 0.0000
    endloop
  endfacet
  facet normal 0.032719 -0.999465 0.000000
    outer loop
      vertex -21.0000 32.0000 0.0000
      vertex -21.0000 32.0000 20.5000
      vertex -21.5232 31.9829 20.5000
    endloop
  endfacet
  facet normal 0.098017 -0.995185 0.000000
    outer loop
      vertex -21.5232 31.9829 0.0000
      vertex -22.0442 31.9316 20.5000
      vertex -22.0442 31.9316 0.0000
    endloop
  endfacet
  facet normal 0.098017 -0.995185 0.000000
    outer loop
      vertex -21.5232 31.9829 0.0000
      vertex -21.5232 31.9829 20.5000
      vertex -22.0442 31.9316 20.5000
    endloop
  endfacet
  facet normal 0.162895 -0.986643 0.000000
    outer loop
      vertex -22.0442 31.9316 0.0000
      vertex -22.5607 31.8463 20.5000
      vertex -22.5607 31.8463 0.0000
    endloop
  endfacet
  facet normal 0.162895 -0.986643 0.000000
    outer loop
      vertex -22.0442 31.9316 0.0000
      vertex -22.0442 31.9316 20.5000
      vertex -22.5607 31.8463 20.5000
    endloop
  endfacet
  facet normal 0.227076 -0.973877 0.000000
    outer loop
      vertex -22.5607 31.8463 0.0000
      vertex -23.0706 31.7274 20.5000
      vertex -23.0706 31.7274 0.0000
    endloop
  endfacet
  facet normal 0.227076 -0.973877 0.000000
    outer loop
      vertex -22.5607 31.8463 0.0000
      vertex -22.5607 31.8463 20.5000
      vertex -23.0706 31.7274 20.5000
    endloop
  endfacet
  facet normal 0.290285 -0.956940 0.000000
    outer loop
      vertex -23.0706 31.7274 0.0000
      vertex -23.5715 31.5754 20.5000
      vertex -23.5715 31.5754 0.0000
    endloop
  endfacet
  facet normal 0.290285 -0.956940 0.000000
    outer loop
      vertex -23.0706 31.7274 0.0000
      vertex -23.0706 31.7274 20.5000
      vertex -23.5715 31.5754 20.5000
    endloop
  endfacet
  facet normal 0.352250 -0.935906 0.000000
    outer loop
      vertex -23.5715 31.5754 0.0000
      vertex -24.0615 31.3910 20.5000
      vertex -24.0615 31.3910 0.0000
    endloop
  endfacet
  facet normal 0.352250 -0.935906 0.000000
    outer loop
      vertex -23.5715 31.5754 0.0000
      vertex -23.5715 31.5754 20.5000
      vertex -24.0615 31.3910 20.5000
    endloop
  endfacet
  facet normal 0.412707 -0.910864 0.000000
    outer loop
      vertex -24.0615 31.3910 0.0000
      vertex -24.5383 31.1750 20.5000
      vertex -24.5383 31.1750 0.0000
    endloop
  endfacet
  facet normal 0.412707 -0.910864 0.000000
    outer loop
      vertex -24.0615 31.3910 0.0000
      vertex -24.0615 31.3910 20.5000
      vertex -24.5383 31.1750 20.5000
    endloop
  endfacet
  facet normal 0.471397 -0.881921 0.000000
    outer loop
      vertex -24.5383 31.1750 0.0000
      vertex -25.0000 30.9282 20.5000
      vertex -25.0000 30.9282 0.0000
    endloop
  endfacet
  facet normal 0.471397 -0.881921 0.000000
    outer loop
      vertex -24.5383 31.1750 0.0000
      vertex -24.5383 31.1750 20.5000
      vertex -25.0000 30.9282 20.5000
    endloop
  endfacet
  facet normal 0.528068 -0.849202 0.000000
    outer loop
      vertex -25.0000 30.9282 0.0000
      vertex -25.4446 30.6518 20.5000
      vertex -25.4446 30.6518 0.0000
    endloop
  endfacet
  facet normal 0.528068 -0.849202 0.000000
    outer loop
      vertex -25.0000 30.9282 0.0000
      vertex -25.0000 30.9282 20.5000
      vertex -25.4446 30.6518 20.5000
    endloop
  endfacet
  facet normal 0.582478 -0.812847 0.000000
    outer loop
      vertex -25.4446 30.6518 0.0000
      vertex -25.8701 30.3468 20.5000
      vertex -25.8701 30.3468 0.0000
    endloop
  endfacet
  facet normal 0.582478 -0.812847 0.000000
    outer loop
      vertex -25.4446 30.6518 0.0000
      vertex -25.4446 30.6518 20.5000
      vertex -25.8701 30.3468 20.5000
    endloop
  endfacet
  facet normal 0.634393 -0.773010 0.000000
    outer loop
      vertex -25.8701 30.3468 0.0000
      vertex -26.2748 30.0147 20.5000
      vertex -26.2748 30.0147 0.0000
    endloop
  endfacet
  facet normal 0.634393 -0.773010 0.000000
    outer loop
      vertex -25.8701 30.3468 0.0000
      vertex -25.8701 30.3468 20.5000
      vertex -26.2748 30.0147 20.5000
    endloop
  endfacet
  facet normal 0.683592 -0.729864 0.000000
    outer loop
      vertex -26.2748 30.0147 0.0000
      vertex -26.6569 29.6569 20.5000
      vertex -26.6569 29.6569 0.0000
    endloop
  endfacet
  facet normal 0.683592 -0.729864 0.000000
    outer loop
      vertex -26.2748 30.0147 0.0000
      vertex -26.2748 30.0147 20.5000
      vertex -26.6569 29.6569 20.5000
    endloop
  endfacet
  facet normal 0.729864 -0.683592 0.000000
    outer loop
      vertex -26.6569 29.6569 0.0000
      vertex -27.0147 29.2748 20.5000
      vertex -27.0147 29.2748 0.0000
    endloop
  endfacet
  facet normal 0.729864 -0.683592 0.000000
    outer loop
      vertex -26.6569 29.6569 0.0000
      vertex -26.6569 29.6569 20.5000
      vertex -27.0147 29.2748 20.5000
    endloop
  endfacet
  facet normal 0.773010 -0.634393 0.000000
    outer loop
      vertex -27.0147 29.2748 0.0000
      vertex -27.3468 28.8701 20.5000
      vertex -27.3468 28.8701 0.0000
    endloop
  endfacet
  facet normal 0.773010 -0.634393 0.000000
    outer loop
      vertex -27.0147 29.2748 0.0000
      vertex -27.0147 29.2748 20.5000
      vertex -27.3468 28.8701 20.5000
    endloop
  endfacet
  facet normal 0.812847 -0.582478 0.000000
    outer loop
      vertex -27.3468 28.8701 0.0000
      vertex -27.6518 28.4446 20.5000
      vertex -27.6518 28.4446 0.0000
    endloop
  endfacet
  facet normal 0.812847 -0.582478 0.000000
    outer loop
      vertex -27.3468 28.8701 0.0000
      vertex -27.3468 28.8701 20.5000
      vertex -27.6518 28.4446 20.5000
    endloop
  endfacet
  facet normal 0.849202 -0.528068 0.000000
    outer loop
      vertex -27.6518 28.4446 0.0000
      vertex -27.9282 28.0000 20.5000
      vertex -27.9282 28.0000 0.0000
    endloop
  endfacet
  facet normal 0.849202 -0.528068 0.000000
    outer loop
      vertex -27.6518 28.4446 0.0000
      vertex -27.6518 28.4446 20.5000
      vertex -27.9282 28.0000 20.5000
    endloop
  endfacet
  facet normal 0.881921 -0.471397 0.000000
    outer loop
      vertex -27.9282 28.0000 0.0000
      vertex -28.1750 27.5383 20.5000
      vertex -28.1750 27.5383 0.0000
    endloop
  endfacet
  facet normal 0.881921 -0.471397 0.000000
    outer loop
      vertex -27.9282 28.0000 0.0000
      vertex -27.9282 28.0000 20.5000
      vertex -28.1750 27.5383 20.5000
    endloop
  endfacet
  facet normal 0.910864 -0.412707 0.000000
    outer loop
      vertex -28.1750 27.5383 0.0000
      vertex -28.3910 27.0615 20.5000
      vertex -28.3910 27.0615 0.0000
    endloop
  endfacet
  facet normal 0.910864 -0.412707 0.000000
    outer loop
      vertex -28.1750 27.5383 0.0000
      vertex -28.1750 27.5383 20.5000
      vertex -28.3910 27.0615 20.5000
    endloop
  endfacet
  facet normal 0.935906 -0.352250 0.000000
    outer loop
      vertex -28.3910 27.0615 0.0000
      vertex -28.5754 26.5715 20.5000
      vertex -28.5754 26.5715 0.0000
    endloop
  endfacet
  facet normal 0.935906 -0.352250 0.000000
    outer loop
      vertex -28.3910 27.0615 0.0000
      vertex -28.3910 27.0615 20.5000
      vertex -28.5754 26.5715 20.5000
    endloop
  endfacet
  facet normal 0.956940 -0.290285 0.000000
    outer loop
      vertex -28.5754 26.5715 0.0000
      vertex -28.7274 26.0706 20.5000
      vertex -28.7274 26.0706 0.0000
    endloop
  endfacet
  facet normal 0.956940 -0.290285 0.000000
    outer loop
      vertex -28.5754 26.5715 0.0000
      vertex -28.5754 26.5715 20.5000
      vertex -28.7274 26.0706 20.5000
    endloop
  endfacet
  facet normal 0.973877 -0.227076 0.000000
    outer loop
      vertex -28.7274 26.0706 0.0000
      vertex -28.8463 25.5607 20.5000
      vertex -28.8463 25.5607 0.0000
    endloop
  endfacet
  facet normal 0.973877 -0.227076 0.000000
    outer loop
      vertex -28.7274 26.0706 0.0000
      vertex -28.7274 26.0706 20.5000
      vertex -28.8463 25.5607 20.5000
    endloop
  endfacet
  facet normal 0.986643 -0.162895 0.000000
    outer loop
      vertex -28.8463 25.5607 0.0000
      vertex -28.9316 25.0442 20.5000
      vertex -28.9316 25.0442 0.0000
    endloop
  endfacet
  facet normal 0.986643 -0.162895 0.000000
    outer loop
      vertex -28.8463 25.5607 0.0000
      vertex -28.8463 25.5607 20.5000
      vertex -28.9316 25.0442 20.5000
    endloop
  endfacet
  facet normal 0.995185 -0.098017 0.000000
    outer loop
      vertex -28.9316 25.0442 0.0000
      vertex -28.9829 24.5232 20.5000
      vertex -28.9829 24.5232 0.0000
    endloop
  endfacet
  facet normal 0.995185 -0.098017 0.000000
    outer loop
      vertex -28.9316 25.0442 0.0000
      vertex -28.9316 25.0442 20.5000
      vertex -28.9829 24.5232 20.5000
    endloop
  endfacet
  facet normal 1.000000 -0.000353 0.000000
    outer loop
      vertex -28.9829 24.5232 0.0000
      vertex -29.0000 -24.0000 20.5000
      vertex -29.0000 -24.0000 0.0000
    endloop
  endfacet
  facet normal 1.000000 -0.000353 0.000000
    outer loop
      vertex -28.9829 24.5232 0.0000
      vertex -28.9829 24.5232 20.5000
      vertex -29.0000 -24.0000 20.5000
    endloop
  endfacet
  facet normal 0.999465 0.032719 0.000000
    outer loop
      vertex -29.0000 -24.0000 0.0000
      vertex -28.9829 -24.5232 20.5000
      vertex -28.9829 -24.5232 0.0000
    endloop
  endfacet
  facet normal 0.999465 0.032719 -0.000000
    outer loop
      vertex -29.0000 -24.0000 0.0000
      vertex -29.0000 -24.0000 20.5000
      vertex -28.9829 -24.5232 20.5000
    endloop
  endfacet
  facet normal 0.995185 0.098017 0.000000
    outer loop
      vertex -28.9829 -24.5232 0.0000
      vertex -28.9316 -25.0442 20.5000
      vertex -28.9316 -25.0442 0.0000
    endloop
  endfacet
  facet normal 0.995185 0.098017 -0.000000
    outer loop
      vertex -28.9829 -24.5232 0.0000
      vertex -28.9829 -24.5232 20.5000
      vertex -28.9316 -25.0442 20.5000
    endloop
  endfacet
  facet normal 0.986643 0.162895 0.000000
    outer loop
      vertex -28.9316 -25.0442 0.0000
      vertex -28.8463 -25.5607 20.5000
      vertex -28.8463 -25.5607 0.0000
    endloop
  endfacet
  facet normal 0.986643 0.162895 -0.000000
    outer loop
      vertex -28.9316 -25.0442 0.0000
      vertex -28.9316 -25.0442 20.5000
      vertex -28.8463 -25.5607 20.5000
    endloop
  endfacet
  facet normal 0.973877 0.227076 0.000000
    outer loop
      vertex -28.8463 -25.5607 0.0000
      vertex -28.7274 -26.0706 20.5000
      vertex -28.7274 -26.0706 0.0000
    endloop
  endfacet
  facet normal 0.973877 0.227076 -0.000000
    outer loop
      vertex -28.8463 -25.5607 0.0000
      vertex -28.8463 -25.5607 20.5000
      vertex -28.7274 -26.0706 20.5000
    endloop
  endfacet
  facet normal 0.956940 0.290285 0.000000
    outer loop
      vertex -28.7274 -26.0706 0.0000
      vertex -28.5754 -26.5715 20.5000
      vertex -28.5754 -26.5715 0.0000
    endloop
  endfacet
  facet normal 0.956940 0.290285 -0.000000
    outer loop
      vertex -28.7274 -26.0706 0.0000
      vertex -28.7274 -26.0706 20.5000
      vertex -28.5754 -26.5715 20.5000
    endloop
  endfacet
  facet normal 0.935906 0.352250 0.000000
    outer loop
      vertex -28.5754 -26.5715 0.0000
      vertex -28.3910 -27.0615 20.5000
      vertex -28.3910 -27.0615 0.0000
    endloop
  endfacet
  facet normal 0.935906 0.352250 -0.000000
    outer loop
      vertex -28.5754 -26.5715 0.0000
      vertex -28.5754 -26.5715 20.5000
      vertex -28.3910 -27.0615 20.5000
    endloop
  endfacet
  facet normal 0.910864 0.412707 0.000000
    outer loop
      vertex -28.3910 -27.0615 0.0000
      vertex -28.1750 -27.5383 20.5000
      vertex -28.1750 -27.5383 0.0000
    endloop
  endfacet
  facet normal 0.910864 0.412707 -0.000000
    outer loop
      vertex -28.3910 -27.0615 0.0000
      vertex -28.3910 -27.0615 20.5000
      vertex -28.1750 -27.5383 20.5000
    endloop
  endfacet
  facet normal 0.881921 0.471397 0.000000
    outer loop
      vertex -28.1750 -27.5383 0.0000
      vertex -27.9282 -28.0000 20.5000
      vertex -27.9282 -28.0000 0.0000
    endloop
  endfacet
  facet normal 0.881921 0.471397 -0.000000
    outer loop
      vertex -28.1750 -27.5383 0.0000
      vertex -28.1750 -27.5383 20.5000
      vertex -27.9282 -28.0000 20.5000
    endloop
  endfacet
  facet normal 0.849202 0.528068 0.000000
    outer loop
      vertex -27.9282 -28.0000 0.0000
      vertex -27.6518 -28.4446 20.5000
      vertex -27.6518 -28.4446 0.0000
    endloop
  endfacet
  facet normal 0.849202 0.528068 -0.000000
    outer loop
      vertex -27.9282 -28.0000 0.0000
      vertex -27.9282 -28.0000 20.5000
      vertex -27.6518 -28.4446 20.5000
    endloop
  endfacet
  facet normal 0.812847 0.582478 0.000000
    outer loop
      vertex -27.6518 -28.4446 0.0000
      vertex -27.3468 -28.8701 20.5000
      vertex -27.3468 -28.8701 0.0000
    endloop
  endfacet
  facet normal 0.812847 0.582478 -0.000000
    outer loop
      vertex -27.6518 -28.4446 0.0000
      vertex -27.6518 -28.4446 20.5000
      vertex -27.3468 -28.8701 20.5000
    endloop
  endfacet
  facet normal 0.773010 0.634393 0.000000
    outer loop
      vertex -27.3468 -28.8701 0.0000
      vertex -27.0147 -29.2748 20.5000
      vertex -27.0147 -29.2748 0.0000
    endloop
  endfacet
  facet normal 0.773010 0.634393 -0.000000
    outer loop
      vertex -27.3468 -28.8701 0.0000
      vertex -27.3468 -28.8701 20.5000
      vertex -27.0147 -29.2748 20.5000
    endloop
  endfacet
  facet normal 0.729864 0.683592 0.000000
    outer loop
      vertex -27.0147 -29.2748 0.0000
      vertex -26.6569 -29.6569 20.5000
      vertex -26.6569 -29.6569 0.0000
    endloop
  endfacet
  facet normal 0.729864 0.683592 -0.000000
    outer loop
      vertex -27.0147 -29.2748 0.0000
      vertex -27.0147 -29.2748 20.5000
      vertex -26.6569 -29.6569 20.5000
    endloop
  endfacet
  facet normal 0.683592 0.729864 0.000000
    outer loop
      vertex -26.6569 -29.6569 0.0000
      vertex -26.2748 -30.0147 20.5000
      vertex -26.2748 -30.0147 0.0000
    endloop
  endfacet
  facet normal 0.683592 0.729864 -0.000000
    outer loop
      vertex -26.6569 -29.6569 0.0000
      vertex -26.6569 -29.6569 20.5000
      vertex -26.2748 -30.0147 20.5000
    endloop
  endfacet
  facet normal 0.634393 0.773010 0.000000
    outer loop
      vertex -26.2748 -30.0147 0.0000
      vertex -25.8701 -30.3468 20.5000
      vertex -25.8701 -30.3468 0.0000
    endloop
  endfacet
  facet normal 0.634393 0.773010 -0.000000
    outer loop
      vertex -26.2748 -30.0147 0.0000
      vertex -26.2748 -30.0147 20.5000
      vertex -25.8701 -30.3468 20.5000
    endloop
  endfacet
  facet normal 0.582478 0.812847 0.000000
    outer loop
      vertex -25.8701 -30.3468 0.0000
      vertex -25.4446 -30.6518 20.5000
      vertex -25.4446 -30.6518 0.0000
    endloop
  endfacet
  facet normal 0.582478 0.812847 -0.000000
    outer loop
      vertex -25.8701 -30.3468 0.0000
      vertex -25.8701 -30.3468 20.5000
      vertex -25.4446 -30.6518 20.5000
    endloop
  endfacet
  facet normal 0.528068 0.849202 0.000000
    outer loop
      vertex -25.4446 -30.6518 0.0000
      vertex -25.0000 -30.9282 20.5000
      vertex -25.0000 -30.9282 0.0000
    endloop
  endfacet
  facet normal 0.528068 0.849202 -0.000000
    outer loop
      vertex -25.4446 -30.6518 0.0000
      vertex -25.4446 -30.6518 20.5000
      vertex -25.0000 -30.9282 20.5000
    endloop
  endfacet
  facet normal 0.471397 0.881921 0.000000
    outer loop
      vertex -25.0000 -30.9282 0.0000
      vertex -24.5383 -31.1750 20.5000
      vertex -24.5383 -31.1750 0.0000
    endloop
  endfacet
  facet normal 0.471397 0.881921 -0.000000
    outer loop
      vertex -25.0000 -30.9282 0.0000
      vertex -25.0000 -30.9282 20.5000
      vertex -24.5383 -31.1750 20.5000
    endloop
  endfacet
  facet normal 0.412707 0.910864 0.000000
    outer loop
      vertex -24.5383 -31.1750 0.0000
      vertex -24.0615 -31.3910 20.5000
      vertex -24.0615 -31.3910 0.0000
    endloop
  endfacet
  facet normal 0.412707 0.910864 -0.000000
    outer loop
      vertex -24.5383 -31.1750 0.0000
      vertex -24.5383 -31.1750 20.5000
      vertex -24.0615 -31.3910 20.5000
    endloop
  endfacet
  facet normal 0.352250 0.935906 0.000000
    outer loop
      vertex -24.0615 -31.3910 0.0000
      vertex -23.5715 -31.5754 20.5000
      vertex -23.5715 -31.5754 0.0000
    endloop
  endfacet
  facet normal 0.352250 0.935906 -0.000000
    outer loop
      vertex -24.0615 -31.3910 0.0000
      vertex -24.0615 -31.3910 20.5000
      vertex -23.5715 -31.5754 20.5000
    endloop
  endfacet
  facet normal 0.290285 0.956940 0.000000
    outer loop
      vertex -23.5715 -31.5754 0.0000
      vertex -23.0706 -31.7274 20.5000
      vertex -23.0706 -31.7274 0.0000
    endloop
  endfacet
  facet normal 0.290285 0.956940 -0.000000
    outer loop
      vertex -23.5715 -31.5754 0.0000
      vertex -23.5715 -31.5754 20.5000
      vertex -23.0706 -31.7274 20.5000
    endloop
  endfacet
  facet normal 0.227076 0.973877 0.000000
    outer loop
      vertex -23.0706 -31.7274 0.0000
      vertex -22.5607 -31.8463 20.5000
      vertex -22.5607 -31.8463 0.0000
    endloop
  endfacet
  facet normal 0.227076 0.973877 -0.000000
    outer loop
      vertex -23.0706 -31.7274 0.0000
      vertex -23.0706 -31.7274 20.5000
      vertex -22.5607 -31.8463 20.5000
    endloop
  endfacet
  facet normal 0.162895 0.986643 0.000000
    outer loop
      vertex -22.5607 -31.8463 0.0000
      vertex -22.0442 -31.9316 20.5000
      vertex -22.0442 -31.9316 0.0000
    endloop
  endfacet
  facet normal 0.162895 0.986643 -0.000000
    outer loop
      vertex -22.5607 -31.8463 0.0000
      vertex -22.5607 -31.8463 20.5000
      vertex -22.0442 -31.9316 20.5000
    endloop
  endfacet
  facet normal 0.098017 0.995185 0.000000
    outer loop
      vertex -22.0442 -31.9316 0.0000
      vertex -21.5232 -31.9829 20.5000
      vertex -21.5232 -31.9829 0.0000
    endloop
  endfacet
  facet normal 0.098017 0.995185 -0.000000
    outer loop
      vertex -22.0442 -31.9316 0.0000
      vertex -22.0442 -31.9316 20.5000
      vertex -21.5232 -31.9829 20.5000
    endloop
  endfacet
  facet normal 0.000403 1.000000 0.000000
    outer loop
      vertex -21.5232 -31.9829 0.0000
      vertex 21.0000 -32.0000 20.5000
      vertex 21.0000 -32.0000 0.0000
    endloop
  endfacet
  facet normal 0.000403 1.000000 -0.000000
    outer loop
      vertex -21.5232 -31.9829 0.0000
      vertex -21.5232 -31.9829 20.5000
      vertex 21.0000 -32.0000 20.5000
    endloop
  endfacet
  facet normal -0.980785 -0.195090 0.000000
    outer loop
      vertex -79.6000 -88.0000 0.0000
      vertex -79.7827 -87.0816 2.5000
      vertex -79.7827 -87.0816 0.0000
    endloop
  endfacet
  facet normal -0.980785 -0.195090 0.000000
    outer loop
      vertex -79.6000 -88.0000 0.0000
      vertex -79.6000 -88.0000 2.5000
      vertex -79.7827 -87.0816 2.5000
    endloop
  endfacet
  facet normal -0.831470 -0.555570 0.000000
    outer loop
      vertex -79.7827 -87.0816 0.0000
      vertex -80.3029 -86.3029 2.5000
      vertex -80.3029 -86.3029 0.0000
    endloop
  endfacet
  facet normal -0.831470 -0.555570 0.000000
    outer loop
      vertex -79.7827 -87.0816 0.0000
      vertex -79.7827 -87.0816 2.5000
      vertex -80.3029 -86.3029 2.5000
    endloop
  endfacet
  facet normal -0.555570 -0.831470 0.000000
    outer loop
      vertex -80.3029 -86.3029 0.0000
      vertex -81.0816 -85.7827 2.5000
      vertex -81.0816 -85.7827 0.0000
    endloop
  endfacet
  facet normal -0.555570 -0.831470 0.000000
    outer loop
      vertex -80.3029 -86.3029 0.0000
      vertex -80.3029 -86.3029 2.5000
      vertex -81.0816 -85.7827 2.5000
    endloop
  endfacet
  facet normal -0.195090 -0.980785 0.000000
    outer loop
      vertex -81.0816 -85.7827 0.0000
      vertex -82.0000 -85.6000 2.5000
      vertex -82.0000 -85.6000 0.0000
    endloop
  endfacet
  facet normal -0.195090 -0.980785 0.000000
    outer loop
      vertex -81.0816 -85.7827 0.0000
      vertex -81.0816 -85.7827 2.5000
      vertex -82.0000 -85.6000 2.5000
    endloop
  endfacet
  facet normal 0.195090 -0.980785 0.000000
    outer loop
      vertex -82.0000 -85.6000 0.0000
      vertex -82.9184 -85.7827 2.5000
      vertex -82.9184 -85.7827 0.0000
    endloop
  endfacet
  facet normal 0.195090 -0.980785 0.000000
    outer loop
      vertex -82.0000 -85.6000 0.0000
      vertex -82.0000 -85.6000 2.5000
      vertex -82.9184 -85.7827 2.5000
    endloop
  endfacet
  facet normal 0.555570 -0.831470 0.000000
    outer loop
      vertex -82.9184 -85.7827 0.0000
      vertex -83.6971 -86.3029 2.5000
      vertex -83.6971 -86.3029 0.0000
    endloop
  endfacet
  facet normal 0.555570 -0.831470 0.000000
    outer loop
      vertex -82.9184 -85.7827 0.0000
      vertex -82.9184 -85.7827 2.5000
      vertex -83.6971 -86.3029 2.5000
    endloop
  endfacet
  facet normal 0.831470 -0.555570 0.000000
    outer loop
      vertex -83.6971 -86.3029 0.0000
      vertex -84.2173 -87.0816 2.5000
      vertex -84.2173 -87.0816 0.0000
    endloop
  endfacet
  facet normal 0.831470 -0.555570 0.000000
    outer loop
      vertex -83.6971 -86.3029 0.0000
      vertex -83.6971 -86.3029 2.5000
      vertex -84.2173 -87.0816 2.5000
    endloop
  endfacet
  facet normal 0.980785 -0.195090 0.000000
    outer loop
      vertex -84.2173 -87.0816 0.0000
      vertex -84.4000 -88.0000 2.5000
      vertex -84.4000 -88.0000 0.0000
    endloop
  endfacet
  facet normal 0.980785 -0.195090 0.000000
    outer loop
      vertex -84.2173 -87.0816 0.0000
      vertex -84.2173 -87.0816 2.5000
      vertex -84.4000 -88.0000 2.5000
    endloop
  endfacet
  facet normal 0.980785 0.195090 0.000000
    outer loop
      vertex -84.4000 -88.0000 0.0000
      vertex -84.2173 -88.9184 2.5000
      vertex -84.2173 -88.9184 0.0000
    endloop
  endfacet
  facet normal 0.980785 0.195090 -0.000000
    outer loop
      vertex -84.4000 -88.0000 0.0000
      vertex -84.4000 -88.0000 2.5000
      vertex -84.2173 -88.9184 2.5000
    endloop
  endfacet
  facet normal 0.831470 0.555570 0.000000
    outer loop
      vertex -84.2173 -88.9184 0.0000
      vertex -83.6971 -89.6971 2.5000
      vertex -83.6971 -89.6971 0.0000
    endloop
  endfacet
  facet normal 0.831470 0.555570 -0.000000
    outer loop
      vertex -84.2173 -88.9184 0.0000
      vertex -84.2173 -88.9184 2.5000
      vertex -83.6971 -89.6971 2.5000
    endloop
  endfacet
  facet normal 0.555570 0.831470 0.000000
    outer loop
      vertex -83.6971 -89.6971 0.0000
      vertex -82.9184 -90.2173 2.5000
      vertex -82.9184 -90.2173 0.0000
    endloop
  endfacet
  facet normal 0.555570 0.831470 -0.000000
    outer loop
      vertex -83.6971 -89.6971 0.0000
      vertex -83.6971 -89.6971 2.5000
      vertex -82.9184 -90.2173 2.5000
    endloop
  endfacet
  facet normal 0.195090 0.980785 0.000000
    outer loop
      vertex -82.9184 -90.2173 0.0000
      vertex -82.0000 -90.4000 2.5000
      vertex -82.0000 -90.4000 0.0000
    endloop
  endfacet
  facet normal 0.195090 0.980785 -0.000000
    outer loop
      vertex -82.9184 -90.2173 0.0000
      vertex -82.9184 -90.2173 2.5000
      vertex -82.0000 -90.4000 2.5000
    endloop
  endfacet
  facet normal -0.195090 0.980785 0.000000
    outer loop
      vertex -82.0000 -90.4000 0.0000
      vertex -81.0816 -90.2173 2.5000
      vertex -81.0816 -90.2173 0.0000
    endloop
  endfacet
  facet normal -0.195090 0.980785 0.000000
    outer loop
      vertex -82.0000 -90.4000 0.0000
      vertex -82.0000 -90.4000 2.5000
      vertex -81.0816 -90.2173 2.5000
    endloop
  endfacet
  facet normal -0.555570 0.831470 0.000000
    outer loop
      vertex -81.0816 -90.2173 0.0000
      vertex -80.3029 -89.6971 2.5000
      vertex -80.3029 -89.6971 0.0000
    endloop
  endfacet
  facet normal -0.555570 0.831470 0.000000
    outer loop
      vertex -81.0816 -90.2173 0.0000
      vertex -81.0816 -90.2173 2.5000
      vertex -80.3029 -89.6971 2.5000
    endloop
  endfacet
  facet normal -0.831470 0.555570 0.000000
    outer loop
      vertex -80.3029 -89.6971 0.0000
      vertex -79.7827 -88.9184 2.5000
      vertex -79.7827 -88.9184 0.0000
    endloop
  endfacet
  facet normal -0.831470 0.555570 0.000000
    outer loop
      vertex -80.3029 -89.6971 0.0000
      vertex -80.3029 -89.6971 2.5000
      vertex -79.7827 -88.9184 2.5000
    endloop
  endfacet
  facet normal -0.980785 0.195090 0.000000
    outer loop
      vertex -79.7827 -88.9184 0.0000
      vertex -79.6000 -88.0000 2.5000
      vertex -79.6000 -88.0000 0.0000
    endloop
  endfacet
  facet normal -0.980785 0.195090 0.000000
    outer loop
      vertex -79.7827 -88.9184 0.0000
      vertex -79.7827 -88.9184 2.5000
      vertex -79.6000 -88.0000 2.5000
    endloop
  endfacet
  facet normal -0.980785 -0.195090 0.000000
    outer loop
      vertex -79.6000 118.0000 0.0000
      vertex -79.7827 118.9184 2.5000
      vertex -79.7827 118.9184 0.0000
    endloop
  endfacet
  facet normal -0.980785 -0.195090 0.000000
    outer loop
      vertex -79.6000 118.0000 0.0000
      vertex -79.6000 118.0000 2.5000
      vertex -79.7827 118.9184 2.5000
    endloop
  endfacet
  facet normal -0.831470 -0.555570 0.000000
    outer loop
      vertex -79.7827 118.9184 0.0000
      vertex -80.3029 119.6971 2.5000
      vertex -80.3029 119.6971 0.0000
    endloop
  endfacet
  facet normal -0.831470 -0.555570 0.000000
    outer loop
      vertex -79.7827 118.9184 0.0000
      vertex -79.7827 118.9184 2.5000
      vertex -80.3029 119.6971 2.5000
    endloop
  endfacet
  facet normal -0.555570 -0.831470 0.000000
    outer loop
      vertex -80.3029 119.6971 0.0000
      vertex -81.0816 120.2173 2.5000
      vertex -81.0816 120.2173 0.0000
    endloop
  endfacet
  facet normal -0.555570 -0.831470 0.000000
    outer loop
      vertex -80.3029 119.6971 0.0000
      vertex -80.3029 119.6971 2.5000
      vertex -81.0816 120.2173 2.5000
    endloop
  endfacet
  facet normal -0.195090 -0.980785 0.000000
    outer loop
      vertex -81.0816 120.2173 0.0000
      vertex -82.0000 120.4000 2.5000
      vertex -82.0000 120.4000 0.0000
    endloop
  endfacet
  facet normal -0.195090 -0.980785 0.000000
    outer loop
      vertex -81.0816 120.2173 0.0000
      vertex -81.0816 120.2173 2.5000
      vertex -82.0000 120.4000 2.5000
    endloop
  endfacet
  facet normal 0.195090 -0.980785 0.000000
    outer loop
      vertex -82.0000 120.4000 0.0000
      vertex -82.9184 120.2173 2.5000
      vertex -82.9184 120.2173 0.0000
    endloop
  endfacet
  facet normal 0.195090 -0.980785 0.000000
    outer loop
      vertex -82.0000 120.4000 0.0000
      vertex -82.0000 120.4000 2.5000
      vertex -82.9184 120.2173 2.5000
    endloop
  endfacet
  facet normal 0.555570 -0.831470 0.000000
    outer loop
      vertex -82.9184 120.2173 0.0000
      vertex -83.6971 119.6971 2.5000
      vertex -83.6971 119.6971 0.0000
    endloop
  endfacet
  facet normal 0.555570 -0.831470 0.000000
    outer loop
      vertex -82.9184 120.2173 0.0000
      vertex -82.9184 120.2173 2.5000
      vertex -83.6971 119.6971 2.5000
    endloop
  endfacet
  facet normal 0.831470 -0.555570 0.000000
    outer loop
      vertex -83.6971 119.6971 0.0000
      vertex -84.2173 118.9184 2.5000
      vertex -84.2173 118.9184 0.0000
    endloop
  endfacet
  facet normal 0.831470 -0.555570 0.000000
    outer loop
      vertex -83.6971 119.6971 0.0000
      vertex -83.6971 119.6971 2.5000
      vertex -84.2173 118.9184 2.5000
    endloop
  endfacet
  facet normal 0.980785 -0.195090 0.000000
    outer loop
      vertex -84.2173 118.9184 0.0000
      vertex -84.4000 118.0000 2.5000
      vertex -84.4000 118.0000 0.0000
    endloop
  endfacet
  facet normal 0.980785 -0.195090 0.000000
    outer loop
      vertex -84.2173 118.9184 0.0000
      vertex -84.2173 118.9184 2.5000
      vertex -84.4000 118.0000 2.5000
    endloop
  endfacet
  facet normal 0.980785 0.195090 0.000000
    outer loop
      vertex -84.4000 118.0000 0.0000
      vertex -84.2173 117.0816 2.5000
      vertex -84.2173 117.0816 0.0000
    endloop
  endfacet
  facet normal 0.980785 0.195090 -0.000000
    outer loop
      vertex -84.4000 118.0000 0.0000
      vertex -84.4000 118.0000 2.5000
      vertex -84.2173 117.0816 2.5000
    endloop
  endfacet
  facet normal 0.831470 0.555570 0.000000
    outer loop
      vertex -84.2173 117.0816 0.0000
      vertex -83.6971 116.3029 2.5000
      vertex -83.6971 116.3029 0.0000
    endloop
  endfacet
  facet normal 0.831470 0.555570 -0.000000
    outer loop
      vertex -84.2173 117.0816 0.0000
      vertex -84.2173 117.0816 2.5000
      vertex -83.6971 116.3029 2.5000
    endloop
  endfacet
  facet normal 0.555570 0.831470 0.000000
    outer loop
      vertex -83.6971 116.3029 0.0000
      vertex -82.9184 115.7827 2.5000
      vertex -82.9184 115.7827 0.0000
    endloop
  endfacet
  facet normal 0.555570 0.831470 -0.000000
    outer loop
      vertex -83.6971 116.3029 0.0000
      vertex -83.6971 116.3029 2.5000
      vertex -82.9184 115.7827 2.5000
    endloop
  endfacet
  facet normal 0.195090 0.980785 0.000000
    outer loop
      vertex -82.9184 115.7827 0.0000
      vertex -82.0000 115.6000 2.5000
      vertex -82.0000 115.6000 0.0000
    endloop
  endfacet
  facet normal 0.195090 0.980785 -0.000000
    outer loop
      vertex -82.9184 115.7827 0.0000
      vertex -82.9184 115.7827 2.5000
      vertex -82.0000 115.6000 2.5000
    endloop
  endfacet
  facet normal -0.195090 0.980785 0.000000
    outer loop
      vertex -82.0000 115.6000 0.0000
      vertex -81.0816 115.7827 2.5000
      vertex -81.0816 115.7827 0.0000
    endloop
  endfacet
  facet normal -0.195090 0.980785 0.000000
    outer loop
      vertex -82.0000 115.6000 0.0000
      vertex -82.0000 115.6000 2.5000
      vertex -81.0816 115.7827 2.5000
    endloop
  endfacet
  facet normal -0.555570 0.831470 0.000000
    outer loop
      vertex -81.0816 115.7827 0.0000
      vertex -80.3029 116.3029 2.5000
      vertex -80.3029 116.3029 0.0000
    endloop
  endfacet
  facet normal -0.555570 0.831470 0.000000
    outer loop
      vertex -81.0816 115.7827 0.0000
      vertex -81.0816 115.7827 2.5000
      vertex -80.3029 116.3029 2.5000
    endloop
  endfacet
  facet normal -0.831470 0.555570 0.000000
    outer loop
      vertex -80.3029 116.3029 0.0000
      vertex -79.7827 117.0816 2.5000
      vertex -79.7827 117.0816 0.0000
    endloop
  endfacet
  facet normal -0.831470 0.555570 0.000000
    outer loop
      vertex -80.3029 116.3029 0.0000
      vertex -80.3029 116.3029 2.5000
      vertex -79.7827 117.0816 2.5000
    endloop
  endfacet
  facet normal -0.980785 0.195090 0.000000
    outer loop
      vertex -79.7827 117.0816 0.0000
      vertex -79.6000 118.0000 2.5000
      vertex -79.6000 118.0000 0.0000
    endloop
  endfacet
  facet normal -0.980785 0.195090 0.000000
    outer loop
      vertex -79.7827 117.0816 0.0000
      vertex -79.7827 117.0816 2.5000
      vertex -79.6000 118.0000 2.5000
    endloop
  endfacet
  facet normal -0.980785 -0.195090 0.000000
    outer loop
      vertex 84.4000 -88.0000 0.0000
      vertex 84.2173 -87.0816 2.5000
      vertex 84.2173 -87.0816 0.0000
    endloop
  endfacet
  facet normal -0.980785 -0.195090 0.000000
    outer loop
      vertex 84.4000 -88.0000 0.0000
      vertex 84.4000 -88.0000 2.5000
      vertex 84.2173 -87.0816 2.5000
    endloop
  endfacet
  facet normal -0.831470 -0.555570 0.000000
    outer loop
      vertex 84.2173 -87.0816 0.0000
      vertex 83.6971 -86.3029 2.5000
      vertex 83.6971 -86.3029 0.0000
    endloop
  endfacet
  facet normal -0.831470 -0.555570 0.000000
    outer loop
      vertex 84.2173 -87.0816 0.0000
      vertex 84.2173 -87.0816 2.5000
      vertex 83.6971 -86.3029 2.5000
    endloop
  endfacet
  facet normal -0.555570 -0.831470 0.000000
    outer loop
      vertex 83.6971 -86.3029 0.0000
      vertex 82.9184 -85.7827 2.5000
      vertex 82.9184 -85.7827 0.0000
    endloop
  endfacet
  facet normal -0.555570 -0.831470 0.000000
    outer loop
      vertex 83.6971 -86.3029 0.0000
      vertex 83.6971 -86.3029 2.5000
      vertex 82.9184 -85.7827 2.5000
    endloop
  endfacet
  facet normal -0.195090 -0.980785 0.000000
    outer loop
      vertex 82.9184 -85.7827 0.0000
      vertex 82.0000 -85.6000 2.5000
      vertex 82.0000 -85.6000 0.0000
    endloop
  endfacet
  facet normal -0.195090 -0.980785 0.000000
    outer loop
      vertex 82.9184 -85.7827 0.0000
      vertex 82.9184 -85.7827 2.5000
      vertex 82.0000 -85.6000 2.5000
    endloop
  endfacet
  facet normal 0.195090 -0.980785 0.000000
    outer loop
      vertex 82.0000 -85.6000 0.0000
      vertex 81.0816 -85.7827 2.5000
      vertex 81.0816 -85.7827 0.0000
    endloop
  endfacet
  facet normal 0.195090 -0.980785 0.000000
    outer loop
      vertex 82.0000 -85.6000 0.0000
      vertex 82.0000 -85.6000 2.5000
      vertex 81.0816 -85.7827 2.5000
    endloop
  endfacet
  facet normal 0.555570 -0.831470 0.000000
    outer loop
      vertex 81.0816 -85.7827 0.0000
      vertex 80.3029 -86.3029 2.5000
      vertex 80.3029 -86.3029 0.0000
    endloop
  endfacet
  facet normal 0.555570 -0.831470 0.000000
    outer loop
      vertex 81.0816 -85.7827 0.0000
      vertex 81.0816 -85.7827 2.5000
      vertex 80.3029 -86.3029 2.5000
    endloop
  endfacet
  facet normal 0.831470 -0.555570 0.000000
    outer loop
      vertex 80.3029 -86.3029 0.0000
      vertex 79.7827 -87.0816 2.5000
      vertex 79.7827 -87.0816 0.0000
    endloop
  endfacet
  facet normal 0.831470 -0.555570 0.000000
    outer loop
      vertex 80.3029 -86.3029 0.0000
      vertex 80.3029 -86.3029 2.5000
      vertex 79.7827 -87.0816 2.5000
    endloop
  endfacet
  facet normal 0.980785 -0.195090 0.000000
    outer loop
      vertex 79.7827 -87.0816 0.0000
      vertex 79.6000 -88.0000 2.5000
      vertex 79.6000 -88.0000 0.0000
    endloop
  endfacet
  facet normal 0.980785 -0.195090 0.000000
    outer loop
      vertex 79.7827 -87.0816 0.0000
      vertex 79.7827 -87.0816 2.5000
      vertex 79.6000 -88.0000 2.5000
    endloop
  endfacet
  facet normal 0.980785 0.195090 0.000000
    outer loop
      vertex 79.6000 -88.0000 0.0000
      vertex 79.7827 -88.9184 2.5000
      vertex 79.7827 -88.9184 0.0000
    endloop
  endfacet
  facet normal 0.980785 0.195090 -0.000000
    outer loop
      vertex 79.6000 -88.0000 0.0000
      vertex 79.6000 -88.0000 2.5000
      vertex 79.7827 -88.9184 2.5000
    endloop
  endfacet
  facet normal 0.831470 0.555570 0.000000
    outer loop
      vertex 79.7827 -88.9184 0.0000
      vertex 80.3029 -89.6971 2.5000
      vertex 80.3029 -89.6971 0.0000
    endloop
  endfacet
  facet normal 0.831470 0.555570 -0.000000
    outer loop
      vertex 79.7827 -88.9184 0.0000
      vertex 79.7827 -88.9184 2.5000
      vertex 80.3029 -89.6971 2.5000
    endloop
  endfacet
  facet normal 0.555570 0.831470 0.000000
    outer loop
      vertex 80.3029 -89.6971 0.0000
      vertex 81.0816 -90.2173 2.5000
      vertex 81.0816 -90.2173 0.0000
    endloop
  endfacet
  facet normal 0.555570 0.831470 -0.000000
    outer loop
      vertex 80.3029 -89.6971 0.0000
      vertex 80.3029 -89.6971 2.5000
      vertex 81.0816 -90.2173 2.5000
    endloop
  endfacet
  facet normal 0.195090 0.980785 0.000000
    outer loop
      vertex 81.0816 -90.2173 0.0000
      vertex 82.0000 -90.4000 2.5000
      vertex 82.0000 -90.4000 0.0000
    endloop
  endfacet
  facet normal 0.195090 0.980785 -0.000000
    outer loop
      vertex 81.0816 -90.2173 0.0000
      vertex 81.0816 -90.2173 2.5000
      vertex 82.0000 -90.4000 2.5000
    endloop
  endfacet
  facet normal -0.195090 0.980785 0.000000
    outer loop
      vertex 82.0000 -90.4000 0.0000
      vertex 82.9184 -90.2173 2.5000
      vertex 82.9184 -90.2173 0.0000
    endloop
  endfacet
  facet normal -0.195090 0.980785 0.000000
    outer loop
      vertex 82.0000 -90.4000 0.0000
      vertex 82.0000 -90.4000 2.5000
      vertex 82.9184 -90.2173 2.5000
    endloop
  endfacet
  facet normal -0.555570 0.831470 0.000000
    outer loop
      vertex 82.9184 -90.2173 0.0000
      vertex 83.6971 -89.6971 2.5000
      vertex 83.6971 -89.6971 0.0000
    endloop
  endfacet
  facet normal -0.555570 0.831470 0.000000
    outer loop
      vertex 82.9184 -90.2173 0.0000
      vertex 82.9184 -90.2173 2.5000
      vertex 83.6971 -89.6971 2.5000
    endloop
  endfacet
  facet normal -0.831470 0.555570 0.000000
    outer loop
      vertex 83.6971 -89.6971 0.0000
      vertex 84.2173 -88.9184 2.5000
      vertex 84.2173 -88.9184 0.0000
    endloop
  endfacet
  facet normal -0.831470 0.555570 0.000000
    outer loop
      vertex 83.6971 -89.6971 0.0000
      vertex 83.6971 -89.6971 2.5000
      vertex 84.2173 -88.9184 2.5000
    endloop
  endfacet
  facet normal -0.980785 0.195090 0.000000
    outer loop
      vertex 84.2173 -88.9184 0.0000
      vertex 84.4000 -88.0000 2.5000
      vertex 84.4000 -88.0000 0.0000
    endloop
  endfacet
  facet normal -0.980785 0.195090 0.000000
    outer loop
      vertex 84.2173 -88.9184 0.0000
      vertex 84.2173 -88.9184 2.5000
      vertex 84.4000 -88.0000 2.5000
    endloop
  endfacet
  facet normal -0.980785 -0.195090 0.000000
    outer loop
      vertex 84.4000 118.0000 0.0000
      vertex 84.2173 118.9184 2.5000
      vertex 84.2173 118.9184 0.0000
    endloop
  endfacet
  facet normal -0.980785 -0.195090 0.000000
    outer loop
      vertex 84.4000 118.0000 0.0000
      vertex 84.4000 118.0000 2.5000
      vertex 84.2173 118.9184 2.5000
    endloop
  endfacet
  facet normal -0.831470 -0.555570 0.000000
    outer loop
      vertex 84.2173 118.9184 0.0000
      vertex 83.6971 119.6971 2.5000
      vertex 83.6971 119.6971 0.0000
    endloop
  endfacet
  facet normal -0.831470 -0.555570 0.000000
    outer loop
      vertex 84.2173 118.9184 0.0000
      vertex 84.2173 118.9184 2.5000
      vertex 83.6971 119.6971 2.5000
    endloop
  endfacet
  facet normal -0.555570 -0.831470 0.000000
    outer loop
      vertex 83.6971 119.6971 0.0000
      vertex 82.9184 120.2173 2.5000
      vertex 82.9184 120.2173 0.0000
    endloop
  endfacet
  facet normal -0.555570 -0.831470 0.000000
    outer loop
      vertex 83.6971 119.6971 0.0000
      vertex 83.6971 119.6971 2.5000
      vertex 82.9184 120.2173 2.5000
    endloop
  endfacet
  facet normal -0.195090 -0.980785 0.000000
    outer loop
      vertex 82.9184 120.2173 0.0000
      vertex 82.0000 120.4000 2.5000
      vertex 82.0000 120.4000 0.0000
    endloop
  endfacet
  facet normal -0.195090 -0.980785 0.000000
    outer loop
      vertex 82.9184 120.2173 0.0000
      vertex 82.9184 120.2173 2.5000
      vertex 82.0000 120.4000 2.5000
    endloop
  endfacet
  facet normal 0.195090 -0.980785 0.000000
    outer loop
      vertex 82.0000 120.4000 0.0000
      vertex 81.0816 120.2173 2.5000
      vertex 81.0816 120.2173 0.0000
    endloop
  endfacet
  facet normal 0.195090 -0.980785 0.000000
    outer loop
      vertex 82.0000 120.4000 0.0000
      vertex 82.0000 120.4000 2.5000
      vertex 81.0816 120.2173 2.5000
    endloop
  endfacet
  facet normal 0.555570 -0.831470 0.000000
    outer loop
      vertex 81.0816 120.2173 0.0000
      vertex 80.3029 119.6971 2.5000
      vertex 80.3029 119.6971 0.0000
    endloop
  endfacet
  facet normal 0.555570 -0.831470 0.000000
    outer loop
      vertex 81.0816 120.2173 0.0000
      vertex 81.0816 120.2173 2.5000
      vertex 80.3029 119.6971 2.5000
    endloop
  endfacet
  facet normal 0.831470 -0.555570 0.000000
    outer loop
      vertex 80.3029 119.6971 0.0000
      vertex 79.7827 118.9184 2.5000
      vertex 79.7827 118.9184 0.0000
    endloop
  endfacet
  facet normal 0.831470 -0.555570 0.000000
    outer loop
      vertex 80.3029 119.6971 0.0000
      vertex 80.3029 119.6971 2.5000
      vertex 79.7827 118.9184 2.5000
    endloop
  endfacet
  facet normal 0.980785 -0.195090 0.000000
    outer loop
      vertex 79.7827 118.9184 0.0000
      vertex 79.6000 118.0000 2.5000
      vertex 79.6000 118.0000 0.0000
    endloop
  endfacet
  facet normal 0.980785 -0.195090 0.000000
    outer loop
      vertex 79.7827 118.9184 0.0000
      vertex 79.7827 118.9184 2.5000
      vertex 79.6000 118.0000 2.5000
    endloop
  endfacet
  facet normal 0.980785 0.195090 0.000000
    outer loop
      vertex 79.6000 118.0000 0.0000
      vertex 79.7827 117.0816 2.5000
      vertex 79.7827 117.0816 0.0000
    endloop
  endfacet
  facet normal 0.980785 0.195090 -0.000000
    outer loop
      vertex 79.6000 118.0000 0.0000
      vertex 79.6000 118.0000 2.5000
      vertex 79.7827 117.0816 2.5000
    endloop
  endfacet
  facet normal 0.831470 0.555570 0.000000
    outer loop
      vertex 79.7827 117.0816 0.0000
      vertex 80.3029 116.3029 2.5000
      vertex 80.3029 116.3029 0.0000
    endloop
  endfacet
  facet normal 0.831470 0.555570 -0.000000
    outer loop
      vertex 79.7827 117.0816 0.0000
      vertex 79.7827 117.0816 2.5000
      vertex 80.3029 116.3029 2.5000
    endloop
  endfacet
  facet normal 0.555570 0.831470 0.000000
    outer loop
      vertex 80.3029 116.3029 0.0000
      vertex 81.0816 115.7827 2.5000
      vertex 81.0816 115.7827 0.0000
    endloop
  endfacet
  facet normal 0.555570 0.831470 -0.000000
    outer loop
      vertex 80.3029 116.3029 0.0000
      vertex 80.3029 116.3029 2.5000
      vertex 81.0816 115.7827 2.5000
    endloop
  endfacet
  facet normal 0.195090 0.980785 0.000000
    outer loop
      vertex 81.0816 115.7827 0.0000
      vertex 82.0000 115.6000 2.5000
      vertex 82.0000 115.6000 0.0000
    endloop
  endfacet
  facet normal 0.195090 0.980785 -0.000000
    outer loop
      vertex 81.0816 115.7827 0.0000
      vertex 81.0816 115.7827 2.5000
      vertex 82.0000 115.6000 2.5000
    endloop
  endfacet
  facet normal -0.195090 0.980785 0.000000
    outer loop
      vertex 82.0000 115.6000 0.0000
      vertex 82.9184 115.7827 2.5000
      vertex 82.9184 115.7827 0.0000
    endloop
  endfacet
  facet normal -0.195090 0.980785 0.000000
    outer loop
      vertex 82.0000 115.6000 0.0000
      vertex 82.0000 115.6000 2.5000
      vertex 82.9184 115.7827 2.5000
    endloop
  endfacet
  facet normal -0.555570 0.831470 0.000000
    outer loop
      vertex 82.9184 115.7827 0.0000
      vertex 83.6971 116.3029 2.5000
      vertex 83.6971 116.3029 0.0000
    endloop
  endfacet
  facet normal -0.555570 0.831470 0.000000
    outer loop
      vertex 82.9184 115.7827 0.0000
      vertex 82.9184 115.7827 2.5000
      vertex 83.6971 116.3029 2.5000
    endloop
  endfacet
  facet normal -0.831470 0.555570 0.000000
    outer loop
      vertex 83.6971 116.3029 0.0000
      vertex 84.2173 117.0816 2.5000
      vertex 84.2173 117.0816 0.0000
    endloop
  endfacet
  facet normal -0.831470 0.555570 0.000000
    outer loop
      vertex 83.6971 116.3029 0.0000
      vertex 83.6971 116.3029 2.5000
      vertex 84.2173 117.0816 2.5000
    endloop
  endfacet
  facet normal -0.980785 0.195090 0.000000
    outer loop
      vertex 84.2173 117.0816 0.0000
      vertex 84.4000 118.0000 2.5000
      vertex 84.4000 118.0000 0.0000
    endloop
  endfacet
  facet normal -0.980785 0.195090 0.000000
    outer loop
      vertex 84.2173 117.0816 0.0000
      vertex 84.2173 117.0816 2.5000
      vertex 84.4000 118.0000 2.5000
    endloop
  endfacet
  facet normal 0.000000 0.000000 1.000000
    outer loop
      vertex -79.6000 118.0000 2.5000
      vertex 79.6000 118.0000 2.5000
      vertex 79.7827 118.9184 2.5000
    endloop
  endfacet
  facet normal 0.000000 0.000000 1.000000
    outer loop
      vertex 79.7827 117.0816 2.5000
      vertex 79.6000 118.0000 2.5000
      vertex -79.6000 118.0000 2.5000
    endloop
  endfacet
  facet normal 0.000000 0.000000 1.000000
    outer loop
      vertex -84.2173 117.0816 2.5000
      vertex -84.4000 118.0000 2.5000
      vertex -92.0400 117.4941 2.5000
    endloop
  endfacet
  facet normal 0.000000 0.000000 1.000000
    outer loop
      vertex -92.0400 117.4941 2.5000
      vertex -92.2406 116.6337 2.5000
      vertex -92.3845 115.7621 2.5000
    endloop
  endfacet
  facet normal 0.000000 0.000000 1.000000
    outer loop
      vertex -92.3845 115.7621 2.5000
      vertex -92.4711 114.8829 2.5000
      vertex -92.5000 -84.0000 2.5000
    endloop
  endfacet
  facet normal 0.000000 0.000000 1.000000
    outer loop
      vertex -92.5000 -84.0000 2.5000
      vertex -29.0000 -24.0000 2.5000
      vertex -28.9829 24.5232 2.5000
    endloop
  endfacet
  facet normal 0.000000 0.000000 1.000000
    outer loop
      vertex -28.9829 -24.5232 2.5000
      vertex -29.0000 -24.0000 2.5000
      vertex -92.5000 -84.0000 2.5000
    endloop
  endfacet
  facet normal 0.000000 0.000000 1.000000
    outer loop
      vertex -92.5000 -84.0000 2.5000
      vertex -92.4711 -84.8829 2.5000
      vertex -92.3845 -85.7621 2.5000
    endloop
  endfacet
  facet normal 0.000000 0.000000 1.000000
    outer loop
      vertex -92.3845 -85.7621 2.5000
      vertex -92.2406 -86.6337 2.5000
      vertex -92.0400 -87.4941 2.5000
    endloop
  endfacet
  facet normal -0.000000 0.000000 1.000000
    outer loop
      vertex -92.0400 -87.4941 2.5000
      vertex -84.4000 -88.0000 2.5000
      vertex -84.2173 -87.0816 2.5000
    endloop
  endfacet
  facet normal 0.000000 0.000000 1.000000
    outer loop
      vertex -79.7827 -87.0816 2.5000
      vertex -79.6000 -88.0000 2.5000
      vertex 79.6000 -88.0000 2.5000
    endloop
  endfacet
  facet normal 0.000000 0.000000 1.000000
    outer loop
      vertex 79.7827 -88.9184 2.5000
      vertex 79.6000 -88.0000 2.5000
      vertex -79.6000 -88.0000 2.5000
    endloop
  endfacet
  facet normal 0.000000 0.000000 1.000000
    outer loop
      vertex -84.2173 -88.9184 2.5000
      vertex -84.4000 -88.0000 2.5000
      vertex -92.0400 -87.4941 2.5000
    endloop
  endfacet
  facet normal 0.000000 0.000000 1.000000
    outer loop
      vertex -92.0400 -87.4941 2.5000
      vertex -91.7836 -88.3394 2.5000
      vertex -91.4724 -89.1662 2.5000
    endloop
  endfacet
  facet normal 0.000000 0.000000 1.000000
    outer loop
      vertex -91.4724 -89.1662 2.5000
      vertex -91.1078 -89.9709 2.5000
      vertex -90.6913 -90.7500 2.5000
    endloop
  endfacet
  facet normal 0.000000 0.000000 1.000000
    outer loop
      vertex -90.6913 -90.7500 2.5000
      vertex -90.2248 -91.5002 2.5000
      vertex -89.7103 -92.2183 2.5000
    endloop
  endfacet
  facet normal 0.000000 0.000000 1.000000
    outer loop
      vertex -89.7103 -92.2183 2.5000
      vertex -89.1498 -92.9012 2.5000
      vertex -88.5459 -93.5459 2.5000
    endloop
  endfacet
  facet normal 0.000000 0.000000 1.000000
    outer loop
      vertex -88.5459 -93.5459 2.5000
      vertex -87.9012 -94.1498 2.5000
      vertex -87.2183 -94.7103 2.5000
    endloop
  endfacet
  facet normal 0.000000 0.000000 1.000000
    outer loop
      vertex -87.2183 -94.7103 2.5000
      vertex -86.5002 -95.2248 2.5000
      vertex -85.7500 -95.6913 2.5000
    endloop
  endfacet
  facet normal 0.000000 0.000000 1.000000
    outer loop
      vertex -85.7500 -95.6913 2.5000
      vertex -84.9709 -96.1078 2.5000
      vertex -84.1662 -96.4724 2.5000
    endloop
  endfacet
  facet normal 0.000000 0.000000 1.000000
    outer loop
      vertex -84.1662 -96.4724 2.5000
      vertex -83.3394 -96.7836 2.5000
      vertex -82.4941 -97.0400 2.5000
    endloop
  endfacet
  facet normal 0.000000 0.000000 1.000000
    outer loop
      vertex -82.4941 -97.0400 2.5000
      vertex -81.6337 -97.2406 2.5000
      vertex -80.7621 -97.3845 2.5000
    endloop
  endfacet
  facet normal 0.000000 0.000000 1.000000
    outer loop
      vertex -80.7621 -97.3845 2.5000
      vertex -79.8829 -97.4711 2.5000
      vertex 79.0000 -97.5000 2.5000
    endloop
  endfacet
  facet normal 0.000000 0.000000 1.000000
    outer loop
      vertex 79.0000 -97.5000 2.5000
      vertex 79.8829 -97.4711 2.5000
      vertex 80.7621 -97.3845 2.5000
    endloop
  endfacet
  facet normal 0.000000 0.000000 1.000000
    outer loop
      vertex 80.7621 -97.3845 2.5000
      vertex 81.6337 -97.2406 2.5000
      vertex 82.4941 -97.0400 2.5000
    endloop
  endfacet
  facet normal 0.000000 0.000000 1.000000
    outer loop
      vertex 82.4941 -97.0400 2.5000
      vertex 83.3394 -96.7836 2.5000
      vertex 84.1662 -96.4724 2.5000
    endloop
  endfacet
  facet normal 0.000000 0.000000 1.000000
    outer loop
      vertex 84.1662 -96.4724 2.5000
      vertex 84.9709 -96.1078 2.5000
      vertex 85.7500 -95.6913 2.5000
    endloop
  endfacet
  facet normal 0.000000 0.000000 1.000000
    outer loop
      vertex 85.7500 -95.6913 2.5000
      vertex 86.5002 -95.2248 2.5000
      vertex 87.2183 -94.7103 2.5000
    endloop
  endfacet
  facet normal 0.000000 0.000000 1.000000
    outer loop
      vertex 87.2183 -94.7103 2.5000
      vertex 87.9012 -94.1498 2.5000
      vertex 88.5459 -93.5459 2.5000
    endloop
  endfacet
  facet normal 0.000000 0.000000 1.000000
    outer loop
      vertex 88.5459 -93.5459 2.5000
      vertex 89.1498 -92.9012 2.5000
      vertex 89.7103 -92.2183 2.5000
    endloop
  endfacet
  facet normal 0.000000 0.000000 1.000000
    outer loop
      vertex 89.7103 -92.2183 2.5000
      vertex 90.2248 -91.5002 2.5000
      vertex 90.6913 -90.7500 2.5000
    endloop
  endfacet
  facet normal 0.000000 0.000000 1.000000
    outer loop
      vertex 90.6913 -90.7500 2.5000
      vertex 91.1078 -89.9709 2.5000
      vertex 91.4724 -89.1662 2.5000
    endloop
  endfacet
  facet normal 0.000000 0.000000 1.000000
    outer loop
      vertex 91.4724 -89.1662 2.5000
      vertex 91.7836 -88.3394 2.5000
      vertex 92.0400 -87.4941 2.5000
    endloop
  endfacet
  facet normal 0.000000 0.000000 1.000000
    outer loop
      vertex 92.0400 -87.4941 2.5000
      vertex 92.2406 -86.6337 2.5000
      vertex 92.3845 -85.7621 2.5000
    endloop
  endfacet
  facet normal 0.000000 0.000000 1.000000
    outer loop
      vertex 92.3845 -85.7621 2.5000
      vertex 92.4711 -84.8829 2.5000
      vertex 92.5000 114.0000 2.5000
    endloop
  endfacet
  facet normal 0.000000 0.000000 1.000000
    outer loop
      vertex 92.5000 114.0000 2.5000
      vertex 92.4711 114.8829 2.5000
      vertex 92.3845 115.7621 2.5000
    endloop
  endfacet
  facet normal 0.000000 0.000000 1.000000
    outer loop
      vertex 92.3845 115.7621 2.5000
      vertex 92.2406 116.6337 2.5000
      vertex 92.0400 117.4941 2.5000
    endloop
  endfacet
  facet normal 0.000000 0.000000 1.000000
    outer loop
      vertex 92.0400 117.4941 2.5000
      vertex 91.7836 118.3394 2.5000
      vertex 91.4724 119.1662 2.5000
    endloop
  endfacet
  facet normal 0.000000 0.000000 1.000000
    outer loop
      vertex 91.4724 119.1662 2.5000
      vertex 91.1078 119.9709 2.5000
      vertex 90.6913 120.7500 2.5000
    endloop
  endfacet
  facet normal 0.000000 0.000000 1.000000
    outer loop
      vertex 90.6913 120.7500 2.5000
      vertex 90.2248 121.5002 2.5000
      vertex 89.7103 122.2183 2.5000
    endloop
  endfacet
  facet normal 0.000000 0.000000 1.000000
    outer loop
      vertex 89.7103 122.2183 2.5000
      vertex 89.1498 122.9012 2.5000
      vertex 88.5459 123.5459 2.5000
    endloop
  endfacet
  facet normal 0.000000 0.000000 1.000000
    outer loop
      vertex 88.5459 123.5459 2.5000
      vertex 87.9012 124.1498 2.5000
      vertex 87.2183 124.7103 2.5000
    endloop
  endfacet
  facet normal 0.000000 0.000000 1.000000
    outer loop
      vertex 87.2183 124.7103 2.5000
      vertex 86.5002 125.2248 2.5000
      vertex 85.7500 125.6913 2.5000
    endloop
  endfacet
  facet normal 0.000000 0.000000 1.000000
    outer loop
      vertex 85.7500 125.6913 2.5000
      vertex 84.9709 126.1078 2.5000
      vertex 84.1662 126.4724 2.5000
    endloop
  endfacet
  facet normal 0.000000 0.000000 1.000000
    outer loop
      vertex 84.1662 126.4724 2.5000
      vertex 83.3394 126.7836 2.5000
      vertex 82.4941 127.0400 2.5000
    endloop
  endfacet
  facet normal 0.000000 0.000000 1.000000
    outer loop
      vertex 82.4941 127.0400 2.5000
      vertex 81.6337 127.2406 2.5000
      vertex 80.7621 127.3845 2.5000
    endloop
  endfacet
  facet normal 0.000000 0.000000 1.000000
    outer loop
      vertex 80.7621 127.3845 2.5000
      vertex 79.8829 127.4711 2.5000
      vertex -79.0000 127.5000 2.5000
    endloop
  endfacet
  facet normal 0.000000 0.000000 1.000000
    outer loop
      vertex -79.0000 127.5000 2.5000
      vertex -79.8829 127.4711 2.5000
      vertex -80.7621 127.3845 2.5000
    endloop
  endfacet
  facet normal 0.000000 0.000000 1.000000
    outer loop
      vertex -80.7621 127.3845 2.5000
      vertex -81.6337 127.2406 2.5000
      vertex -82.4941 127.0400 2.5000
    endloop
  endfacet
  facet normal 0.000000 0.000000 1.000000
    outer loop
      vertex -82.4941 127.0400 2.5000
      vertex -83.3394 126.7836 2.5000
      vertex -84.1662 126.4724 2.5000
    endloop
  endfacet
  facet normal 0.000000 0.000000 1.000000
    outer loop
      vertex -84.1662 126.4724 2.5000
      vertex -84.9709 126.1078 2.5000
      vertex -85.7500 125.6913 2.5000
    endloop
  endfacet
  facet normal 0.000000 0.000000 1.000000
    outer loop
      vertex -85.7500 125.6913 2.5000
      vertex -86.5002 125.2248 2.5000
      vertex -87.2183 124.7103 2.5000
    endloop
  endfacet
  facet normal 0.000000 0.000000 1.000000
    outer loop
      vertex -87.2183 124.7103 2.5000
      vertex -87.9012 124.1498 2.5000
      vertex -88.5459 123.5459 2.5000
    endloop
  endfacet
  facet normal 0.000000 0.000000 1.000000
    outer loop
      vertex -88.5459 123.5459 2.5000
      vertex -89.1498 122.9012 2.5000
      vertex -89.7103 122.2183 2.5000
    endloop
  endfacet
  facet normal 0.000000 0.000000 1.000000
    outer loop
      vertex -89.7103 122.2183 2.5000
      vertex -90.2248 121.5002 2.5000
      vertex -90.6913 120.7500 2.5000
    endloop
  endfacet
  facet normal 0.000000 0.000000 1.000000
    outer loop
      vertex -90.6913 120.7500 2.5000
      vertex -91.1078 119.9709 2.5000
      vertex -91.4724 119.1662 2.5000
    endloop
  endfacet
  facet normal 0.000000 0.000000 1.000000
    outer loop
      vertex -91.4724 119.1662 2.5000
      vertex -91.7836 118.3394 2.5000
      vertex -92.0400 117.4941 2.5000
    endloop
  endfacet
  facet normal 0.000000 0.000000 1.000000
    outer loop
      vertex -92.0400 117.4941 2.5000
      vertex -84.4000 118.0000 2.5000
      vertex -84.2173 118.9184 2.5000
    endloop
  endfacet
  facet normal -0.000000 0.000000 1.000000
    outer loop
      vertex -79.7827 118.9184 2.5000
      vertex -79.6000 118.0000 2.5000
      vertex 79.7827 118.9184 2.5000
    endloop
  endfacet
  facet normal 0.000000 0.000000 1.000000
    outer loop
      vertex 80.3029 116.3029 2.5000
      vertex 79.7827 117.0816 2.5000
      vertex -79.6000 118.0000 2.5000
    endloop
  endfacet
  facet normal 0.000000 0.000000 1.000000
    outer loop
      vertex -83.6971 116.3029 2.5000
      vertex -84.2173 117.0816 2.5000
      vertex -92.0400 117.4941 2.5000
    endloop
  endfacet
  facet normal 0.000000 0.000000 1.000000
    outer loop
      vertex -92.0400 117.4941 2.5000
      vertex -92.3845 115.7621 2.5000
      vertex -92.5000 -84.0000 2.5000
    endloop
  endfacet
  facet normal 0.000000 0.000000 1.000000
    outer loop
      vertex -92.5000 -84.0000 2.5000
      vertex -28.9829 24.5232 2.5000
      vertex -28.9316 25.0442 2.5000
    endloop
  endfacet
  facet normal 0.000000 0.000000 1.000000
    outer loop
      vertex -28.9316 -25.0442 2.5000
      vertex -28.9829 -24.5232 2.5000
      vertex -92.5000 -84.0000 2.5000
    endloop
  endfacet
  facet normal 0.000000 0.000000 1.000000
    outer loop
      vertex -92.5000 -84.0000 2.5000
      vertex -92.3845 -85.7621 2.5000
      vertex -92.0400 -87.4941 2.5000
    endloop
  endfacet
  facet normal 0.000000 0.000000 1.000000
    outer loop
      vertex -92.0400 -87.4941 2.5000
      vertex -84.2173 -87.0816 2.5000
      vertex -83.6971 -86.3029 2.5000
    endloop
  endfacet
  facet normal 0.000000 0.000000 1.000000
    outer loop
      vertex -80.3029 -86.3029 2.5000
      vertex -79.7827 -87.0816 2.5000
      vertex 79.6000 -88.0000 2.5000
    endloop
  endfacet
  facet normal 0.000000 0.000000 1.000000
    outer loop
      vertex 80.3029 -89.6971 2.5000
      vertex 79.7827 -88.9184 2.5000
      vertex -79.6000 -88.0000 2.5000
    endloop
  endfacet
  facet normal 0.000000 0.000000 1.000000
    outer loop
      vertex -83.6971 -89.6971 2.5000
      vertex -84.2173 -88.9184 2.5000
      vertex -92.0400 -87.4941 2.5000
    endloop
  endfacet
  facet normal 0.000000 0.000000 1.000000
    outer loop
      vertex -92.0400 -87.4941 2.5000
      vertex -91.4724 -89.1662 2.5000
      vertex -90.6913 -90.7500 2.5000
    endloop
  endfacet
  facet normal 0.000000 0.000000 1.000000
    outer loop
      vertex -90.6913 -90.7500 2.5000
      vertex -89.7103 -92.2183 2.5000
      vertex -88.5459 -93.5459 2.5000
    endloop
  endfacet
  facet normal 0.000000 0.000000 1.000000
    outer loop
      vertex -88.5459 -93.5459 2.5000
      vertex -87.2183 -94.7103 2.5000
      vertex -85.7500 -95.6913 2.5000
    endloop
  endfacet
  facet normal 0.000000 0.000000 1.000000
    outer loop
      vertex -85.7500 -95.6913 2.5000
      vertex -84.1662 -96.4724 2.5000
      vertex -82.4941 -97.0400 2.5000
    endloop
  endfacet
  facet normal 0.000000 0.000000 1.000000
    outer loop
      vertex -82.4941 -97.0400 2.5000
      vertex -80.7621 -97.3845 2.5000
      vertex 79.0000 -97.5000 2.5000
    endloop
  endfacet
  facet normal 0.000000 0.000000 1.000000
    outer loop
      vertex 79.0000 -97.5000 2.5000
      vertex 80.7621 -97.3845 2.5000
      vertex 82.4941 -97.0400 2.5000
    endloop
  endfacet
  facet normal 0.000000 0.000000 1.000000
    outer loop
      vertex 82.4941 -97.0400 2.5000
      vertex 84.1662 -96.4724 2.5000
      vertex 85.7500 -95.6913 2.5000
    endloop
  endfacet
  facet normal 0.000000 0.000000 1.000000
    outer loop
      vertex 85.7500 -95.6913 2.5000
      vertex 87.2183 -94.7103 2.5000
      vertex 88.5459 -93.5459 2.5000
    endloop
  endfacet
  facet normal 0.000000 0.000000 1.000000
    outer loop
      vertex 88.5459 -93.5459 2.5000
      vertex 89.7103 -92.2183 2.5000
      vertex 90.6913 -90.7500 2.5000
    endloop
  endfacet
  facet normal 0.000000 0.000000 1.000000
    outer loop
      vertex 90.6913 -90.7500 2.5000
      vertex 91.4724 -89.1662 2.5000
      vertex 92.0400 -87.4941 2.5000
    endloop
  endfacet
  facet normal 0.000000 0.000000 1.000000
    outer loop
      vertex 92.0400 -87.4941 2.5000
      vertex 92.3845 -85.7621 2.5000
      vertex 92.5000 114.0000 2.5000
    endloop
  endfacet
  facet normal 0.000000 0.000000 1.000000
    outer loop
      vertex 92.5000 114.0000 2.5000
      vertex 92.3845 115.7621 2.5000
      vertex 92.0400 117.4941 2.5000
    endloop
  endfacet
  facet normal 0.000000 0.000000 1.000000
    outer loop
      vertex 92.0400 117.4941 2.5000
      vertex 91.4724 119.1662 2.5000
      vertex 90.6913 120.7500 2.5000
    endloop
  endfacet
  facet normal 0.000000 0.000000 1.000000
    outer loop
      vertex 90.6913 120.7500 2.5000
      vertex 89.7103 122.2183 2.5000
      vertex 88.5459 123.5459 2.5000
    endloop
  endfacet
  facet normal 0.000000 0.000000 1.000000
    outer loop
      vertex 88.5459 123.5459 2.5000
      vertex 87.2183 124.7103 2.5000
      vertex 85.7500 125.6913 2.5000
    endloop
  endfacet
  facet normal 0.000000 0.000000 1.000000
    outer loop
      vertex 85.7500 125.6913 2.5000
      vertex 84.1662 126.4724 2.5000
      vertex 82.4941 127.0400 2.5000
    endloop
  endfacet
  facet normal 0.000000 0.000000 1.000000
    outer loop
      vertex 82.4941 127.0400 2.5000
      vertex 80.7621 127.3845 2.5000
      vertex -79.0000 127.5000 2.5000
    endloop
  endfacet
  facet normal 0.000000 0.000000 1.000000
    outer loop
      vertex -79.0000 127.5000 2.5000
      vertex -80.7621 127.3845 2.5000
      vertex -82.4941 127.0400 2.5000
    endloop
  endfacet
  facet normal 0.000000 0.000000 1.000000
    outer loop
      vertex -82.4941 127.0400 2.5000
      vertex -84.1662 126.4724 2.5000
      vertex -85.7500 125.6913 2.5000
    endloop
  endfacet
  facet normal 0.000000 0.000000 1.000000
    outer loop
      vertex -85.7500 125.6913 2.5000
      vertex -87.2183 124.7103 2.5000
      vertex -88.5459 123.5459 2.5000
    endloop
  endfacet
  facet normal 0.000000 0.000000 1.000000
    outer loop
      vertex -88.5459 123.5459 2.5000
      vertex -89.7103 122.2183 2.5000
      vertex -90.6913 120.7500 2.5000
    endloop
  endfacet
  facet normal 0.000000 0.000000 1.000000
    outer loop
      vertex -90.6913 120.7500 2.5000
      vertex -91.4724 119.1662 2.5000
      vertex -92.0400 117.4941 2.5000
    endloop
  endfacet
  facet normal 0.000000 0.000000 1.000000
    outer loop
      vertex -92.0400 117.4941 2.5000
      vertex -84.2173 118.9184 2.5000
      vertex -83.6971 119.6971 2.5000
    endloop
  endfacet
  facet normal 0.000000 0.000000 1.000000
    outer loop
      vertex -80.3029 119.6971 2.5000
      vertex -79.7827 118.9184 2.5000
      vertex 79.7827 118.9184 2.5000
    endloop
  endfacet
  facet normal 0.000000 0.000000 1.000000
    outer loop
      vertex 81.0816 115.7827 2.5000
      vertex 80.3029 116.3029 2.5000
      vertex -79.6000 118.0000 2.5000
    endloop
  endfacet
  facet normal 0.000000 0.000000 1.000000
    outer loop
      vertex -82.9184 115.7827 2.5000
      vertex -83.6971 116.3029 2.5000
      vertex -92.0400 117.4941 2.5000
    endloop
  endfacet
  facet normal 0.000000 0.000000 1.000000
    outer loop
      vertex -92.0400 117.4941 2.5000
      vertex -92.5000 -84.0000 2.5000
      vertex -28.9316 25.0442 2.5000
    endloop
  endfacet
  facet normal 0.000000 0.000000 1.000000
    outer loop
      vertex -28.8463 -25.5607 2.5000
      vertex -28.9316 -25.0442 2.5000
      vertex -92.5000 -84.0000 2.5000
    endloop
  endfacet
  facet normal 0.000000 0.000000 1.000000
    outer loop
      vertex -92.5000 -84.0000 2.5000
      vertex -92.0400 -87.4941 2.5000
      vertex -83.6971 -86.3029 2.5000
    endloop
  endfacet
  facet normal 0.000000 0.000000 1.000000
    outer loop
      vertex -81.0816 -85.7827 2.5000
      vertex -80.3029 -86.3029 2.5000
      vertex 79.6000 -88.0000 2.5000
    endloop
  endfacet
  facet normal 0.000000 0.000000 1.000000
    outer loop
      vertex 81.0816 -90.2173 2.5000
      vertex 80.3029 -89.6971 2.5000
      vertex -79.6000 -88.0000 2.5000
    endloop
  endfacet
  facet normal 0.000000 0.000000 1.000000
    outer loop
      vertex -82.9184 -90.2173 2.5000
      vertex -83.6971 -89.6971 2.5000
      vertex -92.0400 -87.4941 2.5000
    endloop
  endfacet
  facet normal 0.000000 0.000000 1.000000
    outer loop
      vertex -92.0400 -87.4941 2.5000
      vertex -90.6913 -90.7500 2.5000
      vertex -88.5459 -93.5459 2.5000
    endloop
  endfacet
  facet normal 0.000000 0.000000 1.000000
    outer loop
      vertex -88.5459 -93.5459 2.5000
      vertex -85.7500 -95.6913 2.5000
      vertex -82.4941 -97.0400 2.5000
    endloop
  endfacet
  facet normal -0.000000 0.000000 1.000000
    outer loop
      vertex -82.4941 -97.0400 2.5000
      vertex 79.0000 -97.5000 2.5000
      vertex 82.4941 -97.0400 2.5000
    endloop
  endfacet
  facet normal 0.000000 0.000000 1.000000
    outer loop
      vertex 82.4941 -97.0400 2.5000
      vertex 85.7500 -95.6913 2.5000
      vertex 88.5459 -93.5459 2.5000
    endloop
  endfacet
  facet normal 0.000000 0.000000 1.000000
    outer loop
      vertex 88.5459 -93.5459 2.5000
      vertex 90.6913 -90.7500 2.5000
      vertex 92.0400 -87.4941 2.5000
    endloop
  endfacet
  facet normal 0.000000 0.000000 1.000000
    outer loop
      vertex 92.0400 -87.4941 2.5000
      vertex 92.5000 114.0000 2.5000
      vertex 92.0400 117.4941 2.5000
    endloop
  endfacet
  facet normal 0.000000 0.000000 1.000000
    outer loop
      vertex 92.0400 117.4941 2.5000
      vertex 90.6913 120.7500 2.5000
      vertex 88.5459 123.5459 2.5000
    endloop
  endfacet
  facet normal 0.000000 0.000000 1.000000
    outer loop
      vertex 88.5459 123.5459 2.5000
      vertex 85.7500 125.6913 2.5000
      vertex 82.4941 127.0400 2.5000
    endloop
  endfacet
  facet normal 0.000000 0.000000 1.000000
    outer loop
      vertex 82.4941 127.0400 2.5000
      vertex -79.0000 127.5000 2.5000
      vertex -82.4941 127.0400 2.5000
    endloop
  endfacet
  facet normal 0.000000 0.000000 1.000000
    outer loop
      vertex -82.4941 127.0400 2.5000
      vertex -85.7500 125.6913 2.5000
      vertex -88.5459 123.5459 2.5000
    endloop
  endfacet
  facet normal 0.000000 0.000000 1.000000
    outer loop
      vertex -88.5459 123.5459 2.5000
      vertex -90.6913 120.7500 2.5000
      vertex -92.0400 117.4941 2.5000
    endloop
  endfacet
  facet normal 0.000000 0.000000 1.000000
    outer loop
      vertex -92.0400 117.4941 2.5000
      vertex -83.6971 119.6971 2.5000
      vertex -82.9184 120.2173 2.5000
    endloop
  endfacet
  facet normal 0.000000 0.000000 1.000000
    outer loop
      vertex -81.0816 120.2173 2.5000
      vertex -80.3029 119.6971 2.5000
      vertex 79.7827 118.9184 2.5000
    endloop
  endfacet
  facet normal 0.000000 0.000000 1.000000
    outer loop
      vertex 82.0000 115.6000 2.5000
      vertex 81.0816 115.7827 2.5000
      vertex -79.6000 118.0000 2.5000
    endloop
  endfacet
  facet normal 0.000000 0.000000 1.000000
    outer loop
      vertex -82.0000 115.6000 2.5000
      vertex -82.9184 115.7827 2.5000
      vertex -92.0400 117.4941 2.5000
    endloop
  endfacet
  facet normal 0.000000 0.000000 1.000000
    outer loop
      vertex -92.0400 117.4941 2.5000
      vertex -28.9316 25.0442 2.5000
      vertex -28.8463 25.5607 2.5000
    endloop
  endfacet
  facet normal 0.000000 0.000000 1.000000
    outer loop
      vertex -28.7274 -26.0706 2.5000
      vertex -28.8463 -25.5607 2.5000
      vertex -92.5000 -84.0000 2.5000
    endloop
  endfacet
  facet normal 0.000000 0.000000 1.000000
    outer loop
      vertex -92.5000 -84.0000 2.5000
      vertex -83.6971 -86.3029 2.5000
      vertex -82.9184 -85.7827 2.5000
    endloop
  endfacet
  facet normal 0.000000 0.000000 1.000000
    outer loop
      vertex -82.0000 -85.6000 2.5000
      vertex -81.0816 -85.7827 2.5000
      vertex 79.6000 -88.0000 2.5000
    endloop
  endfacet
  facet normal 0.000000 0.000000 1.000000
    outer loop
      vertex 82.0000 -90.4000 2.5000
      vertex 81.0816 -90.2173 2.5000
      vertex -79.6000 -88.0000 2.5000
    endloop
  endfacet
  facet normal 0.000000 0.000000 1.000000
    outer loop
      vertex -82.9184 -90.2173 2.5000
      vertex -92.0400 -87.4941 2.5000
      vertex -88.5459 -93.5459 2.5000
    endloop
  endfacet
  facet normal 0.000000 0.000000 1.000000
    outer loop
      vertex -88.5459 -93.5459 2.5000
      vertex -82.4941 -97.0400 2.5000
      vertex 82.4941 -97.0400 2.5000
    endloop
  endfacet
  facet normal 0.000000 0.000000 1.000000
    outer loop
      vertex 82.4941 -97.0400 2.5000
      vertex 88.5459 -93.5459 2.5000
      vertex 92.0400 -87.4941 2.5000
    endloop
  endfacet
  facet normal 0.000000 -0.000000 1.000000
    outer loop
      vertex 92.0400 -87.4941 2.5000
      vertex 92.0400 117.4941 2.5000
      vertex 88.5459 123.5459 2.5000
    endloop
  endfacet
  facet normal 0.000000 0.000000 1.000000
    outer loop
      vertex 88.5459 123.5459 2.5000
      vertex 82.4941 127.0400 2.5000
      vertex -82.4941 127.0400 2.5000
    endloop
  endfacet
  facet normal 0.000000 0.000000 1.000000
    outer loop
      vertex -82.4941 127.0400 2.5000
      vertex -88.5459 123.5459 2.5000
      vertex -92.0400 117.4941 2.5000
    endloop
  endfacet
  facet normal 0.000000 0.000000 1.000000
    outer loop
      vertex -82.0000 120.4000 2.5000
      vertex -81.0816 120.2173 2.5000
      vertex 79.7827 118.9184 2.5000
    endloop
  endfacet
  facet normal 0.000000 0.000000 1.000000
    outer loop
      vertex 82.0000 115.6000 2.5000
      vertex -79.6000 118.0000 2.5000
      vertex -79.7827 117.0816 2.5000
    endloop
  endfacet
  facet normal 0.000000 0.000000 1.000000
    outer loop
      vertex -82.0000 115.6000 2.5000
      vertex -92.0400 117.4941 2.5000
      vertex -28.8463 25.5607 2.5000
    endloop
  endfacet
  facet normal 0.000000 0.000000 1.000000
    outer loop
      vertex -28.5754 -26.5715 2.5000
      vertex -28.7274 -26.0706 2.5000
      vertex -92.5000 -84.0000 2.5000
    endloop
  endfacet
  facet normal 0.000000 0.000000 1.000000
    outer loop
      vertex -92.5000 -84.0000 2.5000
      vertex -82.9184 -85.7827 2.5000
      vertex -82.0000 -85.6000 2.5000
    endloop
  endfacet
  facet normal 0.000000 0.000000 1.000000
    outer loop
      vertex -82.0000 -85.6000 2.5000
      vertex 79.6000 -88.0000 2.5000
      vertex 79.7827 -87.0816 2.5000
    endloop
  endfacet
  facet normal 0.000000 0.000000 1.000000
    outer loop
      vertex 82.0000 -90.4000 2.5000
      vertex -79.6000 -88.0000 2.5000
      vertex -79.7827 -88.9184 2.5000
    endloop
  endfacet
  facet normal 0.000000 0.000000 1.000000
    outer loop
      vertex -82.0000 -90.4000 2.5000
      vertex -82.9184 -90.2173 2.5000
      vertex -88.5459 -93.5459 2.5000
    endloop
  endfacet
  facet normal 0.000000 0.000000 1.000000
    outer loop
      vertex -82.4941 127.0400 2.5000
      vertex -92.0400 117.4941 2.5000
      vertex -82.9184 120.2173 2.5000
    endloop
  endfacet
  facet normal 0.000000 0.000000 1.000000
    outer loop
      vertex -82.0000 120.4000 2.5000
      vertex 79.7827 118.9184 2.5000
      vertex 80.3029 119.6971 2.5000
    endloop
  endfacet
  facet normal 0.000000 0.000000 1.000000
    outer loop
      vertex 82.0000 115.6000 2.5000
      vertex -79.7827 117.0816 2.5000
      vertex -80.3029 116.3029 2.5000
    endloop
  endfacet
  facet normal 0.000000 0.000000 1.000000
    outer loop
      vertex -81.0816 115.7827 2.5000
      vertex -82.0000 115.6000 2.5000
      vertex -28.8463 25.5607 2.5000
    endloop
  endfacet
  facet normal 0.000000 0.000000 1.000000
    outer loop
      vertex -28.3910 -27.0615 2.5000
      vertex -28.5754 -26.5715 2.5000
      vertex -92.5000 -84.0000 2.5000
    endloop
  endfacet
  facet normal 0.000000 0.000000 1.000000
    outer loop
      vertex -92.5000 -84.0000 2.5000
      vertex -82.0000 -85.6000 2.5000
      vertex 79.7827 -87.0816 2.5000
    endloop
  endfacet
  facet normal 0.000000 0.000000 1.000000
    outer loop
      vertex 82.0000 -90.4000 2.5000
      vertex -79.7827 -88.9184 2.5000
      vertex -80.3029 -89.6971 2.5000
    endloop
  endfacet
  facet normal 0.000000 0.000000 1.000000
    outer loop
      vertex -81.0816 -90.2173 2.5000
      vertex -82.0000 -90.4000 2.5000
      vertex -88.5459 -93.5459 2.5000
    endloop
  endfacet
  facet normal 0.000000 0.000000 1.000000
    outer loop
      vertex -82.4941 127.0400 2.5000
      vertex -82.9184 120.2173 2.5000
      vertex -82.0000 120.4000 2.5000
    endloop
  endfacet
  facet normal 0.000000 0.000000 1.000000
    outer loop
      vertex -82.0000 120.4000 2.5000
      vertex 80.3029 119.6971 2.5000
      vertex 81.0816 120.2173 2.5000
    endloop
  endfacet
  facet normal 0.000000 0.000000 1.000000
    outer loop
      vertex 82.0000 115.6000 2.5000
      vertex -80.3029 116.3029 2.5000
      vertex -81.0816 115.7827 2.5000
    endloop
  endfacet
  facet normal 0.000000 0.000000 1.000000
    outer loop
      vertex -81.0816 115.7827 2.5000
      vertex -28.8463 25.5607 2.5000
      vertex -28.7274 26.0706 2.5000
    endloop
  endfacet
  facet normal 0.000000 0.000000 1.000000
    outer loop
      vertex -28.1750 -27.5383 2.5000
      vertex -28.3910 -27.0615 2.5000
      vertex -92.5000 -84.0000 2.5000
    endloop
  endfacet
  facet normal 0.000000 0.000000 1.000000
    outer loop
      vertex -92.5000 -84.0000 2.5000
      vertex 79.7827 -87.0816 2.5000
      vertex 80.3029 -86.3029 2.5000
    endloop
  endfacet
  facet normal 0.000000 0.000000 1.000000
    outer loop
      vertex 82.0000 -90.4000 2.5000
      vertex -80.3029 -89.6971 2.5000
      vertex -81.0816 -90.2173 2.5000
    endloop
  endfacet
  facet normal 0.000000 0.000000 1.000000
    outer loop
      vertex -81.0816 -90.2173 2.5000
      vertex -88.5459 -93.5459 2.5000
      vertex 82.4941 -97.0400 2.5000
    endloop
  endfacet
  facet normal 0.000000 0.000000 1.000000
    outer loop
      vertex 88.5459 123.5459 2.5000
      vertex -82.4941 127.0400 2.5000
      vertex -82.0000 120.4000 2.5000
    endloop
  endfacet
  facet normal -0.000000 0.000000 1.000000
    outer loop
      vertex -82.0000 120.4000 2.5000
      vertex 81.0816 120.2173 2.5000
      vertex 82.0000 120.4000 2.5000
    endloop
  endfacet
  facet normal 0.000000 0.000000 1.000000
    outer loop
      vertex -81.0816 115.7827 2.5000
      vertex -28.7274 26.0706 2.5000
      vertex -28.5754 26.5715 2.5000
    endloop
  endfacet
  facet normal 0.000000 0.000000 1.000000
    outer loop
      vertex -27.9282 -28.0000 2.5000
      vertex -28.1750 -27.5383 2.5000
      vertex -92.5000 -84.0000 2.5000
    endloop
  endfacet
  facet normal 0.000000 0.000000 1.000000
    outer loop
      vertex -92.5000 -84.0000 2.5000
      vertex 80.3029 -86.3029 2.5000
      vertex 81.0816 -85.7827 2.5000
    endloop
  endfacet
  facet normal 0.000000 0.000000 1.000000
    outer loop
      vertex 82.0000 -90.4000 2.5000
      vertex -81.0816 -90.2173 2.5000
      vertex 82.4941 -97.0400 2.5000
    endloop
  endfacet
  facet normal 0.000000 0.000000 1.000000
    outer loop
      vertex 88.5459 123.5459 2.5000
      vertex -82.0000 120.4000 2.5000
      vertex 82.0000 120.4000 2.5000
    endloop
  endfacet
  facet normal 0.000000 0.000000 1.000000
    outer loop
      vertex -81.0816 115.7827 2.5000
      vertex -28.5754 26.5715 2.5000
      vertex -28.3910 27.0615 2.5000
    endloop
  endfacet
  facet normal 0.000000 0.000000 1.000000
    outer loop
      vertex -27.6518 -28.4446 2.5000
      vertex -27.9282 -28.0000 2.5000
      vertex -92.5000 -84.0000 2.5000
    endloop
  endfacet
  facet normal 0.000000 0.000000 1.000000
    outer loop
      vertex -92.5000 -84.0000 2.5000
      vertex 81.0816 -85.7827 2.5000
      vertex 82.0000 -85.6000 2.5000
    endloop
  endfacet
  facet normal 0.000000 0.000000 1.000000
    outer loop
      vertex 82.9184 -90.2173 2.5000
      vertex 82.0000 -90.4000 2.5000
      vertex 82.4941 -97.0400 2.5000
    endloop
  endfacet
  facet normal 0.000000 0.000000 1.000000
    outer loop
      vertex 88.5459 123.5459 2.5000
      vertex 82.0000 120.4000 2.5000
      vertex 82.9184 120.2173 2.5000
    endloop
  endfacet
  facet normal 0.000000 0.000000 1.000000
    outer loop
      vertex -81.0816 115.7827 2.5000
      vertex -28.3910 27.0615 2.5000
      vertex -28.1750 27.5383 2.5000
    endloop
  endfacet
  facet normal 0.000000 0.000000 1.000000
    outer loop
      vertex -27.3468 -28.8701 2.5000
      vertex -27.6518 -28.4446 2.5000
      vertex -92.5000 -84.0000 2.5000
    endloop
  endfacet
  facet normal 0.000000 0.000000 1.000000
    outer loop
      vertex 83.6971 -89.6971 2.5000
      vertex 82.9184 -90.2173 2.5000
      vertex 82.4941 -97.0400 2.5000
    endloop
  endfacet
  facet normal 0.000000 0.000000 1.000000
    outer loop
      vertex 88.5459 123.5459 2.5000
      vertex 82.9184 120.2173 2.5000
      vertex 83.6971 119.6971 2.5000
    endloop
  endfacet
  facet normal 0.000000 0.000000 1.000000
    outer loop
      vertex -81.0816 115.7827 2.5000
      vertex -28.1750 27.5383 2.5000
      vertex -27.9282 28.0000 2.5000
    endloop
  endfacet
  facet normal 0.000000 0.000000 1.000000
    outer loop
      vertex -27.0147 -29.2748 2.5000
      vertex -27.3468 -28.8701 2.5000
      vertex -92.5000 -84.0000 2.5000
    endloop
  endfacet
  facet normal 0.000000 0.000000 1.000000
    outer loop
      vertex 84.2173 -88.9184 2.5000
      vertex 83.6971 -89.6971 2.5000
      vertex 82.4941 -97.0400 2.5000
    endloop
  endfacet
  facet normal 0.000000 0.000000 1.000000
    outer loop
      vertex 88.5459 123.5459 2.5000
      vertex 83.6971 119.6971 2.5000
      vertex 84.2173 118.9184 2.5000
    endloop
  endfacet
  facet normal 0.000000 0.000000 1.000000
    outer loop
      vertex -81.0816 115.7827 2.5000
      vertex -27.9282 28.0000 2.5000
      vertex -27.6518 28.4446 2.5000
    endloop
  endfacet
  facet normal 0.000000 0.000000 1.000000
    outer loop
      vertex -26.6569 -29.6569 2.5000
      vertex -27.0147 -29.2748 2.5000
      vertex -92.5000 -84.0000 2.5000
    endloop
  endfacet
  facet normal -0.000000 0.000000 1.000000
    outer loop
      vertex 84.2173 -88.9184 2.5000
      vertex 82.4941 -97.0400 2.5000
      vertex 92.0400 -87.4941 2.5000
    endloop
  endfacet
  facet normal 0.000000 0.000000 1.000000
    outer loop
      vertex 88.5459 123.5459 2.5000
      vertex 84.2173 118.9184 2.5000
      vertex 84.4000 118.0000 2.5000
    endloop
  endfacet
  facet normal 0.000000 0.000000 1.000000
    outer loop
      vertex -81.0816 115.7827 2.5000
      vertex -27.6518 28.4446 2.5000
      vertex -27.3468 28.8701 2.5000
    endloop
  endfacet
  facet normal 0.000000 0.000000 1.000000
    outer loop
      vertex -26.2748 -30.0147 2.5000
      vertex -26.6569 -29.6569 2.5000
      vertex -92.5000 -84.0000 2.5000
    endloop
  endfacet
  facet normal -0.000000 0.000000 1.000000
    outer loop
      vertex 84.4000 -88.0000 2.5000
      vertex 84.2173 -88.9184 2.5000
      vertex 92.0400 -87.4941 2.5000
    endloop
  endfacet
  facet normal 0.000000 0.000000 1.000000
    outer loop
      vertex 92.0400 -87.4941 2.5000
      vertex 88.5459 123.5459 2.5000
      vertex 84.4000 118.0000 2.5000
    endloop
  endfacet
  facet normal 0.000000 0.000000 1.000000
    outer loop
      vertex -81.0816 115.7827 2.5000
      vertex -27.3468 28.8701 2.5000
      vertex -27.0147 29.2748 2.5000
    endloop
  endfacet
  facet normal 0.000000 0.000000 1.000000
    outer loop
      vertex -25.8701 -30.3468 2.5000
      vertex -26.2748 -30.0147 2.5000
      vertex -92.5000 -84.0000 2.5000
    endloop
  endfacet
  facet normal 0.000000 0.000000 1.000000
    outer loop
      vertex 84.2173 -87.0816 2.5000
      vertex 84.4000 -88.0000 2.5000
      vertex 92.0400 -87.4941 2.5000
    endloop
  endfacet
  facet normal 0.000000 0.000000 1.000000
    outer loop
      vertex 92.0400 -87.4941 2.5000
      vertex 84.4000 118.0000 2.5000
      vertex 84.2173 117.0816 2.5000
    endloop
  endfacet
  facet normal 0.000000 0.000000 1.000000
    outer loop
      vertex -81.0816 115.7827 2.5000
      vertex -27.0147 29.2748 2.5000
      vertex -26.6569 29.6569 2.5000
    endloop
  endfacet
  facet normal 0.000000 0.000000 1.000000
    outer loop
      vertex -25.4446 -30.6518 2.5000
      vertex -25.8701 -30.3468 2.5000
      vertex -92.5000 -84.0000 2.5000
    endloop
  endfacet
  facet normal 0.000000 0.000000 1.000000
    outer loop
      vertex 83.6971 -86.3029 2.5000
      vertex 84.2173 -87.0816 2.5000
      vertex 92.0400 -87.4941 2.5000
    endloop
  endfacet
  facet normal 0.000000 0.000000 1.000000
    outer loop
      vertex 92.0400 -87.4941 2.5000
      vertex 84.2173 117.0816 2.5000
      vertex 83.6971 116.3029 2.5000
    endloop
  endfacet
  facet normal 0.000000 0.000000 1.000000
    outer loop
      vertex -81.0816 115.7827 2.5000
      vertex -26.6569 29.6569 2.5000
      vertex -26.2748 30.0147 2.5000
    endloop
  endfacet
  facet normal 0.000000 0.000000 1.000000
    outer loop
      vertex -25.0000 -30.9282 2.5000
      vertex -25.4446 -30.6518 2.5000
      vertex -92.5000 -84.0000 2.5000
    endloop
  endfacet
  facet normal 0.000000 0.000000 1.000000
    outer loop
      vertex 82.9184 -85.7827 2.5000
      vertex 83.6971 -86.3029 2.5000
      vertex 92.0400 -87.4941 2.5000
    endloop
  endfacet
  facet normal 0.000000 0.000000 1.000000
    outer loop
      vertex 92.0400 -87.4941 2.5000
      vertex 83.6971 116.3029 2.5000
      vertex 82.9184 115.7827 2.5000
    endloop
  endfacet
  facet normal 0.000000 0.000000 1.000000
    outer loop
      vertex -81.0816 115.7827 2.5000
      vertex -26.2748 30.0147 2.5000
      vertex -25.8701 30.3468 2.5000
    endloop
  endfacet
  facet normal 0.000000 0.000000 1.000000
    outer loop
      vertex -24.5383 -31.1750 2.5000
      vertex -25.0000 -30.9282 2.5000
      vertex -92.5000 -84.0000 2.5000
    endloop
  endfacet
  facet normal 0.000000 0.000000 1.000000
    outer loop
      vertex 82.0000 -85.6000 2.5000
      vertex 82.9184 -85.7827 2.5000
      vertex 92.0400 -87.4941 2.5000
    endloop
  endfacet
  facet normal 0.000000 0.000000 1.000000
    outer loop
      vertex 92.0400 -87.4941 2.5000
      vertex 82.9184 115.7827 2.5000
      vertex 82.0000 115.6000 2.5000
    endloop
  endfacet
  facet normal 0.000000 0.000000 1.000000
    outer loop
      vertex 82.0000 115.6000 2.5000
      vertex -81.0816 115.7827 2.5000
      vertex -25.8701 30.3468 2.5000
    endloop
  endfacet
  facet normal 0.000000 0.000000 1.000000
    outer loop
      vertex -24.0615 -31.3910 2.5000
      vertex -24.5383 -31.1750 2.5000
      vertex -92.5000 -84.0000 2.5000
    endloop
  endfacet
  facet normal -0.000000 0.000000 1.000000
    outer loop
      vertex 82.0000 -85.6000 2.5000
      vertex 92.0400 -87.4941 2.5000
      vertex 82.0000 115.6000 2.5000
    endloop
  endfacet
  facet normal 0.000000 0.000000 1.000000
    outer loop
      vertex 82.0000 115.6000 2.5000
      vertex -25.8701 30.3468 2.5000
      vertex -25.4446 30.6518 2.5000
    endloop
  endfacet
  facet normal 0.000000 0.000000 1.000000
    outer loop
      vertex -23.5715 -31.5754 2.5000
      vertex -24.0615 -31.3910 2.5000
      vertex -92.5000 -84.0000 2.5000
    endloop
  endfacet
  facet normal 0.000000 0.000000 1.000000
    outer loop
      vertex 82.0000 115.6000 2.5000
      vertex -25.4446 30.6518 2.5000
      vertex -25.0000 30.9282 2.5000
    endloop
  endfacet
  facet normal 0.000000 0.000000 1.000000
    outer loop
      vertex -23.0706 -31.7274 2.5000
      vertex -23.5715 -31.5754 2.5000
      vertex -92.5000 -84.0000 2.5000
    endloop
  endfacet
  facet normal 0.000000 0.000000 1.000000
    outer loop
      vertex 82.0000 115.6000 2.5000
      vertex -25.0000 30.9282 2.5000
      vertex -24.5383 31.1750 2.5000
    endloop
  endfacet
  facet normal 0.000000 0.000000 1.000000
    outer loop
      vertex -22.5607 -31.8463 2.5000
      vertex -23.0706 -31.7274 2.5000
      vertex -92.5000 -84.0000 2.5000
    endloop
  endfacet
  facet normal 0.000000 0.000000 1.000000
    outer loop
      vertex 82.0000 115.6000 2.5000
      vertex -24.5383 31.1750 2.5000
      vertex -24.0615 31.3910 2.5000
    endloop
  endfacet
  facet normal 0.000000 0.000000 1.000000
    outer loop
      vertex -22.0442 -31.9316 2.5000
      vertex -22.5607 -31.8463 2.5000
      vertex -92.5000 -84.0000 2.5000
    endloop
  endfacet
  facet normal 0.000000 0.000000 1.000000
    outer loop
      vertex 82.0000 115.6000 2.5000
      vertex -24.0615 31.3910 2.5000
      vertex -23.5715 31.5754 2.5000
    endloop
  endfacet
  facet normal 0.000000 0.000000 1.000000
    outer loop
      vertex -21.5232 -31.9829 2.5000
      vertex -22.0442 -31.9316 2.5000
      vertex -92.5000 -84.0000 2.5000
    endloop
  endfacet
  facet normal 0.000000 0.000000 1.000000
    outer loop
      vertex 82.0000 115.6000 2.5000
      vertex -23.5715 31.5754 2.5000
      vertex -23.0706 31.7274 2.5000
    endloop
  endfacet
  facet normal 0.000000 0.000000 1.000000
    outer loop
      vertex 21.0000 -32.0000 2.5000
      vertex -21.5232 -31.9829 2.5000
      vertex -92.5000 -84.0000 2.5000
    endloop
  endfacet
  facet normal 0.000000 0.000000 1.000000
    outer loop
      vertex 82.0000 115.6000 2.5000
      vertex -23.0706 31.7274 2.5000
      vertex -22.5607 31.8463 2.5000
    endloop
  endfacet
  facet normal 0.000000 0.000000 1.000000
    outer loop
      vertex 21.5232 -31.9829 2.5000
      vertex 21.0000 -32.0000 2.5000
      vertex -92.5000 -84.0000 2.5000
    endloop
  endfacet
  facet normal 0.000000 0.000000 1.000000
    outer loop
      vertex 82.0000 115.6000 2.5000
      vertex -22.5607 31.8463 2.5000
      vertex -22.0442 31.9316 2.5000
    endloop
  endfacet
  facet normal 0.000000 0.000000 1.000000
    outer loop
      vertex 22.0442 -31.9316 2.5000
      vertex 21.5232 -31.9829 2.5000
      vertex -92.5000 -84.0000 2.5000
    endloop
  endfacet
  facet normal 0.000000 0.000000 1.000000
    outer loop
      vertex 82.0000 115.6000 2.5000
      vertex -22.0442 31.9316 2.5000
      vertex -21.5232 31.9829 2.5000
    endloop
  endfacet
  facet normal 0.000000 0.000000 1.000000
    outer loop
      vertex 22.5607 -31.8463 2.5000
      vertex 22.0442 -31.9316 2.5000
      vertex -92.5000 -84.0000 2.5000
    endloop
  endfacet
  facet normal 0.000000 0.000000 1.000000
    outer loop
      vertex 82.0000 115.6000 2.5000
      vertex -21.5232 31.9829 2.5000
      vertex -21.0000 32.0000 2.5000
    endloop
  endfacet
  facet normal 0.000000 0.000000 1.000000
    outer loop
      vertex 23.0706 -31.7274 2.5000
      vertex 22.5607 -31.8463 2.5000
      vertex -92.5000 -84.0000 2.5000
    endloop
  endfacet
  facet normal 0.000000 0.000000 1.000000
    outer loop
      vertex 82.0000 115.6000 2.5000
      vertex -21.0000 32.0000 2.5000
      vertex 21.5232 31.9829 2.5000
    endloop
  endfacet
  facet normal 0.000000 0.000000 1.000000
    outer loop
      vertex 23.5715 -31.5754 2.5000
      vertex 23.0706 -31.7274 2.5000
      vertex -92.5000 -84.0000 2.5000
    endloop
  endfacet
  facet normal 0.000000 0.000000 1.000000
    outer loop
      vertex 82.0000 115.6000 2.5000
      vertex 21.5232 31.9829 2.5000
      vertex 22.0442 31.9316 2.5000
    endloop
  endfacet
  facet normal 0.000000 0.000000 1.000000
    outer loop
      vertex 24.0615 -31.3910 2.5000
      vertex 23.5715 -31.5754 2.5000
      vertex -92.5000 -84.0000 2.5000
    endloop
  endfacet
  facet normal 0.000000 0.000000 1.000000
    outer loop
      vertex 82.0000 115.6000 2.5000
      vertex 22.0442 31.9316 2.5000
      vertex 22.5607 31.8463 2.5000
    endloop
  endfacet
  facet normal 0.000000 0.000000 1.000000
    outer loop
      vertex 24.0615 -31.3910 2.5000
      vertex -92.5000 -84.0000 2.5000
      vertex 82.0000 -85.6000 2.5000
    endloop
  endfacet
  facet normal 0.000000 0.000000 1.000000
    outer loop
      vertex 82.0000 115.6000 2.5000
      vertex 22.5607 31.8463 2.5000
      vertex 23.0706 31.7274 2.5000
    endloop
  endfacet
  facet normal 0.000000 0.000000 1.000000
    outer loop
      vertex 24.5383 -31.1750 2.5000
      vertex 24.0615 -31.3910 2.5000
      vertex 82.0000 -85.6000 2.5000
    endloop
  endfacet
  facet normal 0.000000 0.000000 1.000000
    outer loop
      vertex 82.0000 115.6000 2.5000
      vertex 23.0706 31.7274 2.5000
      vertex 23.5715 31.5754 2.5000
    endloop
  endfacet
  facet normal 0.000000 0.000000 1.000000
    outer loop
      vertex 25.0000 -30.9282 2.5000
      vertex 24.5383 -31.1750 2.5000
      vertex 82.0000 -85.6000 2.5000
    endloop
  endfacet
  facet normal 0.000000 0.000000 1.000000
    outer loop
      vertex 82.0000 115.6000 2.5000
      vertex 23.5715 31.5754 2.5000
      vertex 24.0615 31.3910 2.5000
    endloop
  endfacet
  facet normal 0.000000 0.000000 1.000000
    outer loop
      vertex 25.4446 -30.6518 2.5000
      vertex 25.0000 -30.9282 2.5000
      vertex 82.0000 -85.6000 2.5000
    endloop
  endfacet
  facet normal 0.000000 0.000000 1.000000
    outer loop
      vertex 82.0000 115.6000 2.5000
      vertex 24.0615 31.3910 2.5000
      vertex 24.5383 31.1750 2.5000
    endloop
  endfacet
  facet normal 0.000000 0.000000 1.000000
    outer loop
      vertex 25.8701 -30.3468 2.5000
      vertex 25.4446 -30.6518 2.5000
      vertex 82.0000 -85.6000 2.5000
    endloop
  endfacet
  facet normal 0.000000 0.000000 1.000000
    outer loop
      vertex 82.0000 115.6000 2.5000
      vertex 24.5383 31.1750 2.5000
      vertex 25.0000 30.9282 2.5000
    endloop
  endfacet
  facet normal 0.000000 0.000000 1.000000
    outer loop
      vertex 26.2748 -30.0147 2.5000
      vertex 25.8701 -30.3468 2.5000
      vertex 82.0000 -85.6000 2.5000
    endloop
  endfacet
  facet normal 0.000000 0.000000 1.000000
    outer loop
      vertex 82.0000 115.6000 2.5000
      vertex 25.0000 30.9282 2.5000
      vertex 25.4446 30.6518 2.5000
    endloop
  endfacet
  facet normal 0.000000 0.000000 1.000000
    outer loop
      vertex 26.6569 -29.6569 2.5000
      vertex 26.2748 -30.0147 2.5000
      vertex 82.0000 -85.6000 2.5000
    endloop
  endfacet
  facet normal 0.000000 0.000000 1.000000
    outer loop
      vertex 82.0000 115.6000 2.5000
      vertex 25.4446 30.6518 2.5000
      vertex 25.8701 30.3468 2.5000
    endloop
  endfacet
  facet normal 0.000000 0.000000 1.000000
    outer loop
      vertex 27.0147 -29.2748 2.5000
      vertex 26.6569 -29.6569 2.5000
      vertex 82.0000 -85.6000 2.5000
    endloop
  endfacet
  facet normal 0.000000 0.000000 1.000000
    outer loop
      vertex 82.0000 115.6000 2.5000
      vertex 25.8701 30.3468 2.5000
      vertex 26.2748 30.0147 2.5000
    endloop
  endfacet
  facet normal 0.000000 0.000000 1.000000
    outer loop
      vertex 27.3468 -28.8701 2.5000
      vertex 27.0147 -29.2748 2.5000
      vertex 82.0000 -85.6000 2.5000
    endloop
  endfacet
  facet normal 0.000000 0.000000 1.000000
    outer loop
      vertex 82.0000 115.6000 2.5000
      vertex 26.2748 30.0147 2.5000
      vertex 26.6569 29.6569 2.5000
    endloop
  endfacet
  facet normal 0.000000 0.000000 1.000000
    outer loop
      vertex 27.6518 -28.4446 2.5000
      vertex 27.3468 -28.8701 2.5000
      vertex 82.0000 -85.6000 2.5000
    endloop
  endfacet
  facet normal 0.000000 0.000000 1.000000
    outer loop
      vertex 82.0000 115.6000 2.5000
      vertex 26.6569 29.6569 2.5000
      vertex 27.0147 29.2748 2.5000
    endloop
  endfacet
  facet normal 0.000000 0.000000 1.000000
    outer loop
      vertex 27.9282 -28.0000 2.5000
      vertex 27.6518 -28.4446 2.5000
      vertex 82.0000 -85.6000 2.5000
    endloop
  endfacet
  facet normal 0.000000 0.000000 1.000000
    outer loop
      vertex 82.0000 115.6000 2.5000
      vertex 27.0147 29.2748 2.5000
      vertex 27.3468 28.8701 2.5000
    endloop
  endfacet
  facet normal 0.000000 0.000000 1.000000
    outer loop
      vertex 28.1750 -27.5383 2.5000
      vertex 27.9282 -28.0000 2.5000
      vertex 82.0000 -85.6000 2.5000
    endloop
  endfacet
  facet normal 0.000000 0.000000 1.000000
    outer loop
      vertex 82.0000 115.6000 2.5000
      vertex 27.3468 28.8701 2.5000
      vertex 27.6518 28.4446 2.5000
    endloop
  endfacet
  facet normal 0.000000 0.000000 1.000000
    outer loop
      vertex 28.3910 -27.0615 2.5000
      vertex 28.1750 -27.5383 2.5000
      vertex 82.0000 -85.6000 2.5000
    endloop
  endfacet
  facet normal 0.000000 0.000000 1.000000
    outer loop
      vertex 82.0000 115.6000 2.5000
      vertex 27.6518 28.4446 2.5000
      vertex 27.9282 28.0000 2.5000
    endloop
  endfacet
  facet normal 0.000000 0.000000 1.000000
    outer loop
      vertex 28.5754 -26.5715 2.5000
      vertex 28.3910 -27.0615 2.5000
      vertex 82.0000 -85.6000 2.5000
    endloop
  endfacet
  facet normal 0.000000 0.000000 1.000000
    outer loop
      vertex 82.0000 115.6000 2.5000
      vertex 27.9282 28.0000 2.5000
      vertex 28.1750 27.5383 2.5000
    endloop
  endfacet
  facet normal 0.000000 0.000000 1.000000
    outer loop
      vertex 28.7274 -26.0706 2.5000
      vertex 28.5754 -26.5715 2.5000
      vertex 82.0000 -85.6000 2.5000
    endloop
  endfacet
  facet normal 0.000000 -0.000000 1.000000
    outer loop
      vertex 82.0000 -85.6000 2.5000
      vertex 82.0000 115.6000 2.5000
      vertex 28.1750 27.5383 2.5000
    endloop
  endfacet
  facet normal 0.000000 0.000000 1.000000
    outer loop
      vertex 28.8463 -25.5607 2.5000
      vertex 28.7274 -26.0706 2.5000
      vertex 82.0000 -85.6000 2.5000
    endloop
  endfacet
  facet normal 0.000000 0.000000 1.000000
    outer loop
      vertex 82.0000 -85.6000 2.5000
      vertex 28.1750 27.5383 2.5000
      vertex 28.3910 27.0615 2.5000
    endloop
  endfacet
  facet normal 0.000000 0.000000 1.000000
    outer loop
      vertex 28.9316 -25.0442 2.5000
      vertex 28.8463 -25.5607 2.5000
      vertex 82.0000 -85.6000 2.5000
    endloop
  endfacet
  facet normal 0.000000 0.000000 1.000000
    outer loop
      vertex 82.0000 -85.6000 2.5000
      vertex 28.3910 27.0615 2.5000
      vertex 28.5754 26.5715 2.5000
    endloop
  endfacet
  facet normal 0.000000 0.000000 1.000000
    outer loop
      vertex 28.9829 -24.5232 2.5000
      vertex 28.9316 -25.0442 2.5000
      vertex 82.0000 -85.6000 2.5000
    endloop
  endfacet
  facet normal 0.000000 0.000000 1.000000
    outer loop
      vertex 82.0000 -85.6000 2.5000
      vertex 28.5754 26.5715 2.5000
      vertex 28.7274 26.0706 2.5000
    endloop
  endfacet
  facet normal 0.000000 0.000000 1.000000
    outer loop
      vertex 29.0000 24.0000 2.5000
      vertex 28.9829 -24.5232 2.5000
      vertex 82.0000 -85.6000 2.5000
    endloop
  endfacet
  facet normal 0.000000 0.000000 1.000000
    outer loop
      vertex 82.0000 -85.6000 2.5000
      vertex 28.7274 26.0706 2.5000
      vertex 28.8463 25.5607 2.5000
    endloop
  endfacet
  facet normal 0.000000 0.000000 1.000000
    outer loop
      vertex 28.9829 24.5232 2.5000
      vertex 29.0000 24.0000 2.5000
      vertex 82.0000 -85.6000 2.5000
    endloop
  endfacet
  facet normal 0.000000 0.000000 1.000000
    outer loop
      vertex 82.0000 -85.6000 2.5000
      vertex 28.8463 25.5607 2.5000
      vertex 28.9316 25.0442 2.5000
    endloop
  endfacet
  facet normal 0.000000 0.000000 1.000000
    outer loop
      vertex 28.9316 25.0442 2.5000
      vertex 28.9829 24.5232 2.5000
      vertex 82.0000 -85.6000 2.5000
    endloop
  endfacet
  facet normal -0.032719 0.999465 0.000000
    outer loop
      vertex 79.0000 -97.5000 2.5000
      vertex 79.8829 -97.4711 5.5000
      vertex 79.8829 -97.4711 2.5000
    endloop
  endfacet
  facet normal -0.032719 0.999465 0.000000
    outer loop
      vertex 79.0000 -97.5000 2.5000
      vertex 79.0000 -97.5000 5.5000
      vertex 79.8829 -97.4711 5.5000
    endloop
  endfacet
  facet normal -0.098017 0.995185 0.000000
    outer loop
      vertex 79.8829 -97.4711 2.5000
      vertex 80.7621 -97.3845 5.5000
      vertex 80.7621 -97.3845 2.5000
    endloop
  endfacet
  facet normal -0.098017 0.995185 0.000000
    outer loop
      vertex 79.8829 -97.4711 2.5000
      vertex 79.8829 -97.4711 5.5000
      vertex 80.7621 -97.3845 5.5000
    endloop
  endfacet
  facet normal -0.162895 0.986643 0.000000
    outer loop
      vertex 80.7621 -97.3845 2.5000
      vertex 81.6337 -97.2406 5.5000
      vertex 81.6337 -97.2406 2.5000
    endloop
  endfacet
  facet normal -0.162895 0.986643 0.000000
    outer loop
      vertex 80.7621 -97.3845 2.5000
      vertex 80.7621 -97.3845 5.5000
      vertex 81.6337 -97.2406 5.5000
    endloop
  endfacet
  facet normal -0.227076 0.973877 0.000000
    outer loop
      vertex 81.6337 -97.2406 2.5000
      vertex 82.4941 -97.0400 5.5000
      vertex 82.4941 -97.0400 2.5000
    endloop
  endfacet
  facet normal -0.227076 0.973877 0.000000
    outer loop
      vertex 81.6337 -97.2406 2.5000
      vertex 81.6337 -97.2406 5.5000
      vertex 82.4941 -97.0400 5.5000
    endloop
  endfacet
  facet normal -0.290285 0.956940 0.000000
    outer loop
      vertex 82.4941 -97.0400 2.5000
      vertex 83.3394 -96.7836 5.5000
      vertex 83.3394 -96.7836 2.5000
    endloop
  endfacet
  facet normal -0.290285 0.956940 0.000000
    outer loop
      vertex 82.4941 -97.0400 2.5000
      vertex 82.4941 -97.0400 5.5000
      vertex 83.3394 -96.7836 5.5000
    endloop
  endfacet
  facet normal -0.352250 0.935906 0.000000
    outer loop
      vertex 83.3394 -96.7836 2.5000
      vertex 84.1662 -96.4724 5.5000
      vertex 84.1662 -96.4724 2.5000
    endloop
  endfacet
  facet normal -0.352250 0.935906 0.000000
    outer loop
      vertex 83.3394 -96.7836 2.5000
      vertex 83.3394 -96.7836 5.5000
      vertex 84.1662 -96.4724 5.5000
    endloop
  endfacet
  facet normal -0.412707 0.910864 0.000000
    outer loop
      vertex 84.1662 -96.4724 2.5000
      vertex 84.9709 -96.1078 5.5000
      vertex 84.9709 -96.1078 2.5000
    endloop
  endfacet
  facet normal -0.412707 0.910864 0.000000
    outer loop
      vertex 84.1662 -96.4724 2.5000
      vertex 84.1662 -96.4724 5.5000
      vertex 84.9709 -96.1078 5.5000
    endloop
  endfacet
  facet normal -0.471397 0.881921 0.000000
    outer loop
      vertex 84.9709 -96.1078 2.5000
      vertex 85.7500 -95.6913 5.5000
      vertex 85.7500 -95.6913 2.5000
    endloop
  endfacet
  facet normal -0.471397 0.881921 0.000000
    outer loop
      vertex 84.9709 -96.1078 2.5000
      vertex 84.9709 -96.1078 5.5000
      vertex 85.7500 -95.6913 5.5000
    endloop
  endfacet
  facet normal -0.528068 0.849202 0.000000
    outer loop
      vertex 85.7500 -95.6913 2.5000
      vertex 86.5002 -95.2248 5.5000
      vertex 86.5002 -95.2248 2.5000
    endloop
  endfacet
  facet normal -0.528068 0.849202 0.000000
    outer loop
      vertex 85.7500 -95.6913 2.5000
      vertex 85.7500 -95.6913 5.5000
      vertex 86.5002 -95.2248 5.5000
    endloop
  endfacet
  facet normal -0.582478 0.812847 0.000000
    outer loop
      vertex 86.5002 -95.2248 2.5000
      vertex 87.2183 -94.7103 5.5000
      vertex 87.2183 -94.7103 2.5000
    endloop
  endfacet
  facet normal -0.582478 0.812847 0.000000
    outer loop
      vertex 86.5002 -95.2248 2.5000
      vertex 86.5002 -95.2248 5.5000
      vertex 87.2183 -94.7103 5.5000
    endloop
  endfacet
  facet normal -0.634393 0.773010 0.000000
    outer loop
      vertex 87.2183 -94.7103 2.5000
      vertex 87.9012 -94.1498 5.5000
      vertex 87.9012 -94.1498 2.5000
    endloop
  endfacet
  facet normal -0.634393 0.773010 0.000000
    outer loop
      vertex 87.2183 -94.7103 2.5000
      vertex 87.2183 -94.7103 5.5000
      vertex 87.9012 -94.1498 5.5000
    endloop
  endfacet
  facet normal -0.683592 0.729864 0.000000
    outer loop
      vertex 87.9012 -94.1498 2.5000
      vertex 88.5459 -93.5459 5.5000
      vertex 88.5459 -93.5459 2.5000
    endloop
  endfacet
  facet normal -0.683592 0.729864 0.000000
    outer loop
      vertex 87.9012 -94.1498 2.5000
      vertex 87.9012 -94.1498 5.5000
      vertex 88.5459 -93.5459 5.5000
    endloop
  endfacet
  facet normal -0.729864 0.683592 0.000000
    outer loop
      vertex 88.5459 -93.5459 2.5000
      vertex 89.1498 -92.9012 5.5000
      vertex 89.1498 -92.9012 2.5000
    endloop
  endfacet
  facet normal -0.729864 0.683592 0.000000
    outer loop
      vertex 88.5459 -93.5459 2.5000
      vertex 88.5459 -93.5459 5.5000
      vertex 89.1498 -92.9012 5.5000
    endloop
  endfacet
  facet normal -0.773010 0.634393 0.000000
    outer loop
      vertex 89.1498 -92.9012 2.5000
      vertex 89.7103 -92.2183 5.5000
      vertex 89.7103 -92.2183 2.5000
    endloop
  endfacet
  facet normal -0.773010 0.634393 0.000000
    outer loop
      vertex 89.1498 -92.9012 2.5000
      vertex 89.1498 -92.9012 5.5000
      vertex 89.7103 -92.2183 5.5000
    endloop
  endfacet
  facet normal -0.812847 0.582478 0.000000
    outer loop
      vertex 89.7103 -92.2183 2.5000
      vertex 90.2248 -91.5002 5.5000
      vertex 90.2248 -91.5002 2.5000
    endloop
  endfacet
  facet normal -0.812847 0.582478 0.000000
    outer loop
      vertex 89.7103 -92.2183 2.5000
      vertex 89.7103 -92.2183 5.5000
      vertex 90.2248 -91.5002 5.5000
    endloop
  endfacet
  facet normal -0.849202 0.528068 0.000000
    outer loop
      vertex 90.2248 -91.5002 2.5000
      vertex 90.6913 -90.7500 5.5000
      vertex 90.6913 -90.7500 2.5000
    endloop
  endfacet
  facet normal -0.849202 0.528068 0.000000
    outer loop
      vertex 90.2248 -91.5002 2.5000
      vertex 90.2248 -91.5002 5.5000
      vertex 90.6913 -90.7500 5.5000
    endloop
  endfacet
  facet normal -0.881921 0.471397 0.000000
    outer loop
      vertex 90.6913 -90.7500 2.5000
      vertex 91.1078 -89.9709 5.5000
      vertex 91.1078 -89.9709 2.5000
    endloop
  endfacet
  facet normal -0.881921 0.471397 0.000000
    outer loop
      vertex 90.6913 -90.7500 2.5000
      vertex 90.6913 -90.7500 5.5000
      vertex 91.1078 -89.9709 5.5000
    endloop
  endfacet
  facet normal -0.910864 0.412707 0.000000
    outer loop
      vertex 91.1078 -89.9709 2.5000
      vertex 91.4724 -89.1662 5.5000
      vertex 91.4724 -89.1662 2.5000
    endloop
  endfacet
  facet normal -0.910864 0.412707 0.000000
    outer loop
      vertex 91.1078 -89.9709 2.5000
      vertex 91.1078 -89.9709 5.5000
      vertex 91.4724 -89.1662 5.5000
    endloop
  endfacet
  facet normal -0.935906 0.352250 0.000000
    outer loop
      vertex 91.4724 -89.1662 2.5000
      vertex 91.7836 -88.3394 5.5000
      vertex 91.7836 -88.3394 2.5000
    endloop
  endfacet
  facet normal -0.935906 0.352250 0.000000
    outer loop
      vertex 91.4724 -89.1662 2.5000
      vertex 91.4724 -89.1662 5.5000
      vertex 91.7836 -88.3394 5.5000
    endloop
  endfacet
  facet normal -0.956940 0.290285 0.000000
    outer loop
      vertex 91.7836 -88.3394 2.5000
      vertex 92.0400 -87.4941 5.5000
      vertex 92.0400 -87.4941 2.5000
    endloop
  endfacet
  facet normal -0.956940 0.290285 0.000000
    outer loop
      vertex 91.7836 -88.3394 2.5000
      vertex 91.7836 -88.3394 5.5000
      vertex 92.0400 -87.4941 5.5000
    endloop
  endfacet
  facet normal -0.973877 0.227076 0.000000
    outer loop
      vertex 92.0400 -87.4941 2.5000
      vertex 92.2406 -86.6337 5.5000
      vertex 92.2406 -86.6337 2.5000
    endloop
  endfacet
  facet normal -0.973877 0.227076 0.000000
    outer loop
      vertex 92.0400 -87.4941 2.5000
      vertex 92.0400 -87.4941 5.5000
      vertex 92.2406 -86.6337 5.5000
    endloop
  endfacet
  facet normal -0.986643 0.162895 0.000000
    outer loop
      vertex 92.2406 -86.6337 2.5000
      vertex 92.3845 -85.7621 5.5000
      vertex 92.3845 -85.7621 2.5000
    endloop
  endfacet
  facet normal -0.986643 0.162895 0.000000
    outer loop
      vertex 92.2406 -86.6337 2.5000
      vertex 92.2406 -86.6337 5.5000
      vertex 92.3845 -85.7621 5.5000
    endloop
  endfacet
  facet normal -0.995185 0.098017 0.000000
    outer loop
      vertex 92.3845 -85.7621 2.5000
      vertex 92.4711 -84.8829 5.5000
      vertex 92.4711 -84.8829 2.5000
    endloop
  endfacet
  facet normal -0.995185 0.098017 0.000000
    outer loop
      vertex 92.3845 -85.7621 2.5000
      vertex 92.3845 -85.7621 5.5000
      vertex 92.4711 -84.8829 5.5000
    endloop
  endfacet
  facet normal -1.000000 0.000145 0.000000
    outer loop
      vertex 92.4711 -84.8829 2.5000
      vertex 92.5000 114.0000 5.5000
      vertex 92.5000 114.0000 2.5000
    endloop
  endfacet
  facet normal -1.000000 0.000145 0.000000
    outer loop
      vertex 92.4711 -84.8829 2.5000
      vertex 92.4711 -84.8829 5.5000
      vertex 92.5000 114.0000 5.5000
    endloop
  endfacet
  facet normal -0.999465 -0.032719 0.000000
    outer loop
      vertex 92.5000 114.0000 2.5000
      vertex 92.4711 114.8829 5.5000
      vertex 92.4711 114.8829 2.5000
    endloop
  endfacet
  facet normal -0.999465 -0.032719 0.000000
    outer loop
      vertex 92.5000 114.0000 2.5000
      vertex 92.5000 114.0000 5.5000
      vertex 92.4711 114.8829 5.5000
    endloop
  endfacet
  facet normal -0.995185 -0.098017 0.000000
    outer loop
      vertex 92.4711 114.8829 2.5000
      vertex 92.3845 115.7621 5.5000
      vertex 92.3845 115.7621 2.5000
    endloop
  endfacet
  facet normal -0.995185 -0.098017 0.000000
    outer loop
      vertex 92.4711 114.8829 2.5000
      vertex 92.4711 114.8829 5.5000
      vertex 92.3845 115.7621 5.5000
    endloop
  endfacet
  facet normal -0.986643 -0.162895 0.000000
    outer loop
      vertex 92.3845 115.7621 2.5000
      vertex 92.2406 116.6337 5.5000
      vertex 92.2406 116.6337 2.5000
    endloop
  endfacet
  facet normal -0.986643 -0.162895 0.000000
    outer loop
      vertex 92.3845 115.7621 2.5000
      vertex 92.3845 115.7621 5.5000
      vertex 92.2406 116.6337 5.5000
    endloop
  endfacet
  facet normal -0.973877 -0.227076 0.000000
    outer loop
      vertex 92.2406 116.6337 2.5000
      vertex 92.0400 117.4941 5.5000
      vertex 92.0400 117.4941 2.5000
    endloop
  endfacet
  facet normal -0.973877 -0.227076 0.000000
    outer loop
      vertex 92.2406 116.6337 2.5000
      vertex 92.2406 116.6337 5.5000
      vertex 92.0400 117.4941 5.5000
    endloop
  endfacet
  facet normal -0.956940 -0.290285 0.000000
    outer loop
      vertex 92.0400 117.4941 2.5000
      vertex 91.7836 118.3394 5.5000
      vertex 91.7836 118.3394 2.5000
    endloop
  endfacet
  facet normal -0.956940 -0.290285 0.000000
    outer loop
      vertex 92.0400 117.4941 2.5000
      vertex 92.0400 117.4941 5.5000
      vertex 91.7836 118.3394 5.5000
    endloop
  endfacet
  facet normal -0.935906 -0.352250 0.000000
    outer loop
      vertex 91.7836 118.3394 2.5000
      vertex 91.4724 119.1662 5.5000
      vertex 91.4724 119.1662 2.5000
    endloop
  endfacet
  facet normal -0.935906 -0.352250 0.000000
    outer loop
      vertex 91.7836 118.3394 2.5000
      vertex 91.7836 118.3394 5.5000
      vertex 91.4724 119.1662 5.5000
    endloop
  endfacet
  facet normal -0.910864 -0.412707 0.000000
    outer loop
      vertex 91.4724 119.1662 2.5000
      vertex 91.1078 119.9709 5.5000
      vertex 91.1078 119.9709 2.5000
    endloop
  endfacet
  facet normal -0.910864 -0.412707 0.000000
    outer loop
      vertex 91.4724 119.1662 2.5000
      vertex 91.4724 119.1662 5.5000
      vertex 91.1078 119.9709 5.5000
    endloop
  endfacet
  facet normal -0.881921 -0.471397 0.000000
    outer loop
      vertex 91.1078 119.9709 2.5000
      vertex 90.6913 120.7500 5.5000
      vertex 90.6913 120.7500 2.5000
    endloop
  endfacet
  facet normal -0.881921 -0.471397 0.000000
    outer loop
      vertex 91.1078 119.9709 2.5000
      vertex 91.1078 119.9709 5.5000
      vertex 90.6913 120.7500 5.5000
    endloop
  endfacet
  facet normal -0.849202 -0.528068 0.000000
    outer loop
      vertex 90.6913 120.7500 2.5000
      vertex 90.2248 121.5002 5.5000
      vertex 90.2248 121.5002 2.5000
    endloop
  endfacet
  facet normal -0.849202 -0.528068 0.000000
    outer loop
      vertex 90.6913 120.7500 2.5000
      vertex 90.6913 120.7500 5.5000
      vertex 90.2248 121.5002 5.5000
    endloop
  endfacet
  facet normal -0.812847 -0.582478 0.000000
    outer loop
      vertex 90.2248 121.5002 2.5000
      vertex 89.7103 122.2183 5.5000
      vertex 89.7103 122.2183 2.5000
    endloop
  endfacet
  facet normal -0.812847 -0.582478 0.000000
    outer loop
      vertex 90.2248 121.5002 2.5000
      vertex 90.2248 121.5002 5.5000
      vertex 89.7103 122.2183 5.5000
    endloop
  endfacet
  facet normal -0.773010 -0.634393 0.000000
    outer loop
      vertex 89.7103 122.2183 2.5000
      vertex 89.1498 122.9012 5.5000
      vertex 89.1498 122.9012 2.5000
    endloop
  endfacet
  facet normal -0.773010 -0.634393 0.000000
    outer loop
      vertex 89.7103 122.2183 2.5000
      vertex 89.7103 122.2183 5.5000
      vertex 89.1498 122.9012 5.5000
    endloop
  endfacet
  facet normal -0.729864 -0.683592 0.000000
    outer loop
      vertex 89.1498 122.9012 2.5000
      vertex 88.5459 123.5459 5.5000
      vertex 88.5459 123.5459 2.5000
    endloop
  endfacet
  facet normal -0.729864 -0.683592 0.000000
    outer loop
      vertex 89.1498 122.9012 2.5000
      vertex 89.1498 122.9012 5.5000
      vertex 88.5459 123.5459 5.5000
    endloop
  endfacet
  facet normal -0.683592 -0.729864 0.000000
    outer loop
      vertex 88.5459 123.5459 2.5000
      vertex 87.9012 124.1498 5.5000
      vertex 87.9012 124.1498 2.5000
    endloop
  endfacet
  facet normal -0.683592 -0.729864 0.000000
    outer loop
      vertex 88.5459 123.5459 2.5000
      vertex 88.5459 123.5459 5.5000
      vertex 87.9012 124.1498 5.5000
    endloop
  endfacet
  facet normal -0.634393 -0.773010 0.000000
    outer loop
      vertex 87.9012 124.1498 2.5000
      vertex 87.2183 124.7103 5.5000
      vertex 87.2183 124.7103 2.5000
    endloop
  endfacet
  facet normal -0.634393 -0.773010 0.000000
    outer loop
      vertex 87.9012 124.1498 2.5000
      vertex 87.9012 124.1498 5.5000
      vertex 87.2183 124.7103 5.5000
    endloop
  endfacet
  facet normal -0.582478 -0.812847 0.000000
    outer loop
      vertex 87.2183 124.7103 2.5000
      vertex 86.5002 125.2248 5.5000
      vertex 86.5002 125.2248 2.5000
    endloop
  endfacet
  facet normal -0.582478 -0.812847 0.000000
    outer loop
      vertex 87.2183 124.7103 2.5000
      vertex 87.2183 124.7103 5.5000
      vertex 86.5002 125.2248 5.5000
    endloop
  endfacet
  facet normal -0.528068 -0.849202 0.000000
    outer loop
      vertex 86.5002 125.2248 2.5000
      vertex 85.7500 125.6913 5.5000
      vertex 85.7500 125.6913 2.5000
    endloop
  endfacet
  facet normal -0.528068 -0.849202 0.000000
    outer loop
      vertex 86.5002 125.2248 2.5000
      vertex 86.5002 125.2248 5.5000
      vertex 85.7500 125.6913 5.5000
    endloop
  endfacet
  facet normal -0.471397 -0.881921 0.000000
    outer loop
      vertex 85.7500 125.6913 2.5000
      vertex 84.9709 126.1078 5.5000
      vertex 84.9709 126.1078 2.5000
    endloop
  endfacet
  facet normal -0.471397 -0.881921 0.000000
    outer loop
      vertex 85.7500 125.6913 2.5000
      vertex 85.7500 125.6913 5.5000
      vertex 84.9709 126.1078 5.5000
    endloop
  endfacet
  facet normal -0.412707 -0.910864 0.000000
    outer loop
      vertex 84.9709 126.1078 2.5000
      vertex 84.1662 126.4724 5.5000
      vertex 84.1662 126.4724 2.5000
    endloop
  endfacet
  facet normal -0.412707 -0.910864 0.000000
    outer loop
      vertex 84.9709 126.1078 2.5000
      vertex 84.9709 126.1078 5.5000
      vertex 84.1662 126.4724 5.5000
    endloop
  endfacet
  facet normal -0.352250 -0.935906 0.000000
    outer loop
      vertex 84.1662 126.4724 2.5000
      vertex 83.3394 126.7836 5.5000
      vertex 83.3394 126.7836 2.5000
    endloop
  endfacet
  facet normal -0.352250 -0.935906 0.000000
    outer loop
      vertex 84.1662 126.4724 2.5000
      vertex 84.1662 126.4724 5.5000
      vertex 83.3394 126.7836 5.5000
    endloop
  endfacet
  facet normal -0.290285 -0.956940 0.000000
    outer loop
      vertex 83.3394 126.7836 2.5000
      vertex 82.4941 127.0400 5.5000
      vertex 82.4941 127.0400 2.5000
    endloop
  endfacet
  facet normal -0.290285 -0.956940 0.000000
    outer loop
      vertex 83.3394 126.7836 2.5000
      vertex 83.3394 126.7836 5.5000
      vertex 82.4941 127.0400 5.5000
    endloop
  endfacet
  facet normal -0.227076 -0.973877 0.000000
    outer loop
      vertex 82.4941 127.0400 2.5000
      vertex 81.6337 127.2406 5.5000
      vertex 81.6337 127.2406 2.5000
    endloop
  endfacet
  facet normal -0.227076 -0.973877 0.000000
    outer loop
      vertex 82.4941 127.0400 2.5000
      vertex 82.4941 127.0400 5.5000
      vertex 81.6337 127.2406 5.5000
    endloop
  endfacet
  facet normal -0.162895 -0.986643 0.000000
    outer loop
      vertex 81.6337 127.2406 2.5000
      vertex 80.7621 127.3845 5.5000
      vertex 80.7621 127.3845 2.5000
    endloop
  endfacet
  facet normal -0.162895 -0.986643 0.000000
    outer loop
      vertex 81.6337 127.2406 2.5000
      vertex 81.6337 127.2406 5.5000
      vertex 80.7621 127.3845 5.5000
    endloop
  endfacet
  facet normal -0.098017 -0.995185 0.000000
    outer loop
      vertex 80.7621 127.3845 2.5000
      vertex 79.8829 127.4711 5.5000
      vertex 79.8829 127.4711 2.5000
    endloop
  endfacet
  facet normal -0.098017 -0.995185 0.000000
    outer loop
      vertex 80.7621 127.3845 2.5000
      vertex 80.7621 127.3845 5.5000
      vertex 79.8829 127.4711 5.5000
    endloop
  endfacet
  facet normal -0.000182 -1.000000 0.000000
    outer loop
      vertex 79.8829 127.4711 2.5000
      vertex -79.0000 127.5000 5.5000
      vertex -79.0000 127.5000 2.5000
    endloop
  endfacet
  facet normal -0.000182 -1.000000 0.000000
    outer loop
      vertex 79.8829 127.4711 2.5000
      vertex 79.8829 127.4711 5.5000
      vertex -79.0000 127.5000 5.5000
    endloop
  endfacet
  facet normal 0.032719 -0.999465 0.000000
    outer loop
      vertex -79.0000 127.5000 2.5000
      vertex -79.8829 127.4711 5.5000
      vertex -79.8829 127.4711 2.5000
    endloop
  endfacet
  facet normal 0.032719 -0.999465 0.000000
    outer loop
      vertex -79.0000 127.5000 2.5000
      vertex -79.0000 127.5000 5.5000
      vertex -79.8829 127.4711 5.5000
    endloop
  endfacet
  facet normal 0.098017 -0.995185 0.000000
    outer loop
      vertex -79.8829 127.4711 2.5000
      vertex -80.7621 127.3845 5.5000
      vertex -80.7621 127.3845 2.5000
    endloop
  endfacet
  facet normal 0.098017 -0.995185 0.000000
    outer loop
      vertex -79.8829 127.4711 2.5000
      vertex -79.8829 127.4711 5.5000
      vertex -80.7621 127.3845 5.5000
    endloop
  endfacet
  facet normal 0.162895 -0.986643 0.000000
    outer loop
      vertex -80.7621 127.3845 2.5000
      vertex -81.6337 127.2406 5.5000
      vertex -81.6337 127.2406 2.5000
    endloop
  endfacet
  facet normal 0.162895 -0.986643 0.000000
    outer loop
      vertex -80.7621 127.3845 2.5000
      vertex -80.7621 127.3845 5.5000
      vertex -81.6337 127.2406 5.5000
    endloop
  endfacet
  facet normal 0.227076 -0.973877 0.000000
    outer loop
      vertex -81.6337 127.2406 2.5000
      vertex -82.4941 127.0400 5.5000
      vertex -82.4941 127.0400 2.5000
    endloop
  endfacet
  facet normal 0.227076 -0.973877 0.000000
    outer loop
      vertex -81.6337 127.2406 2.5000
      vertex -81.6337 127.2406 5.5000
      vertex -82.4941 127.0400 5.5000
    endloop
  endfacet
  facet normal 0.290285 -0.956940 0.000000
    outer loop
      vertex -82.4941 127.0400 2.5000
      vertex -83.3394 126.7836 5.5000
      vertex -83.3394 126.7836 2.5000
    endloop
  endfacet
  facet normal 0.290285 -0.956940 0.000000
    outer loop
      vertex -82.4941 127.0400 2.5000
      vertex -82.4941 127.0400 5.5000
      vertex -83.3394 126.7836 5.5000
    endloop
  endfacet
  facet normal 0.352250 -0.935906 0.000000
    outer loop
      vertex -83.3394 126.7836 2.5000
      vertex -84.1662 126.4724 5.5000
      vertex -84.1662 126.4724 2.5000
    endloop
  endfacet
  facet normal 0.352250 -0.935906 0.000000
    outer loop
      vertex -83.3394 126.7836 2.5000
      vertex -83.3394 126.7836 5.5000
      vertex -84.1662 126.4724 5.5000
    endloop
  endfacet
  facet normal 0.412707 -0.910864 0.000000
    outer loop
      vertex -84.1662 126.4724 2.5000
      vertex -84.9709 126.1078 5.5000
      vertex -84.9709 126.1078 2.5000
    endloop
  endfacet
  facet normal 0.412707 -0.910864 0.000000
    outer loop
      vertex -84.1662 126.4724 2.5000
      vertex -84.1662 126.4724 5.5000
      vertex -84.9709 126.1078 5.5000
    endloop
  endfacet
  facet normal 0.471397 -0.881921 0.000000
    outer loop
      vertex -84.9709 126.1078 2.5000
      vertex -85.7500 125.6913 5.5000
      vertex -85.7500 125.6913 2.5000
    endloop
  endfacet
  facet normal 0.471397 -0.881921 0.000000
    outer loop
      vertex -84.9709 126.1078 2.5000
      vertex -84.9709 126.1078 5.5000
      vertex -85.7500 125.6913 5.5000
    endloop
  endfacet
  facet normal 0.528068 -0.849202 0.000000
    outer loop
      vertex -85.7500 125.6913 2.5000
      vertex -86.5002 125.2248 5.5000
      vertex -86.5002 125.2248 2.5000
    endloop
  endfacet
  facet normal 0.528068 -0.849202 0.000000
    outer loop
      vertex -85.7500 125.6913 2.5000
      vertex -85.7500 125.6913 5.5000
      vertex -86.5002 125.2248 5.5000
    endloop
  endfacet
  facet normal 0.582478 -0.812847 0.000000
    outer loop
      vertex -86.5002 125.2248 2.5000
      vertex -87.2183 124.7103 5.5000
      vertex -87.2183 124.7103 2.5000
    endloop
  endfacet
  facet normal 0.582478 -0.812847 0.000000
    outer loop
      vertex -86.5002 125.2248 2.5000
      vertex -86.5002 125.2248 5.5000
      vertex -87.2183 124.7103 5.5000
    endloop
  endfacet
  facet normal 0.634393 -0.773010 0.000000
    outer loop
      vertex -87.2183 124.7103 2.5000
      vertex -87.9012 124.1498 5.5000
      vertex -87.9012 124.1498 2.5000
    endloop
  endfacet
  facet normal 0.634393 -0.773010 0.000000
    outer loop
      vertex -87.2183 124.7103 2.5000
      vertex -87.2183 124.7103 5.5000
      vertex -87.9012 124.1498 5.5000
    endloop
  endfacet
  facet normal 0.683592 -0.729864 0.000000
    outer loop
      vertex -87.9012 124.1498 2.5000
      vertex -88.5459 123.5459 5.5000
      vertex -88.5459 123.5459 2.5000
    endloop
  endfacet
  facet normal 0.683592 -0.729864 0.000000
    outer loop
      vertex -87.9012 124.1498 2.5000
      vertex -87.9012 124.1498 5.5000
      vertex -88.5459 123.5459 5.5000
    endloop
  endfacet
  facet normal 0.729864 -0.683592 0.000000
    outer loop
      vertex -88.5459 123.5459 2.5000
      vertex -89.1498 122.9012 5.5000
      vertex -89.1498 122.9012 2.5000
    endloop
  endfacet
  facet normal 0.729864 -0.683592 0.000000
    outer loop
      vertex -88.5459 123.5459 2.5000
      vertex -88.5459 123.5459 5.5000
      vertex -89.1498 122.9012 5.5000
    endloop
  endfacet
  facet normal 0.773010 -0.634393 0.000000
    outer loop
      vertex -89.1498 122.9012 2.5000
      vertex -89.7103 122.2183 5.5000
      vertex -89.7103 122.2183 2.5000
    endloop
  endfacet
  facet normal 0.773010 -0.634393 0.000000
    outer loop
      vertex -89.1498 122.9012 2.5000
      vertex -89.1498 122.9012 5.5000
      vertex -89.7103 122.2183 5.5000
    endloop
  endfacet
  facet normal 0.812847 -0.582478 0.000000
    outer loop
      vertex -89.7103 122.2183 2.5000
      vertex -90.2248 121.5002 5.5000
      vertex -90.2248 121.5002 2.5000
    endloop
  endfacet
  facet normal 0.812847 -0.582478 0.000000
    outer loop
      vertex -89.7103 122.2183 2.5000
      vertex -89.7103 122.2183 5.5000
      vertex -90.2248 121.5002 5.5000
    endloop
  endfacet
  facet normal 0.849202 -0.528068 0.000000
    outer loop
      vertex -90.2248 121.5002 2.5000
      vertex -90.6913 120.7500 5.5000
      vertex -90.6913 120.7500 2.5000
    endloop
  endfacet
  facet normal 0.849202 -0.528068 0.000000
    outer loop
      vertex -90.2248 121.5002 2.5000
      vertex -90.2248 121.5002 5.5000
      vertex -90.6913 120.7500 5.5000
    endloop
  endfacet
  facet normal 0.881921 -0.471397 0.000000
    outer loop
      vertex -90.6913 120.7500 2.5000
      vertex -91.1078 119.9709 5.5000
      vertex -91.1078 119.9709 2.5000
    endloop
  endfacet
  facet normal 0.881921 -0.471397 0.000000
    outer loop
      vertex -90.6913 120.7500 2.5000
      vertex -90.6913 120.7500 5.5000
      vertex -91.1078 119.9709 5.5000
    endloop
  endfacet
  facet normal 0.910864 -0.412707 0.000000
    outer loop
      vertex -91.1078 119.9709 2.5000
      vertex -91.4724 119.1662 5.5000
      vertex -91.4724 119.1662 2.5000
    endloop
  endfacet
  facet normal 0.910864 -0.412707 0.000000
    outer loop
      vertex -91.1078 119.9709 2.5000
      vertex -91.1078 119.9709 5.5000
      vertex -91.4724 119.1662 5.5000
    endloop
  endfacet
  facet normal 0.935906 -0.352250 0.000000
    outer loop
      vertex -91.4724 119.1662 2.5000
      vertex -91.7836 118.3394 5.5000
      vertex -91.7836 118.3394 2.5000
    endloop
  endfacet
  facet normal 0.935906 -0.352250 0.000000
    outer loop
      vertex -91.4724 119.1662 2.5000
      vertex -91.4724 119.1662 5.5000
      vertex -91.7836 118.3394 5.5000
    endloop
  endfacet
  facet normal 0.956940 -0.290285 0.000000
    outer loop
      vertex -91.7836 118.3394 2.5000
      vertex -92.0400 117.4941 5.5000
      vertex -92.0400 117.4941 2.5000
    endloop
  endfacet
  facet normal 0.956940 -0.290285 0.000000
    outer loop
      vertex -91.7836 118.3394 2.5000
      vertex -91.7836 118.3394 5.5000
      vertex -92.0400 117.4941 5.5000
    endloop
  endfacet
  facet normal 0.973877 -0.227076 0.000000
    outer loop
      vertex -92.0400 117.4941 2.5000
      vertex -92.2406 116.6337 5.5000
      vertex -92.2406 116.6337 2.5000
    endloop
  endfacet
  facet normal 0.973877 -0.227076 0.000000
    outer loop
      vertex -92.0400 117.4941 2.5000
      vertex -92.0400 117.4941 5.5000
      vertex -92.2406 116.6337 5.5000
    endloop
  endfacet
  facet normal 0.986643 -0.162895 0.000000
    outer loop
      vertex -92.2406 116.6337 2.5000
      vertex -92.3845 115.7621 5.5000
      vertex -92.3845 115.7621 2.5000
    endloop
  endfacet
  facet normal 0.986643 -0.162895 0.000000
    outer loop
      vertex -92.2406 116.6337 2.5000
      vertex -92.2406 116.6337 5.5000
      vertex -92.3845 115.7621 5.5000
    endloop
  endfacet
  facet normal 0.995185 -0.098017 0.000000
    outer loop
      vertex -92.3845 115.7621 2.5000
      vertex -92.4711 114.8829 5.5000
      vertex -92.4711 114.8829 2.5000
    endloop
  endfacet
  facet normal 0.995185 -0.098017 0.000000
    outer loop
      vertex -92.3845 115.7621 2.5000
      vertex -92.3845 115.7621 5.5000
      vertex -92.4711 114.8829 5.5000
    endloop
  endfacet
  facet normal 1.000000 -0.000145 0.000000
    outer loop
      vertex -92.4711 114.8829 2.5000
      vertex -92.5000 -84.0000 5.5000
      vertex -92.5000 -84.0000 2.5000
    endloop
  endfacet
  facet normal 1.000000 -0.000145 0.000000
    outer loop
      vertex -92.4711 114.8829 2.5000
      vertex -92.4711 114.8829 5.5000
      vertex -92.5000 -84.0000 5.5000
    endloop
  endfacet
  facet normal 0.999465 0.032719 0.000000
    outer loop
      vertex -92.5000 -84.0000 2.5000
      vertex -92.4711 -84.8829 5.5000
      vertex -92.4711 -84.8829 2.5000
    endloop
  endfacet
  facet normal 0.999465 0.032719 -0.000000
    outer loop
      vertex -92.5000 -84.0000 2.5000
      vertex -92.5000 -84.0000 5.5000
      vertex -92.4711 -84.8829 5.5000
    endloop
  endfacet
  facet normal 0.995185 0.098017 0.000000
    outer loop
      vertex -92.4711 -84.8829 2.5000
      vertex -92.3845 -85.7621 5.5000
      vertex -92.3845 -85.7621 2.5000
    endloop
  endfacet
  facet normal 0.995185 0.098017 -0.000000
    outer loop
      vertex -92.4711 -84.8829 2.5000
      vertex -92.4711 -84.8829 5.5000
      vertex -92.3845 -85.7621 5.5000
    endloop
  endfacet
  facet normal 0.986643 0.162895 0.000000
    outer loop
      vertex -92.3845 -85.7621 2.5000
      vertex -92.2406 -86.6337 5.5000
      vertex -92.2406 -86.6337 2.5000
    endloop
  endfacet
  facet normal 0.986643 0.162895 -0.000000
    outer loop
      vertex -92.3845 -85.7621 2.5000
      vertex -92.3845 -85.7621 5.5000
      vertex -92.2406 -86.6337 5.5000
    endloop
  endfacet
  facet normal 0.973877 0.227076 0.000000
    outer loop
      vertex -92.2406 -86.6337 2.5000
      vertex -92.0400 -87.4941 5.5000
      vertex -92.0400 -87.4941 2.5000
    endloop
  endfacet
  facet normal 0.973877 0.227076 -0.000000
    outer loop
      vertex -92.2406 -86.6337 2.5000
      vertex -92.2406 -86.6337 5.5000
      vertex -92.0400 -87.4941 5.5000
    endloop
  endfacet
  facet normal 0.956940 0.290285 0.000000
    outer loop
      vertex -92.0400 -87.4941 2.5000
      vertex -91.7836 -88.3394 5.5000
      vertex -91.7836 -88.3394 2.5000
    endloop
  endfacet
  facet normal 0.956940 0.290285 -0.000000
    outer loop
      vertex -92.0400 -87.4941 2.5000
      vertex -92.0400 -87.4941 5.5000
      vertex -91.7836 -88.3394 5.5000
    endloop
  endfacet
  facet normal 0.935906 0.352250 0.000000
    outer loop
      vertex -91.7836 -88.3394 2.5000
      vertex -91.4724 -89.1662 5.5000
      vertex -91.4724 -89.1662 2.5000
    endloop
  endfacet
  facet normal 0.935906 0.352250 -0.000000
    outer loop
      vertex -91.7836 -88.3394 2.5000
      vertex -91.7836 -88.3394 5.5000
      vertex -91.4724 -89.1662 5.5000
    endloop
  endfacet
  facet normal 0.910864 0.412707 0.000000
    outer loop
      vertex -91.4724 -89.1662 2.5000
      vertex -91.1078 -89.9709 5.5000
      vertex -91.1078 -89.9709 2.5000
    endloop
  endfacet
  facet normal 0.910864 0.412707 -0.000000
    outer loop
      vertex -91.4724 -89.1662 2.5000
      vertex -91.4724 -89.1662 5.5000
      vertex -91.1078 -89.9709 5.5000
    endloop
  endfacet
  facet normal 0.881921 0.471397 0.000000
    outer loop
      vertex -91.1078 -89.9709 2.5000
      vertex -90.6913 -90.7500 5.5000
      vertex -90.6913 -90.7500 2.5000
    endloop
  endfacet
  facet normal 0.881921 0.471397 -0.000000
    outer loop
      vertex -91.1078 -89.9709 2.5000
      vertex -91.1078 -89.9709 5.5000
      vertex -90.6913 -90.7500 5.5000
    endloop
  endfacet
  facet normal 0.849202 0.528068 0.000000
    outer loop
      vertex -90.6913 -90.7500 2.5000
      vertex -90.2248 -91.5002 5.5000
      vertex -90.2248 -91.5002 2.5000
    endloop
  endfacet
  facet normal 0.849202 0.528068 -0.000000
    outer loop
      vertex -90.6913 -90.7500 2.5000
      vertex -90.6913 -90.7500 5.5000
      vertex -90.2248 -91.5002 5.5000
    endloop
  endfacet
  facet normal 0.812847 0.582478 0.000000
    outer loop
      vertex -90.2248 -91.5002 2.5000
      vertex -89.7103 -92.2183 5.5000
      vertex -89.7103 -92.2183 2.5000
    endloop
  endfacet
  facet normal 0.812847 0.582478 -0.000000
    outer loop
      vertex -90.2248 -91.5002 2.5000
      vertex -90.2248 -91.5002 5.5000
      vertex -89.7103 -92.2183 5.5000
    endloop
  endfacet
  facet normal 0.773010 0.634393 0.000000
    outer loop
      vertex -89.7103 -92.2183 2.5000
      vertex -89.1498 -92.9012 5.5000
      vertex -89.1498 -92.9012 2.5000
    endloop
  endfacet
  facet normal 0.773010 0.634393 -0.000000
    outer loop
      vertex -89.7103 -92.2183 2.5000
      vertex -89.7103 -92.2183 5.5000
      vertex -89.1498 -92.9012 5.5000
    endloop
  endfacet
  facet normal 0.729864 0.683592 0.000000
    outer loop
      vertex -89.1498 -92.9012 2.5000
      vertex -88.5459 -93.5459 5.5000
      vertex -88.5459 -93.5459 2.5000
    endloop
  endfacet
  facet normal 0.729864 0.683592 -0.000000
    outer loop
      vertex -89.1498 -92.9012 2.5000
      vertex -89.1498 -92.9012 5.5000
      vertex -88.5459 -93.5459 5.5000
    endloop
  endfacet
  facet normal 0.683592 0.729864 0.000000
    outer loop
      vertex -88.5459 -93.5459 2.5000
      vertex -87.9012 -94.1498 5.5000
      vertex -87.9012 -94.1498 2.5000
    endloop
  endfacet
  facet normal 0.683592 0.729864 -0.000000
    outer loop
      vertex -88.5459 -93.5459 2.5000
      vertex -88.5459 -93.5459 5.5000
      vertex -87.9012 -94.1498 5.5000
    endloop
  endfacet
  facet normal 0.634393 0.773010 0.000000
    outer loop
      vertex -87.9012 -94.1498 2.5000
      vertex -87.2183 -94.7103 5.5000
      vertex -87.2183 -94.7103 2.5000
    endloop
  endfacet
  facet normal 0.634393 0.773010 -0.000000
    outer loop
      vertex -87.9012 -94.1498 2.5000
      vertex -87.9012 -94.1498 5.5000
      vertex -87.2183 -94.7103 5.5000
    endloop
  endfacet
  facet normal 0.582478 0.812847 0.000000
    outer loop
      vertex -87.2183 -94.7103 2.5000
      vertex -86.5002 -95.2248 5.5000
      vertex -86.5002 -95.2248 2.5000
    endloop
  endfacet
  facet normal 0.582478 0.812847 -0.000000
    outer loop
      vertex -87.2183 -94.7103 2.5000
      vertex -87.2183 -94.7103 5.5000
      vertex -86.5002 -95.2248 5.5000
    endloop
  endfacet
  facet normal 0.528068 0.849202 0.000000
    outer loop
      vertex -86.5002 -95.2248 2.5000
      vertex -85.7500 -95.6913 5.5000
      vertex -85.7500 -95.6913 2.5000
    endloop
  endfacet
  facet normal 0.528068 0.849202 -0.000000
    outer loop
      vertex -86.5002 -95.2248 2.5000
      vertex -86.5002 -95.2248 5.5000
      vertex -85.7500 -95.6913 5.5000
    endloop
  endfacet
  facet normal 0.471397 0.881921 0.000000
    outer loop
      vertex -85.7500 -95.6913 2.5000
      vertex -84.9709 -96.1078 5.5000
      vertex -84.9709 -96.1078 2.5000
    endloop
  endfacet
  facet normal 0.471397 0.881921 -0.000000
    outer loop
      vertex -85.7500 -95.6913 2.5000
      vertex -85.7500 -95.6913 5.5000
      vertex -84.9709 -96.1078 5.5000
    endloop
  endfacet
  facet normal 0.412707 0.910864 0.000000
    outer loop
      vertex -84.9709 -96.1078 2.5000
      vertex -84.1662 -96.4724 5.5000
      vertex -84.1662 -96.4724 2.5000
    endloop
  endfacet
  facet normal 0.412707 0.910864 -0.000000
    outer loop
      vertex -84.9709 -96.1078 2.5000
      vertex -84.9709 -96.1078 5.5000
      vertex -84.1662 -96.4724 5.5000
    endloop
  endfacet
  facet normal 0.352250 0.935906 0.000000
    outer loop
      vertex -84.1662 -96.4724 2.5000
      vertex -83.3394 -96.7836 5.5000
      vertex -83.3394 -96.7836 2.5000
    endloop
  endfacet
  facet normal 0.352250 0.935906 -0.000000
    outer loop
      vertex -84.1662 -96.4724 2.5000
      vertex -84.1662 -96.4724 5.5000
      vertex -83.3394 -96.7836 5.5000
    endloop
  endfacet
  facet normal 0.290285 0.956940 0.000000
    outer loop
      vertex -83.3394 -96.7836 2.5000
      vertex -82.4941 -97.0400 5.5000
      vertex -82.4941 -97.0400 2.5000
    endloop
  endfacet
  facet normal 0.290285 0.956940 -0.000000
    outer loop
      vertex -83.3394 -96.7836 2.5000
      vertex -83.3394 -96.7836 5.5000
      vertex -82.4941 -97.0400 5.5000
    endloop
  endfacet
  facet normal 0.227076 0.973877 0.000000
    outer loop
      vertex -82.4941 -97.0400 2.5000
      vertex -81.6337 -97.2406 5.5000
      vertex -81.6337 -97.2406 2.5000
    endloop
  endfacet
  facet normal 0.227076 0.973877 -0.000000
    outer loop
      vertex -82.4941 -97.0400 2.5000
      vertex -82.4941 -97.0400 5.5000
      vertex -81.6337 -97.2406 5.5000
    endloop
  endfacet
  facet normal 0.162895 0.986643 0.000000
    outer loop
      vertex -81.6337 -97.2406 2.5000
      vertex -80.7621 -97.3845 5.5000
      vertex -80.7621 -97.3845 2.5000
    endloop
  endfacet
  facet normal 0.162895 0.986643 -0.000000
    outer loop
      vertex -81.6337 -97.2406 2.5000
      vertex -81.6337 -97.2406 5.5000
      vertex -80.7621 -97.3845 5.5000
    endloop
  endfacet
  facet normal 0.098017 0.995185 0.000000
    outer loop
      vertex -80.7621 -97.3845 2.5000
      vertex -79.8829 -97.4711 5.5000
      vertex -79.8829 -97.4711 2.5000
    endloop
  endfacet
  facet normal 0.098017 0.995185 -0.000000
    outer loop
      vertex -80.7621 -97.3845 2.5000
      vertex -80.7621 -97.3845 5.5000
      vertex -79.8829 -97.4711 5.5000
    endloop
  endfacet
  facet normal 0.000182 1.000000 0.000000
    outer loop
      vertex -79.8829 -97.4711 2.5000
      vertex 79.0000 -97.5000 5.5000
      vertex 79.0000 -97.5000 2.5000
    endloop
  endfacet
  facet normal 0.000182 1.000000 -0.000000
    outer loop
      vertex -79.8829 -97.4711 2.5000
      vertex -79.8829 -97.4711 5.5000
      vertex 79.0000 -97.5000 5.5000
    endloop
  endfacet
  facet normal 0.000000 0.000000 1.000000
    outer loop
      vertex 79.0000 -100.0000 5.5000
      vertex 80.0465 -99.9657 5.5000
      vertex 79.8829 -97.4711 5.5000
    endloop
  endfacet
  facet normal 0.000000 0.000000 1.000000
    outer loop
      vertex 79.0000 -100.0000 5.5000
      vertex 79.8829 -97.4711 5.5000
      vertex 79.0000 -97.5000 5.5000
    endloop
  endfacet
  facet normal 0.000000 0.000000 1.000000
    outer loop
      vertex 80.0465 -99.9657 5.5000
      vertex 81.0884 -99.8631 5.5000
      vertex 80.7621 -97.3845 5.5000
    endloop
  endfacet
  facet normal 0.000000 -0.000000 1.000000
    outer loop
      vertex 80.0465 -99.9657 5.5000
      vertex 80.7621 -97.3845 5.5000
      vertex 79.8829 -97.4711 5.5000
    endloop
  endfacet
  facet normal 0.000000 0.000000 1.000000
    outer loop
      vertex 81.0884 -99.8631 5.5000
      vertex 82.1214 -99.6926 5.5000
      vertex 81.6337 -97.2406 5.5000
    endloop
  endfacet
  facet normal 0.000000 -0.000000 1.000000
    outer loop
      vertex 81.0884 -99.8631 5.5000
      vertex 81.6337 -97.2406 5.5000
      vertex 80.7621 -97.3845 5.5000
    endloop
  endfacet
  facet normal 0.000000 0.000000 1.000000
    outer loop
      vertex 82.1214 -99.6926 5.5000
      vertex 83.1411 -99.4548 5.5000
      vertex 82.4941 -97.0400 5.5000
    endloop
  endfacet
  facet normal 0.000000 -0.000000 1.000000
    outer loop
      vertex 82.1214 -99.6926 5.5000
      vertex 82.4941 -97.0400 5.5000
      vertex 81.6337 -97.2406 5.5000
    endloop
  endfacet
  facet normal 0.000000 0.000000 1.000000
    outer loop
      vertex 83.1411 -99.4548 5.5000
      vertex 84.1430 -99.1509 5.5000
      vertex 83.3394 -96.7836 5.5000
    endloop
  endfacet
  facet normal 0.000000 -0.000000 1.000000
    outer loop
      vertex 83.1411 -99.4548 5.5000
      vertex 83.3394 -96.7836 5.5000
      vertex 82.4941 -97.0400 5.5000
    endloop
  endfacet
  facet normal 0.000000 0.000000 1.000000
    outer loop
      vertex 84.1430 -99.1509 5.5000
      vertex 85.1229 -98.7821 5.5000
      vertex 84.1662 -96.4724 5.5000
    endloop
  endfacet
  facet normal 0.000000 -0.000000 1.000000
    outer loop
      vertex 84.1430 -99.1509 5.5000
      vertex 84.1662 -96.4724 5.5000
      vertex 83.3394 -96.7836 5.5000
    endloop
  endfacet
  facet normal 0.000000 -0.000000 1.000000
    outer loop
      vertex 85.1229 -98.7821 5.5000
      vertex 86.0766 -98.3500 5.5000
      vertex 84.9709 -96.1078 5.5000
    endloop
  endfacet
  facet normal 0.000000 0.000000 1.000000
    outer loop
      vertex 85.1229 -98.7821 5.5000
      vertex 84.9709 -96.1078 5.5000
      vertex 84.1662 -96.4724 5.5000
    endloop
  endfacet
  facet normal 0.000000 -0.000000 1.000000
    outer loop
      vertex 86.0766 -98.3500 5.5000
      vertex 87.0000 -97.8564 5.5000
      vertex 85.7500 -95.6913 5.5000
    endloop
  endfacet
  facet normal 0.000000 0.000000 1.000000
    outer loop
      vertex 86.0766 -98.3500 5.5000
      vertex 85.7500 -95.6913 5.5000
      vertex 84.9709 -96.1078 5.5000
    endloop
  endfacet
  facet normal 0.000000 -0.000000 1.000000
    outer loop
      vertex 87.0000 -97.8564 5.5000
      vertex 87.8891 -97.3035 5.5000
      vertex 86.5002 -95.2248 5.5000
    endloop
  endfacet
  facet normal 0.000000 0.000000 1.000000
    outer loop
      vertex 87.0000 -97.8564 5.5000
      vertex 86.5002 -95.2248 5.5000
      vertex 85.7500 -95.6913 5.5000
    endloop
  endfacet
  facet normal 0.000000 -0.000000 1.000000
    outer loop
      vertex 87.8891 -97.3035 5.5000
      vertex 88.7402 -96.6937 5.5000
      vertex 87.2183 -94.7103 5.5000
    endloop
  endfacet
  facet normal 0.000000 0.000000 1.000000
    outer loop
      vertex 87.8891 -97.3035 5.5000
      vertex 87.2183 -94.7103 5.5000
      vertex 86.5002 -95.2248 5.5000
    endloop
  endfacet
  facet normal 0.000000 -0.000000 1.000000
    outer loop
      vertex 88.7402 -96.6937 5.5000
      vertex 89.5495 -96.0294 5.5000
      vertex 87.9012 -94.1498 5.5000
    endloop
  endfacet
  facet normal 0.000000 0.000000 1.000000
    outer loop
      vertex 88.7402 -96.6937 5.5000
      vertex 87.9012 -94.1498 5.5000
      vertex 87.2183 -94.7103 5.5000
    endloop
  endfacet
  facet normal 0.000000 -0.000000 1.000000
    outer loop
      vertex 89.5495 -96.0294 5.5000
      vertex 90.3137 -95.3137 5.5000
      vertex 88.5459 -93.5459 5.5000
    endloop
  endfacet
  facet normal 0.000000 0.000000 1.000000
    outer loop
      vertex 89.5495 -96.0294 5.5000
      vertex 88.5459 -93.5459 5.5000
      vertex 87.9012 -94.1498 5.5000
    endloop
  endfacet
  facet normal 0.000000 -0.000000 1.000000
    outer loop
      vertex 90.3137 -95.3137 5.5000
      vertex 91.0294 -94.5495 5.5000
      vertex 89.1498 -92.9012 5.5000
    endloop
  endfacet
  facet normal 0.000000 0.000000 1.000000
    outer loop
      vertex 90.3137 -95.3137 5.5000
      vertex 89.1498 -92.9012 5.5000
      vertex 88.5459 -93.5459 5.5000
    endloop
  endfacet
  facet normal 0.000000 -0.000000 1.000000
    outer loop
      vertex 91.0294 -94.5495 5.5000
      vertex 91.6937 -93.7402 5.5000
      vertex 89.7103 -92.2183 5.5000
    endloop
  endfacet
  facet normal 0.000000 0.000000 1.000000
    outer loop
      vertex 91.0294 -94.5495 5.5000
      vertex 89.7103 -92.2183 5.5000
      vertex 89.1498 -92.9012 5.5000
    endloop
  endfacet
  facet normal 0.000000 -0.000000 1.000000
    outer loop
      vertex 91.6937 -93.7402 5.5000
      vertex 92.3035 -92.8891 5.5000
      vertex 90.2248 -91.5002 5.5000
    endloop
  endfacet
  facet normal 0.000000 0.000000 1.000000
    outer loop
      vertex 91.6937 -93.7402 5.5000
      vertex 90.2248 -91.5002 5.5000
      vertex 89.7103 -92.2183 5.5000
    endloop
  endfacet
  facet normal 0.000000 -0.000000 1.000000
    outer loop
      vertex 92.3035 -92.8891 5.5000
      vertex 92.8564 -92.0000 5.5000
      vertex 90.6913 -90.7500 5.5000
    endloop
  endfacet
  facet normal 0.000000 0.000000 1.000000
    outer loop
      vertex 92.3035 -92.8891 5.5000
      vertex 90.6913 -90.7500 5.5000
      vertex 90.2248 -91.5002 5.5000
    endloop
  endfacet
  facet normal 0.000000 -0.000000 1.000000
    outer loop
      vertex 92.8564 -92.0000 5.5000
      vertex 93.3500 -91.0766 5.5000
      vertex 91.1078 -89.9709 5.5000
    endloop
  endfacet
  facet normal 0.000000 0.000000 1.000000
    outer loop
      vertex 92.8564 -92.0000 5.5000
      vertex 91.1078 -89.9709 5.5000
      vertex 90.6913 -90.7500 5.5000
    endloop
  endfacet
  facet normal 0.000000 -0.000000 1.000000
    outer loop
      vertex 93.3500 -91.0766 5.5000
      vertex 93.7821 -90.1229 5.5000
      vertex 91.4724 -89.1662 5.5000
    endloop
  endfacet
  facet normal 0.000000 0.000000 1.000000
    outer loop
      vertex 93.3500 -91.0766 5.5000
      vertex 91.4724 -89.1662 5.5000
      vertex 91.1078 -89.9709 5.5000
    endloop
  endfacet
  facet normal 0.000000 -0.000000 1.000000
    outer loop
      vertex 93.7821 -90.1229 5.5000
      vertex 94.1509 -89.1430 5.5000
      vertex 91.7836 -88.3394 5.5000
    endloop
  endfacet
  facet normal 0.000000 0.000000 1.000000
    outer loop
      vertex 93.7821 -90.1229 5.5000
      vertex 91.7836 -88.3394 5.5000
      vertex 91.4724 -89.1662 5.5000
    endloop
  endfacet
  facet normal 0.000000 -0.000000 1.000000
    outer loop
      vertex 94.1509 -89.1430 5.5000
      vertex 94.4548 -88.1411 5.5000
      vertex 92.0400 -87.4941 5.5000
    endloop
  endfacet
  facet normal 0.000000 0.000000 1.000000
    outer loop
      vertex 94.1509 -89.1430 5.5000
      vertex 92.0400 -87.4941 5.5000
      vertex 91.7836 -88.3394 5.5000
    endloop
  endfacet
  facet normal 0.000000 -0.000000 1.000000
    outer loop
      vertex 94.4548 -88.1411 5.5000
      vertex 94.6926 -87.1214 5.5000
      vertex 92.2406 -86.6337 5.5000
    endloop
  endfacet
  facet normal 0.000000 0.000000 1.000000
    outer loop
      vertex 94.4548 -88.1411 5.5000
      vertex 92.2406 -86.6337 5.5000
      vertex 92.0400 -87.4941 5.5000
    endloop
  endfacet
  facet normal 0.000000 -0.000000 1.000000
    outer loop
      vertex 94.6926 -87.1214 5.5000
      vertex 94.8631 -86.0884 5.5000
      vertex 92.3845 -85.7621 5.5000
    endloop
  endfacet
  facet normal 0.000000 0.000000 1.000000
    outer loop
      vertex 94.6926 -87.1214 5.5000
      vertex 92.3845 -85.7621 5.5000
      vertex 92.2406 -86.6337 5.5000
    endloop
  endfacet
  facet normal 0.000000 -0.000000 1.000000
    outer loop
      vertex 94.8631 -86.0884 5.5000
      vertex 94.9657 -85.0465 5.5000
      vertex 92.4711 -84.8829 5.5000
    endloop
  endfacet
  facet normal 0.000000 0.000000 1.000000
    outer loop
      vertex 94.8631 -86.0884 5.5000
      vertex 92.4711 -84.8829 5.5000
      vertex 92.3845 -85.7621 5.5000
    endloop
  endfacet
  facet normal 0.000000 -0.000000 1.000000
    outer loop
      vertex 94.9657 -85.0465 5.5000
      vertex 95.0000 114.0000 5.5000
      vertex 92.5000 114.0000 5.5000
    endloop
  endfacet
  facet normal 0.000000 0.000000 1.000000
    outer loop
      vertex 94.9657 -85.0465 5.5000
      vertex 92.5000 114.0000 5.5000
      vertex 92.4711 -84.8829 5.5000
    endloop
  endfacet
  facet normal 0.000000 0.000000 1.000000
    outer loop
      vertex 95.0000 114.0000 5.5000
      vertex 94.9657 115.0465 5.5000
      vertex 92.4711 114.8829 5.5000
    endloop
  endfacet
  facet normal 0.000000 0.000000 1.000000
    outer loop
      vertex 95.0000 114.0000 5.5000
      vertex 92.4711 114.8829 5.5000
      vertex 92.5000 114.0000 5.5000
    endloop
  endfacet
  facet normal 0.000000 0.000000 1.000000
    outer loop
      vertex 94.9657 115.0465 5.5000
      vertex 94.8631 116.0884 5.5000
      vertex 92.3845 115.7621 5.5000
    endloop
  endfacet
  facet normal 0.000000 0.000000 1.000000
    outer loop
      vertex 94.9657 115.0465 5.5000
      vertex 92.3845 115.7621 5.5000
      vertex 92.4711 114.8829 5.5000
    endloop
  endfacet
  facet normal 0.000000 0.000000 1.000000
    outer loop
      vertex 94.8631 116.0884 5.5000
      vertex 94.6926 117.1214 5.5000
      vertex 92.2406 116.6337 5.5000
    endloop
  endfacet
  facet normal 0.000000 0.000000 1.000000
    outer loop
      vertex 94.8631 116.0884 5.5000
      vertex 92.2406 116.6337 5.5000
      vertex 92.3845 115.7621 5.5000
    endloop
  endfacet
  facet normal 0.000000 0.000000 1.000000
    outer loop
      vertex 94.6926 117.1214 5.5000
      vertex 94.4548 118.1411 5.5000
      vertex 92.0400 117.4941 5.5000
    endloop
  endfacet
  facet normal 0.000000 0.000000 1.000000
    outer loop
      vertex 94.6926 117.1214 5.5000
      vertex 92.0400 117.4941 5.5000
      vertex 92.2406 116.6337 5.5000
    endloop
  endfacet
  facet normal 0.000000 0.000000 1.000000
    outer loop
      vertex 94.4548 118.1411 5.5000
      vertex 94.1509 119.1430 5.5000
      vertex 91.7836 118.3394 5.5000
    endloop
  endfacet
  facet normal 0.000000 0.000000 1.000000
    outer loop
      vertex 94.4548 118.1411 5.5000
      vertex 91.7836 118.3394 5.5000
      vertex 92.0400 117.4941 5.5000
    endloop
  endfacet
  facet normal 0.000000 0.000000 1.000000
    outer loop
      vertex 94.1509 119.1430 5.5000
      vertex 93.7821 120.1229 5.5000
      vertex 91.4724 119.1662 5.5000
    endloop
  endfacet
  facet normal 0.000000 0.000000 1.000000
    outer loop
      vertex 94.1509 119.1430 5.5000
      vertex 91.4724 119.1662 5.5000
      vertex 91.7836 118.3394 5.5000
    endloop
  endfacet
  facet normal 0.000000 0.000000 1.000000
    outer loop
      vertex 93.7821 120.1229 5.5000
      vertex 93.3500 121.0766 5.5000
      vertex 91.1078 119.9709 5.5000
    endloop
  endfacet
  facet normal 0.000000 0.000000 1.000000
    outer loop
      vertex 93.7821 120.1229 5.5000
      vertex 91.1078 119.9709 5.5000
      vertex 91.4724 119.1662 5.5000
    endloop
  endfacet
  facet normal 0.000000 0.000000 1.000000
    outer loop
      vertex 93.3500 121.0766 5.5000
      vertex 92.8564 122.0000 5.5000
      vertex 90.6913 120.7500 5.5000
    endloop
  endfacet
  facet normal 0.000000 0.000000 1.000000
    outer loop
      vertex 93.3500 121.0766 5.5000
      vertex 90.6913 120.7500 5.5000
      vertex 91.1078 119.9709 5.5000
    endloop
  endfacet
  facet normal 0.000000 0.000000 1.000000
    outer loop
      vertex 92.8564 122.0000 5.5000
      vertex 92.3035 122.8891 5.5000
      vertex 90.2248 121.5002 5.5000
    endloop
  endfacet
  facet normal 0.000000 0.000000 1.000000
    outer loop
      vertex 92.8564 122.0000 5.5000
      vertex 90.2248 121.5002 5.5000
      vertex 90.6913 120.7500 5.5000
    endloop
  endfacet
  facet normal 0.000000 0.000000 1.000000
    outer loop
      vertex 92.3035 122.8891 5.5000
      vertex 91.6937 123.7402 5.5000
      vertex 89.7103 122.2183 5.5000
    endloop
  endfacet
  facet normal 0.000000 0.000000 1.000000
    outer loop
      vertex 92.3035 122.8891 5.5000
      vertex 89.7103 122.2183 5.5000
      vertex 90.2248 121.5002 5.5000
    endloop
  endfacet
  facet normal 0.000000 0.000000 1.000000
    outer loop
      vertex 91.6937 123.7402 5.5000
      vertex 91.0294 124.5495 5.5000
      vertex 89.1498 122.9012 5.5000
    endloop
  endfacet
  facet normal 0.000000 0.000000 1.000000
    outer loop
      vertex 91.6937 123.7402 5.5000
      vertex 89.1498 122.9012 5.5000
      vertex 89.7103 122.2183 5.5000
    endloop
  endfacet
  facet normal 0.000000 0.000000 1.000000
    outer loop
      vertex 91.0294 124.5495 5.5000
      vertex 90.3137 125.3137 5.5000
      vertex 88.5459 123.5459 5.5000
    endloop
  endfacet
  facet normal 0.000000 0.000000 1.000000
    outer loop
      vertex 91.0294 124.5495 5.5000
      vertex 88.5459 123.5459 5.5000
      vertex 89.1498 122.9012 5.5000
    endloop
  endfacet
  facet normal 0.000000 0.000000 1.000000
    outer loop
      vertex 90.3137 125.3137 5.5000
      vertex 89.5495 126.0294 5.5000
      vertex 87.9012 124.1498 5.5000
    endloop
  endfacet
  facet normal 0.000000 0.000000 1.000000
    outer loop
      vertex 90.3137 125.3137 5.5000
      vertex 87.9012 124.1498 5.5000
      vertex 88.5459 123.5459 5.5000
    endloop
  endfacet
  facet normal 0.000000 0.000000 1.000000
    outer loop
      vertex 89.5495 126.0294 5.5000
      vertex 88.7402 126.6937 5.5000
      vertex 87.2183 124.7103 5.5000
    endloop
  endfacet
  facet normal 0.000000 0.000000 1.000000
    outer loop
      vertex 89.5495 126.0294 5.5000
      vertex 87.2183 124.7103 5.5000
      vertex 87.9012 124.1498 5.5000
    endloop
  endfacet
  facet normal 0.000000 0.000000 1.000000
    outer loop
      vertex 88.7402 126.6937 5.5000
      vertex 87.8891 127.3035 5.5000
      vertex 86.5002 125.2248 5.5000
    endloop
  endfacet
  facet normal 0.000000 0.000000 1.000000
    outer loop
      vertex 88.7402 126.6937 5.5000
      vertex 86.5002 125.2248 5.5000
      vertex 87.2183 124.7103 5.5000
    endloop
  endfacet
  facet normal 0.000000 0.000000 1.000000
    outer loop
      vertex 87.8891 127.3035 5.5000
      vertex 87.0000 127.8564 5.5000
      vertex 85.7500 125.6913 5.5000
    endloop
  endfacet
  facet normal 0.000000 0.000000 1.000000
    outer loop
      vertex 87.8891 127.3035 5.5000
      vertex 85.7500 125.6913 5.5000
      vertex 86.5002 125.2248 5.5000
    endloop
  endfacet
  facet normal 0.000000 0.000000 1.000000
    outer loop
      vertex 87.0000 127.8564 5.5000
      vertex 86.0766 128.3500 5.5000
      vertex 84.9709 126.1078 5.5000
    endloop
  endfacet
  facet normal 0.000000 0.000000 1.000000
    outer loop
      vertex 87.0000 127.8564 5.5000
      vertex 84.9709 126.1078 5.5000
      vertex 85.7500 125.6913 5.5000
    endloop
  endfacet
  facet normal 0.000000 0.000000 1.000000
    outer loop
      vertex 86.0766 128.3500 5.5000
      vertex 85.1229 128.7821 5.5000
      vertex 84.1662 126.4724 5.5000
    endloop
  endfacet
  facet normal 0.000000 0.000000 1.000000
    outer loop
      vertex 86.0766 128.3500 5.5000
      vertex 84.1662 126.4724 5.5000
      vertex 84.9709 126.1078 5.5000
    endloop
  endfacet
  facet normal 0.000000 0.000000 1.000000
    outer loop
      vertex 85.1229 128.7821 5.5000
      vertex 84.1430 129.1509 5.5000
      vertex 83.3394 126.7836 5.5000
    endloop
  endfacet
  facet normal 0.000000 0.000000 1.000000
    outer loop
      vertex 85.1229 128.7821 5.5000
      vertex 83.3394 126.7836 5.5000
      vertex 84.1662 126.4724 5.5000
    endloop
  endfacet
  facet normal 0.000000 0.000000 1.000000
    outer loop
      vertex 84.1430 129.1509 5.5000
      vertex 83.1411 129.4548 5.5000
      vertex 82.4941 127.0400 5.5000
    endloop
  endfacet
  facet normal 0.000000 0.000000 1.000000
    outer loop
      vertex 84.1430 129.1509 5.5000
      vertex 82.4941 127.0400 5.5000
      vertex 83.3394 126.7836 5.5000
    endloop
  endfacet
  facet normal 0.000000 0.000000 1.000000
    outer loop
      vertex 83.1411 129.4548 5.5000
      vertex 82.1214 129.6926 5.5000
      vertex 81.6337 127.2406 5.5000
    endloop
  endfacet
  facet normal 0.000000 0.000000 1.000000
    outer loop
      vertex 83.1411 129.4548 5.5000
      vertex 81.6337 127.2406 5.5000
      vertex 82.4941 127.0400 5.5000
    endloop
  endfacet
  facet normal 0.000000 0.000000 1.000000
    outer loop
      vertex 82.1214 129.6926 5.5000
      vertex 81.0884 129.8631 5.5000
      vertex 80.7621 127.3845 5.5000
    endloop
  endfacet
  facet normal 0.000000 0.000000 1.000000
    outer loop
      vertex 82.1214 129.6926 5.5000
      vertex 80.7621 127.3845 5.5000
      vertex 81.6337 127.2406 5.5000
    endloop
  endfacet
  facet normal 0.000000 0.000000 1.000000
    outer loop
      vertex 81.0884 129.8631 5.5000
      vertex 80.0465 129.9657 5.5000
      vertex 79.8829 127.4711 5.5000
    endloop
  endfacet
  facet normal 0.000000 0.000000 1.000000
    outer loop
      vertex 81.0884 129.8631 5.5000
      vertex 79.8829 127.4711 5.5000
      vertex 80.7621 127.3845 5.5000
    endloop
  endfacet
  facet normal 0.000000 0.000000 1.000000
    outer loop
      vertex 80.0465 129.9657 5.5000
      vertex -79.0000 130.0000 5.5000
      vertex -79.0000 127.5000 5.5000
    endloop
  endfacet
  facet normal 0.000000 0.000000 1.000000
    outer loop
      vertex 80.0465 129.9657 5.5000
      vertex -79.0000 127.5000 5.5000
      vertex 79.8829 127.4711 5.5000
    endloop
  endfacet
  facet normal 0.000000 0.000000 1.000000
    outer loop
      vertex -79.0000 130.0000 5.5000
      vertex -80.0465 129.9657 5.5000
      vertex -79.8829 127.4711 5.5000
    endloop
  endfacet
  facet normal 0.000000 0.000000 1.000000
    outer loop
      vertex -79.0000 130.0000 5.5000
      vertex -79.8829 127.4711 5.5000
      vertex -79.0000 127.5000 5.5000
    endloop
  endfacet
  facet normal 0.000000 0.000000 1.000000
    outer loop
      vertex -80.0465 129.9657 5.5000
      vertex -81.0884 129.8631 5.5000
      vertex -80.7621 127.3845 5.5000
    endloop
  endfacet
  facet normal 0.000000 0.000000 1.000000
    outer loop
      vertex -80.0465 129.9657 5.5000
      vertex -80.7621 127.3845 5.5000
      vertex -79.8829 127.4711 5.5000
    endloop
  endfacet
  facet normal 0.000000 0.000000 1.000000
    outer loop
      vertex -81.0884 129.8631 5.5000
      vertex -82.1214 129.6926 5.5000
      vertex -81.6337 127.2406 5.5000
    endloop
  endfacet
  facet normal 0.000000 0.000000 1.000000
    outer loop
      vertex -81.0884 129.8631 5.5000
      vertex -81.6337 127.2406 5.5000
      vertex -80.7621 127.3845 5.5000
    endloop
  endfacet
  facet normal 0.000000 0.000000 1.000000
    outer loop
      vertex -82.1214 129.6926 5.5000
      vertex -83.1411 129.4548 5.5000
      vertex -82.4941 127.0400 5.5000
    endloop
  endfacet
  facet normal 0.000000 0.000000 1.000000
    outer loop
      vertex -82.1214 129.6926 5.5000
      vertex -82.4941 127.0400 5.5000
      vertex -81.6337 127.2406 5.5000
    endloop
  endfacet
  facet normal 0.000000 0.000000 1.000000
    outer loop
      vertex -83.1411 129.4548 5.5000
      vertex -84.1430 129.1509 5.5000
      vertex -83.3394 126.7836 5.5000
    endloop
  endfacet
  facet normal 0.000000 0.000000 1.000000
    outer loop
      vertex -83.1411 129.4548 5.5000
      vertex -83.3394 126.7836 5.5000
      vertex -82.4941 127.0400 5.5000
    endloop
  endfacet
  facet normal 0.000000 0.000000 1.000000
    outer loop
      vertex -84.1430 129.1509 5.5000
      vertex -85.1229 128.7821 5.5000
      vertex -84.1662 126.4724 5.5000
    endloop
  endfacet
  facet normal 0.000000 0.000000 1.000000
    outer loop
      vertex -84.1430 129.1509 5.5000
      vertex -84.1662 126.4724 5.5000
      vertex -83.3394 126.7836 5.5000
    endloop
  endfacet
  facet normal 0.000000 0.000000 1.000000
    outer loop
      vertex -85.1229 128.7821 5.5000
      vertex -86.0766 128.3500 5.5000
      vertex -84.9709 126.1078 5.5000
    endloop
  endfacet
  facet normal 0.000000 0.000000 1.000000
    outer loop
      vertex -85.1229 128.7821 5.5000
      vertex -84.9709 126.1078 5.5000
      vertex -84.1662 126.4724 5.5000
    endloop
  endfacet
  facet normal 0.000000 0.000000 1.000000
    outer loop
      vertex -86.0766 128.3500 5.5000
      vertex -87.0000 127.8564 5.5000
      vertex -85.7500 125.6913 5.5000
    endloop
  endfacet
  facet normal 0.000000 0.000000 1.000000
    outer loop
      vertex -86.0766 128.3500 5.5000
      vertex -85.7500 125.6913 5.5000
      vertex -84.9709 126.1078 5.5000
    endloop
  endfacet
  facet normal 0.000000 0.000000 1.000000
    outer loop
      vertex -87.0000 127.8564 5.5000
      vertex -87.8891 127.3035 5.5000
      vertex -86.5002 125.2248 5.5000
    endloop
  endfacet
  facet normal 0.000000 0.000000 1.000000
    outer loop
      vertex -87.0000 127.8564 5.5000
      vertex -86.5002 125.2248 5.5000
      vertex -85.7500 125.6913 5.5000
    endloop
  endfacet
  facet normal 0.000000 0.000000 1.000000
    outer loop
      vertex -87.8891 127.3035 5.5000
      vertex -88.7402 126.6937 5.5000
      vertex -87.2183 124.7103 5.5000
    endloop
  endfacet
  facet normal 0.000000 0.000000 1.000000
    outer loop
      vertex -87.8891 127.3035 5.5000
      vertex -87.2183 124.7103 5.5000
      vertex -86.5002 125.2248 5.5000
    endloop
  endfacet
  facet normal 0.000000 0.000000 1.000000
    outer loop
      vertex -88.7402 126.6937 5.5000
      vertex -89.5495 126.0294 5.5000
      vertex -87.9012 124.1498 5.5000
    endloop
  endfacet
  facet normal 0.000000 0.000000 1.000000
    outer loop
      vertex -88.7402 126.6937 5.5000
      vertex -87.9012 124.1498 5.5000
      vertex -87.2183 124.7103 5.5000
    endloop
  endfacet
  facet normal 0.000000 0.000000 1.000000
    outer loop
      vertex -89.5495 126.0294 5.5000
      vertex -90.3137 125.3137 5.5000
      vertex -88.5459 123.5459 5.5000
    endloop
  endfacet
  facet normal 0.000000 0.000000 1.000000
    outer loop
      vertex -89.5495 126.0294 5.5000
      vertex -88.5459 123.5459 5.5000
      vertex -87.9012 124.1498 5.5000
    endloop
  endfacet
  facet normal 0.000000 0.000000 1.000000
    outer loop
      vertex -90.3137 125.3137 5.5000
      vertex -91.0294 124.5495 5.5000
      vertex -89.1498 122.9012 5.5000
    endloop
  endfacet
  facet normal 0.000000 0.000000 1.000000
    outer loop
      vertex -90.3137 125.3137 5.5000
      vertex -89.1498 122.9012 5.5000
      vertex -88.5459 123.5459 5.5000
    endloop
  endfacet
  facet normal 0.000000 0.000000 1.000000
    outer loop
      vertex -91.0294 124.5495 5.5000
      vertex -91.6937 123.7402 5.5000
      vertex -89.7103 122.2183 5.5000
    endloop
  endfacet
  facet normal 0.000000 0.000000 1.000000
    outer loop
      vertex -91.0294 124.5495 5.5000
      vertex -89.7103 122.2183 5.5000
      vertex -89.1498 122.9012 5.5000
    endloop
  endfacet
  facet normal 0.000000 0.000000 1.000000
    outer loop
      vertex -91.6937 123.7402 5.5000
      vertex -92.3035 122.8891 5.5000
      vertex -90.2248 121.5002 5.5000
    endloop
  endfacet
  facet normal 0.000000 0.000000 1.000000
    outer loop
      vertex -91.6937 123.7402 5.5000
      vertex -90.2248 121.5002 5.5000
      vertex -89.7103 122.2183 5.5000
    endloop
  endfacet
  facet normal 0.000000 0.000000 1.000000
    outer loop
      vertex -92.3035 122.8891 5.5000
      vertex -92.8564 122.0000 5.5000
      vertex -90.6913 120.7500 5.5000
    endloop
  endfacet
  facet normal 0.000000 0.000000 1.000000
    outer loop
      vertex -92.3035 122.8891 5.5000
      vertex -90.6913 120.7500 5.5000
      vertex -90.2248 121.5002 5.5000
    endloop
  endfacet
  facet normal 0.000000 0.000000 1.000000
    outer loop
      vertex -92.8564 122.0000 5.5000
      vertex -93.3500 121.0766 5.5000
      vertex -91.1078 119.9709 5.5000
    endloop
  endfacet
  facet normal 0.000000 0.000000 1.000000
    outer loop
      vertex -92.8564 122.0000 5.5000
      vertex -91.1078 119.9709 5.5000
      vertex -90.6913 120.7500 5.5000
    endloop
  endfacet
  facet normal 0.000000 0.000000 1.000000
    outer loop
      vertex -93.3500 121.0766 5.5000
      vertex -93.7821 120.1229 5.5000
      vertex -91.4724 119.1662 5.5000
    endloop
  endfacet
  facet normal 0.000000 0.000000 1.000000
    outer loop
      vertex -93.3500 121.0766 5.5000
      vertex -91.4724 119.1662 5.5000
      vertex -91.1078 119.9709 5.5000
    endloop
  endfacet
  facet normal 0.000000 0.000000 1.000000
    outer loop
      vertex -93.7821 120.1229 5.5000
      vertex -94.1509 119.1430 5.5000
      vertex -91.7836 118.3394 5.5000
    endloop
  endfacet
  facet normal 0.000000 0.000000 1.000000
    outer loop
      vertex -93.7821 120.1229 5.5000
      vertex -91.7836 118.3394 5.5000
      vertex -91.4724 119.1662 5.5000
    endloop
  endfacet
  facet normal 0.000000 0.000000 1.000000
    outer loop
      vertex -94.1509 119.1430 5.5000
      vertex -94.4548 118.1411 5.5000
      vertex -92.0400 117.4941 5.5000
    endloop
  endfacet
  facet normal 0.000000 0.000000 1.000000
    outer loop
      vertex -94.1509 119.1430 5.5000
      vertex -92.0400 117.4941 5.5000
      vertex -91.7836 118.3394 5.5000
    endloop
  endfacet
  facet normal 0.000000 0.000000 1.000000
    outer loop
      vertex -94.4548 118.1411 5.5000
      vertex -94.6926 117.1214 5.5000
      vertex -92.2406 116.6337 5.5000
    endloop
  endfacet
  facet normal 0.000000 0.000000 1.000000
    outer loop
      vertex -94.4548 118.1411 5.5000
      vertex -92.2406 116.6337 5.5000
      vertex -92.0400 117.4941 5.5000
    endloop
  endfacet
  facet normal 0.000000 0.000000 1.000000
    outer loop
      vertex -94.6926 117.1214 5.5000
      vertex -94.8631 116.0884 5.5000
      vertex -92.3845 115.7621 5.5000
    endloop
  endfacet
  facet normal 0.000000 0.000000 1.000000
    outer loop
      vertex -94.6926 117.1214 5.5000
      vertex -92.3845 115.7621 5.5000
      vertex -92.2406 116.6337 5.5000
    endloop
  endfacet
  facet normal 0.000000 0.000000 1.000000
    outer loop
      vertex -94.8631 116.0884 5.5000
      vertex -94.9657 115.0465 5.5000
      vertex -92.4711 114.8829 5.5000
    endloop
  endfacet
  facet normal 0.000000 0.000000 1.000000
    outer loop
      vertex -94.8631 116.0884 5.5000
      vertex -92.4711 114.8829 5.5000
      vertex -92.3845 115.7621 5.5000
    endloop
  endfacet
  facet normal 0.000000 0.000000 1.000000
    outer loop
      vertex -94.9657 115.0465 5.5000
      vertex -95.0000 -84.0000 5.5000
      vertex -92.5000 -84.0000 5.5000
    endloop
  endfacet
  facet normal 0.000000 0.000000 1.000000
    outer loop
      vertex -94.9657 115.0465 5.5000
      vertex -92.5000 -84.0000 5.5000
      vertex -92.4711 114.8829 5.5000
    endloop
  endfacet
  facet normal 0.000000 0.000000 1.000000
    outer loop
      vertex -95.0000 -84.0000 5.5000
      vertex -94.9657 -85.0465 5.5000
      vertex -92.4711 -84.8829 5.5000
    endloop
  endfacet
  facet normal -0.000000 0.000000 1.000000
    outer loop
      vertex -95.0000 -84.0000 5.5000
      vertex -92.4711 -84.8829 5.5000
      vertex -92.5000 -84.0000 5.5000
    endloop
  endfacet
  facet normal 0.000000 0.000000 1.000000
    outer loop
      vertex -94.9657 -85.0465 5.5000
      vertex -94.8631 -86.0884 5.5000
      vertex -92.3845 -85.7621 5.5000
    endloop
  endfacet
  facet normal -0.000000 0.000000 1.000000
    outer loop
      vertex -94.9657 -85.0465 5.5000
      vertex -92.3845 -85.7621 5.5000
      vertex -92.4711 -84.8829 5.5000
    endloop
  endfacet
  facet normal 0.000000 0.000000 1.000000
    outer loop
      vertex -94.8631 -86.0884 5.5000
      vertex -94.6926 -87.1214 5.5000
      vertex -92.2406 -86.6337 5.5000
    endloop
  endfacet
  facet normal -0.000000 0.000000 1.000000
    outer loop
      vertex -94.8631 -86.0884 5.5000
      vertex -92.2406 -86.6337 5.5000
      vertex -92.3845 -85.7621 5.5000
    endloop
  endfacet
  facet normal 0.000000 0.000000 1.000000
    outer loop
      vertex -94.6926 -87.1214 5.5000
      vertex -94.4548 -88.1411 5.5000
      vertex -92.0400 -87.4941 5.5000
    endloop
  endfacet
  facet normal -0.000000 0.000000 1.000000
    outer loop
      vertex -94.6926 -87.1214 5.5000
      vertex -92.0400 -87.4941 5.5000
      vertex -92.2406 -86.6337 5.5000
    endloop
  endfacet
  facet normal 0.000000 0.000000 1.000000
    outer loop
      vertex -94.4548 -88.1411 5.5000
      vertex -94.1509 -89.1430 5.5000
      vertex -91.7836 -88.3394 5.5000
    endloop
  endfacet
  facet normal -0.000000 0.000000 1.000000
    outer loop
      vertex -94.4548 -88.1411 5.5000
      vertex -91.7836 -88.3394 5.5000
      vertex -92.0400 -87.4941 5.5000
    endloop
  endfacet
  facet normal 0.000000 0.000000 1.000000
    outer loop
      vertex -94.1509 -89.1430 5.5000
      vertex -93.7821 -90.1229 5.5000
      vertex -91.4724 -89.1662 5.5000
    endloop
  endfacet
  facet normal -0.000000 0.000000 1.000000
    outer loop
      vertex -94.1509 -89.1430 5.5000
      vertex -91.4724 -89.1662 5.5000
      vertex -91.7836 -88.3394 5.5000
    endloop
  endfacet
  facet normal -0.000000 0.000000 1.000000
    outer loop
      vertex -93.7821 -90.1229 5.5000
      vertex -93.3500 -91.0766 5.5000
      vertex -91.1078 -89.9709 5.5000
    endloop
  endfacet
  facet normal 0.000000 0.000000 1.000000
    outer loop
      vertex -93.7821 -90.1229 5.5000
      vertex -91.1078 -89.9709 5.5000
      vertex -91.4724 -89.1662 5.5000
    endloop
  endfacet
  facet normal -0.000000 0.000000 1.000000
    outer loop
      vertex -93.3500 -91.0766 5.5000
      vertex -92.8564 -92.0000 5.5000
      vertex -90.6913 -90.7500 5.5000
    endloop
  endfacet
  facet normal 0.000000 0.000000 1.000000
    outer loop
      vertex -93.3500 -91.0766 5.5000
      vertex -90.6913 -90.7500 5.5000
      vertex -91.1078 -89.9709 5.5000
    endloop
  endfacet
  facet normal -0.000000 0.000000 1.000000
    outer loop
      vertex -92.8564 -92.0000 5.5000
      vertex -92.3035 -92.8891 5.5000
      vertex -90.2248 -91.5002 5.5000
    endloop
  endfacet
  facet normal 0.000000 0.000000 1.000000
    outer loop
      vertex -92.8564 -92.0000 5.5000
      vertex -90.2248 -91.5002 5.5000
      vertex -90.6913 -90.7500 5.5000
    endloop
  endfacet
  facet normal -0.000000 0.000000 1.000000
    outer loop
      vertex -92.3035 -92.8891 5.5000
      vertex -91.6937 -93.7402 5.5000
      vertex -89.7103 -92.2183 5.5000
    endloop
  endfacet
  facet normal 0.000000 0.000000 1.000000
    outer loop
      vertex -92.3035 -92.8891 5.5000
      vertex -89.7103 -92.2183 5.5000
      vertex -90.2248 -91.5002 5.5000
    endloop
  endfacet
  facet normal -0.000000 0.000000 1.000000
    outer loop
      vertex -91.6937 -93.7402 5.5000
      vertex -91.0294 -94.5495 5.5000
      vertex -89.1498 -92.9012 5.5000
    endloop
  endfacet
  facet normal 0.000000 0.000000 1.000000
    outer loop
      vertex -91.6937 -93.7402 5.5000
      vertex -89.1498 -92.9012 5.5000
      vertex -89.7103 -92.2183 5.5000
    endloop
  endfacet
  facet normal -0.000000 0.000000 1.000000
    outer loop
      vertex -91.0294 -94.5495 5.5000
      vertex -90.3137 -95.3137 5.5000
      vertex -88.5459 -93.5459 5.5000
    endloop
  endfacet
  facet normal 0.000000 0.000000 1.000000
    outer loop
      vertex -91.0294 -94.5495 5.5000
      vertex -88.5459 -93.5459 5.5000
      vertex -89.1498 -92.9012 5.5000
    endloop
  endfacet
  facet normal -0.000000 0.000000 1.000000
    outer loop
      vertex -90.3137 -95.3137 5.5000
      vertex -89.5495 -96.0294 5.5000
      vertex -87.9012 -94.1498 5.5000
    endloop
  endfacet
  facet normal 0.000000 0.000000 1.000000
    outer loop
      vertex -90.3137 -95.3137 5.5000
      vertex -87.9012 -94.1498 5.5000
      vertex -88.5459 -93.5459 5.5000
    endloop
  endfacet
  facet normal -0.000000 0.000000 1.000000
    outer loop
      vertex -89.5495 -96.0294 5.5000
      vertex -88.7402 -96.6937 5.5000
      vertex -87.2183 -94.7103 5.5000
    endloop
  endfacet
  facet normal 0.000000 0.000000 1.000000
    outer loop
      vertex -89.5495 -96.0294 5.5000
      vertex -87.2183 -94.7103 5.5000
      vertex -87.9012 -94.1498 5.5000
    endloop
  endfacet
  facet normal -0.000000 0.000000 1.000000
    outer loop
      vertex -88.7402 -96.6937 5.5000
      vertex -87.8891 -97.3035 5.5000
      vertex -86.5002 -95.2248 5.5000
    endloop
  endfacet
  facet normal 0.000000 0.000000 1.000000
    outer loop
      vertex -88.7402 -96.6937 5.5000
      vertex -86.5002 -95.2248 5.5000
      vertex -87.2183 -94.7103 5.5000
    endloop
  endfacet
  facet normal -0.000000 0.000000 1.000000
    outer loop
      vertex -87.8891 -97.3035 5.5000
      vertex -87.0000 -97.8564 5.5000
      vertex -85.7500 -95.6913 5.5000
    endloop
  endfacet
  facet normal 0.000000 0.000000 1.000000
    outer loop
      vertex -87.8891 -97.3035 5.5000
      vertex -85.7500 -95.6913 5.5000
      vertex -86.5002 -95.2248 5.5000
    endloop
  endfacet
  facet normal -0.000000 0.000000 1.000000
    outer loop
      vertex -87.0000 -97.8564 5.5000
      vertex -86.0766 -98.3500 5.5000
      vertex -84.9709 -96.1078 5.5000
    endloop
  endfacet
  facet normal 0.000000 0.000000 1.000000
    outer loop
      vertex -87.0000 -97.8564 5.5000
      vertex -84.9709 -96.1078 5.5000
      vertex -85.7500 -95.6913 5.5000
    endloop
  endfacet
  facet normal -0.000000 0.000000 1.000000
    outer loop
      vertex -86.0766 -98.3500 5.5000
      vertex -85.1229 -98.7821 5.5000
      vertex -84.1662 -96.4724 5.5000
    endloop
  endfacet
  facet normal 0.000000 0.000000 1.000000
    outer loop
      vertex -86.0766 -98.3500 5.5000
      vertex -84.1662 -96.4724 5.5000
      vertex -84.9709 -96.1078 5.5000
    endloop
  endfacet
  facet normal -0.000000 0.000000 1.000000
    outer loop
      vertex -85.1229 -98.7821 5.5000
      vertex -84.1430 -99.1509 5.5000
      vertex -83.3394 -96.7836 5.5000
    endloop
  endfacet
  facet normal 0.000000 0.000000 1.000000
    outer loop
      vertex -85.1229 -98.7821 5.5000
      vertex -83.3394 -96.7836 5.5000
      vertex -84.1662 -96.4724 5.5000
    endloop
  endfacet
  facet normal -0.000000 0.000000 1.000000
    outer loop
      vertex -84.1430 -99.1509 5.5000
      vertex -83.1411 -99.4548 5.5000
      vertex -82.4941 -97.0400 5.5000
    endloop
  endfacet
  facet normal 0.000000 0.000000 1.000000
    outer loop
      vertex -84.1430 -99.1509 5.5000
      vertex -82.4941 -97.0400 5.5000
      vertex -83.3394 -96.7836 5.5000
    endloop
  endfacet
  facet normal -0.000000 0.000000 1.000000
    outer loop
      vertex -83.1411 -99.4548 5.5000
      vertex -82.1214 -99.6926 5.5000
      vertex -81.6337 -97.2406 5.5000
    endloop
  endfacet
  facet normal 0.000000 0.000000 1.000000
    outer loop
      vertex -83.1411 -99.4548 5.5000
      vertex -81.6337 -97.2406 5.5000
      vertex -82.4941 -97.0400 5.5000
    endloop
  endfacet
  facet normal -0.000000 0.000000 1.000000
    outer loop
      vertex -82.1214 -99.6926 5.5000
      vertex -81.0884 -99.8631 5.5000
      vertex -80.7621 -97.3845 5.5000
    endloop
  endfacet
  facet normal 0.000000 0.000000 1.000000
    outer loop
      vertex -82.1214 -99.6926 5.5000
      vertex -80.7621 -97.3845 5.5000
      vertex -81.6337 -97.2406 5.5000
    endloop
  endfacet
  facet normal -0.000000 0.000000 1.000000
    outer loop
      vertex -81.0884 -99.8631 5.5000
      vertex -80.0465 -99.9657 5.5000
      vertex -79.8829 -97.4711 5.5000
    endloop
  endfacet
  facet normal 0.000000 0.000000 1.000000
    outer loop
      vertex -81.0884 -99.8631 5.5000
      vertex -79.8829 -97.4711 5.5000
      vertex -80.7621 -97.3845 5.5000
    endloop
  endfacet
  facet normal -0.000000 0.000000 1.000000
    outer loop
      vertex -80.0465 -99.9657 5.5000
      vertex 79.0000 -100.0000 5.5000
      vertex 79.0000 -97.5000 5.5000
    endloop
  endfacet
  facet normal 0.000000 0.000000 1.000000
    outer loop
      vertex -80.0465 -99.9657 5.5000
      vertex 79.0000 -97.5000 5.5000
      vertex -79.8829 -97.4711 5.5000
    endloop
  endfacet
  facet normal 0.000000 0.000000 -1.000000
    outer loop
      vertex 18.0000 -49.0000 2.5000
      vertex 21.5232 -31.9829 2.5000
      vertex 19.8313 -48.9400 2.5000
    endloop
  endfacet
  facet normal 0.000000 0.000000 -1.000000
    outer loop
      vertex 18.0000 -49.0000 2.5000
      vertex 21.0000 -32.0000 2.5000
      vertex 21.5232 -31.9829 2.5000
    endloop
  endfacet
  facet normal 0.000000 0.000000 -1.000000
    outer loop
      vertex 19.8313 -48.9400 2.5000
      vertex 22.0442 -31.9316 2.5000
      vertex 21.6547 -48.7605 2.5000
    endloop
  endfacet
  facet normal 0.000000 0.000000 -1.000000
    outer loop
      vertex 19.8313 -48.9400 2.5000
      vertex 21.5232 -31.9829 2.5000
      vertex 22.0442 -31.9316 2.5000
    endloop
  endfacet
  facet normal 0.000000 0.000000 -1.000000
    outer loop
      vertex 21.6547 -48.7605 2.5000
      vertex 22.5607 -31.8463 2.5000
      vertex 23.4625 -48.4620 2.5000
    endloop
  endfacet
  facet normal 0.000000 0.000000 -1.000000
    outer loop
      vertex 21.6547 -48.7605 2.5000
      vertex 22.0442 -31.9316 2.5000
      vertex 22.5607 -31.8463 2.5000
    endloop
  endfacet
  facet normal 0.000000 0.000000 -1.000000
    outer loop
      vertex 23.4625 -48.4620 2.5000
      vertex 23.0706 -31.7274 2.5000
      vertex 25.2469 -48.0459 2.5000
    endloop
  endfacet
  facet normal 0.000000 0.000000 -1.000000
    outer loop
      vertex 23.4625 -48.4620 2.5000
      vertex 22.5607 -31.8463 2.5000
      vertex 23.0706 -31.7274 2.5000
    endloop
  endfacet
  facet normal 0.000000 0.000000 -1.000000
    outer loop
      vertex 25.2469 -48.0459 2.5000
      vertex 23.5715 -31.5754 2.5000
      vertex 27.0003 -47.5140 2.5000
    endloop
  endfacet
  facet normal 0.000000 0.000000 -1.000000
    outer loop
      vertex 25.2469 -48.0459 2.5000
      vertex 23.0706 -31.7274 2.5000
      vertex 23.5715 -31.5754 2.5000
    endloop
  endfacet
  facet normal 0.000000 0.000000 -1.000000
    outer loop
      vertex 27.0003 -47.5140 2.5000
      vertex 24.0615 -31.3910 2.5000
      vertex 28.7151 -46.8686 2.5000
    endloop
  endfacet
  facet normal 0.000000 0.000000 -1.000000
    outer loop
      vertex 27.0003 -47.5140 2.5000
      vertex 23.5715 -31.5754 2.5000
      vertex 24.0615 -31.3910 2.5000
    endloop
  endfacet
  facet normal 0.000000 0.000000 -1.000000
    outer loop
      vertex 28.7151 -46.8686 2.5000
      vertex 24.5383 -31.1750 2.5000
      vertex 30.3841 -46.1124 2.5000
    endloop
  endfacet
  facet normal 0.000000 0.000000 -1.000000
    outer loop
      vertex 28.7151 -46.8686 2.5000
      vertex 24.0615 -31.3910 2.5000
      vertex 24.5383 -31.1750 2.5000
    endloop
  endfacet
  facet normal 0.000000 0.000000 -1.000000
    outer loop
      vertex 30.3841 -46.1124 2.5000
      vertex 25.0000 -30.9282 2.5000
      vertex 32.0000 -45.2487 2.5000
    endloop
  endfacet
  facet normal 0.000000 0.000000 -1.000000
    outer loop
      vertex 30.3841 -46.1124 2.5000
      vertex 24.5383 -31.1750 2.5000
      vertex 25.0000 -30.9282 2.5000
    endloop
  endfacet
  facet normal 0.000000 0.000000 -1.000000
    outer loop
      vertex 32.0000 -45.2487 2.5000
      vertex 25.4446 -30.6518 2.5000
      vertex 33.5560 -44.2811 2.5000
    endloop
  endfacet
  facet normal 0.000000 0.000000 -1.000000
    outer loop
      vertex 32.0000 -45.2487 2.5000
      vertex 25.0000 -30.9282 2.5000
      vertex 25.4446 -30.6518 2.5000
    endloop
  endfacet
  facet normal 0.000000 0.000000 -1.000000
    outer loop
      vertex 33.5560 -44.2811 2.5000
      vertex 25.8701 -30.3468 2.5000
      vertex 35.0453 -43.2139 2.5000
    endloop
  endfacet
  facet normal 0.000000 0.000000 -1.000000
    outer loop
      vertex 33.5560 -44.2811 2.5000
      vertex 25.4446 -30.6518 2.5000
      vertex 25.8701 -30.3468 2.5000
    endloop
  endfacet
  facet normal 0.000000 0.000000 -1.000000
    outer loop
      vertex 35.0453 -43.2139 2.5000
      vertex 26.2748 -30.0147 2.5000
      vertex 36.4617 -42.0515 2.5000
    endloop
  endfacet
  facet normal 0.000000 0.000000 -1.000000
    outer loop
      vertex 35.0453 -43.2139 2.5000
      vertex 25.8701 -30.3468 2.5000
      vertex 26.2748 -30.0147 2.5000
    endloop
  endfacet
  facet normal 0.000000 0.000000 -1.000000
    outer loop
      vertex 36.4617 -42.0515 2.5000
      vertex 26.6569 -29.6569 2.5000
      vertex 37.7990 -40.7990 2.5000
    endloop
  endfacet
  facet normal 0.000000 0.000000 -1.000000
    outer loop
      vertex 36.4617 -42.0515 2.5000
      vertex 26.2748 -30.0147 2.5000
      vertex 26.6569 -29.6569 2.5000
    endloop
  endfacet
  facet normal 0.000000 0.000000 -1.000000
    outer loop
      vertex 37.7990 -40.7990 2.5000
      vertex 27.0147 -29.2748 2.5000
      vertex 39.0515 -39.4617 2.5000
    endloop
  endfacet
  facet normal 0.000000 0.000000 -1.000000
    outer loop
      vertex 37.7990 -40.7990 2.5000
      vertex 26.6569 -29.6569 2.5000
      vertex 27.0147 -29.2748 2.5000
    endloop
  endfacet
  facet normal 0.000000 0.000000 -1.000000
    outer loop
      vertex 39.0515 -39.4617 2.5000
      vertex 27.3468 -28.8701 2.5000
      vertex 40.2139 -38.0453 2.5000
    endloop
  endfacet
  facet normal 0.000000 0.000000 -1.000000
    outer loop
      vertex 39.0515 -39.4617 2.5000
      vertex 27.0147 -29.2748 2.5000
      vertex 27.3468 -28.8701 2.5000
    endloop
  endfacet
  facet normal 0.000000 0.000000 -1.000000
    outer loop
      vertex 40.2139 -38.0453 2.5000
      vertex 27.6518 -28.4446 2.5000
      vertex 41.2811 -36.5560 2.5000
    endloop
  endfacet
  facet normal 0.000000 0.000000 -1.000000
    outer loop
      vertex 40.2139 -38.0453 2.5000
      vertex 27.3468 -28.8701 2.5000
      vertex 27.6518 -28.4446 2.5000
    endloop
  endfacet
  facet normal 0.000000 0.000000 -1.000000
    outer loop
      vertex 41.2811 -36.5560 2.5000
      vertex 27.9282 -28.0000 2.5000
      vertex 42.2487 -35.0000 2.5000
    endloop
  endfacet
  facet normal 0.000000 0.000000 -1.000000
    outer loop
      vertex 41.2811 -36.5560 2.5000
      vertex 27.6518 -28.4446 2.5000
      vertex 27.9282 -28.0000 2.5000
    endloop
  endfacet
  facet normal 0.000000 0.000000 -1.000000
    outer loop
      vertex 42.2487 -35.0000 2.5000
      vertex 28.1750 -27.5383 2.5000
      vertex 43.1124 -33.3841 2.5000
    endloop
  endfacet
  facet normal 0.000000 0.000000 -1.000000
    outer loop
      vertex 42.2487 -35.0000 2.5000
      vertex 27.9282 -28.0000 2.5000
      vertex 28.1750 -27.5383 2.5000
    endloop
  endfacet
  facet normal 0.000000 0.000000 -1.000000
    outer loop
      vertex 43.1124 -33.3841 2.5000
      vertex 28.3910 -27.0615 2.5000
      vertex 43.8686 -31.7151 2.5000
    endloop
  endfacet
  facet normal 0.000000 0.000000 -1.000000
    outer loop
      vertex 43.1124 -33.3841 2.5000
      vertex 28.1750 -27.5383 2.5000
      vertex 28.3910 -27.0615 2.5000
    endloop
  endfacet
  facet normal 0.000000 0.000000 -1.000000
    outer loop
      vertex 43.8686 -31.7151 2.5000
      vertex 28.5754 -26.5715 2.5000
      vertex 44.5140 -30.0003 2.5000
    endloop
  endfacet
  facet normal 0.000000 0.000000 -1.000000
    outer loop
      vertex 43.8686 -31.7151 2.5000
      vertex 28.3910 -27.0615 2.5000
      vertex 28.5754 -26.5715 2.5000
    endloop
  endfacet
  facet normal 0.000000 0.000000 -1.000000
    outer loop
      vertex 44.5140 -30.0003 2.5000
      vertex 28.7274 -26.0706 2.5000
      vertex 45.0459 -28.2469 2.5000
    endloop
  endfacet
  facet normal 0.000000 0.000000 -1.000000
    outer loop
      vertex 44.5140 -30.0003 2.5000
      vertex 28.5754 -26.5715 2.5000
      vertex 28.7274 -26.0706 2.5000
    endloop
  endfacet
  facet normal 0.000000 0.000000 -1.000000
    outer loop
      vertex 45.0459 -28.2469 2.5000
      vertex 28.8463 -25.5607 2.5000
      vertex 45.4620 -26.4625 2.5000
    endloop
  endfacet
  facet normal 0.000000 0.000000 -1.000000
    outer loop
      vertex 45.0459 -28.2469 2.5000
      vertex 28.7274 -26.0706 2.5000
      vertex 28.8463 -25.5607 2.5000
    endloop
  endfacet
  facet normal 0.000000 0.000000 -1.000000
    outer loop
      vertex 45.4620 -26.4625 2.5000
      vertex 28.9316 -25.0442 2.5000
      vertex 45.7605 -24.6547 2.5000
    endloop
  endfacet
  facet normal 0.000000 0.000000 -1.000000
    outer loop
      vertex 45.4620 -26.4625 2.5000
      vertex 28.8463 -25.5607 2.5000
      vertex 28.9316 -25.0442 2.5000
    endloop
  endfacet
  facet normal 0.000000 0.000000 -1.000000
    outer loop
      vertex 45.7605 -24.6547 2.5000
      vertex 28.9829 -24.5232 2.5000
      vertex 45.9400 -22.8313 2.5000
    endloop
  endfacet
  facet normal -0.000000 0.000000 -1.000000
    outer loop
      vertex 45.7605 -24.6547 2.5000
      vertex 28.9316 -25.0442 2.5000
      vertex 28.9829 -24.5232 2.5000
    endloop
  endfacet
  facet normal 0.000000 0.000000 -1.000000
    outer loop
      vertex 45.9400 -22.8313 2.5000
      vertex 29.0000 24.0000 2.5000
      vertex 46.0000 21.0000 2.5000
    endloop
  endfacet
  facet normal -0.000000 0.000000 -1.000000
    outer loop
      vertex 45.9400 -22.8313 2.5000
      vertex 28.9829 -24.5232 2.5000
      vertex 29.0000 24.0000 2.5000
    endloop
  endfacet
  facet normal 0.000000 0.000000 -1.000000
    outer loop
      vertex 46.0000 21.0000 2.5000
      vertex 28.9829 24.5232 2.5000
      vertex 45.9400 22.8313 2.5000
    endloop
  endfacet
  facet normal 0.000000 0.000000 -1.000000
    outer loop
      vertex 46.0000 21.0000 2.5000
      vertex 29.0000 24.0000 2.5000
      vertex 28.9829 24.5232 2.5000
    endloop
  endfacet
  facet normal 0.000000 0.000000 -1.000000
    outer loop
      vertex 45.9400 22.8313 2.5000
      vertex 28.9316 25.0442 2.5000
      vertex 45.7605 24.6547 2.5000
    endloop
  endfacet
  facet normal 0.000000 0.000000 -1.000000
    outer loop
      vertex 45.9400 22.8313 2.5000
      vertex 28.9829 24.5232 2.5000
      vertex 28.9316 25.0442 2.5000
    endloop
  endfacet
  facet normal 0.000000 0.000000 -1.000000
    outer loop
      vertex 45.7605 24.6547 2.5000
      vertex 28.8463 25.5607 2.5000
      vertex 45.4620 26.4625 2.5000
    endloop
  endfacet
  facet normal 0.000000 0.000000 -1.000000
    outer loop
      vertex 45.7605 24.6547 2.5000
      vertex 28.9316 25.0442 2.5000
      vertex 28.8463 25.5607 2.5000
    endloop
  endfacet
  facet normal -0.000000 0.000000 -1.000000
    outer loop
      vertex 45.4620 26.4625 2.5000
      vertex 28.7274 26.0706 2.5000
      vertex 45.0459 28.2469 2.5000
    endloop
  endfacet
  facet normal 0.000000 0.000000 -1.000000
    outer loop
      vertex 45.4620 26.4625 2.5000
      vertex 28.8463 25.5607 2.5000
      vertex 28.7274 26.0706 2.5000
    endloop
  endfacet
  facet normal -0.000000 0.000000 -1.000000
    outer loop
      vertex 45.0459 28.2469 2.5000
      vertex 28.5754 26.5715 2.5000
      vertex 44.5140 30.0003 2.5000
    endloop
  endfacet
  facet normal 0.000000 0.000000 -1.000000
    outer loop
      vertex 45.0459 28.2469 2.5000
      vertex 28.7274 26.0706 2.5000
      vertex 28.5754 26.5715 2.5000
    endloop
  endfacet
  facet normal -0.000000 0.000000 -1.000000
    outer loop
      vertex 44.5140 30.0003 2.5000
      vertex 28.3910 27.0615 2.5000
      vertex 43.8686 31.7151 2.5000
    endloop
  endfacet
  facet normal 0.000000 0.000000 -1.000000
    outer loop
      vertex 44.5140 30.0003 2.5000
      vertex 28.5754 26.5715 2.5000
      vertex 28.3910 27.0615 2.5000
    endloop
  endfacet
  facet normal -0.000000 0.000000 -1.000000
    outer loop
      vertex 43.8686 31.7151 2.5000
      vertex 28.1750 27.5383 2.5000
      vertex 43.1124 33.3841 2.5000
    endloop
  endfacet
  facet normal 0.000000 0.000000 -1.000000
    outer loop
      vertex 43.8686 31.7151 2.5000
      vertex 28.3910 27.0615 2.5000
      vertex 28.1750 27.5383 2.5000
    endloop
  endfacet
  facet normal -0.000000 0.000000 -1.000000
    outer loop
      vertex 43.1124 33.3841 2.5000
      vertex 27.9282 28.0000 2.5000
      vertex 42.2487 35.0000 2.5000
    endloop
  endfacet
  facet normal 0.000000 0.000000 -1.000000
    outer loop
      vertex 43.1124 33.3841 2.5000
      vertex 28.1750 27.5383 2.5000
      vertex 27.9282 28.0000 2.5000
    endloop
  endfacet
  facet normal -0.000000 0.000000 -1.000000
    outer loop
      vertex 42.2487 35.0000 2.5000
      vertex 27.6518 28.4446 2.5000
      vertex 41.2811 36.5560 2.5000
    endloop
  endfacet
  facet normal 0.000000 0.000000 -1.000000
    outer loop
      vertex 42.2487 35.0000 2.5000
      vertex 27.9282 28.0000 2.5000
      vertex 27.6518 28.4446 2.5000
    endloop
  endfacet
  facet normal -0.000000 0.000000 -1.000000
    outer loop
      vertex 41.2811 36.5560 2.5000
      vertex 27.3468 28.8701 2.5000
      vertex 40.2139 38.0453 2.5000
    endloop
  endfacet
  facet normal 0.000000 0.000000 -1.000000
    outer loop
      vertex 41.2811 36.5560 2.5000
      vertex 27.6518 28.4446 2.5000
      vertex 27.3468 28.8701 2.5000
    endloop
  endfacet
  facet normal -0.000000 0.000000 -1.000000
    outer loop
      vertex 40.2139 38.0453 2.5000
      vertex 27.0147 29.2748 2.5000
      vertex 39.0515 39.4617 2.5000
    endloop
  endfacet
  facet normal 0.000000 0.000000 -1.000000
    outer loop
      vertex 40.2139 38.0453 2.5000
      vertex 27.3468 28.8701 2.5000
      vertex 27.0147 29.2748 2.5000
    endloop
  endfacet
  facet normal -0.000000 0.000000 -1.000000
    outer loop
      vertex 39.0515 39.4617 2.5000
      vertex 26.6569 29.6569 2.5000
      vertex 37.7990 40.7990 2.5000
    endloop
  endfacet
  facet normal 0.000000 0.000000 -1.000000
    outer loop
      vertex 39.0515 39.4617 2.5000
      vertex 27.0147 29.2748 2.5000
      vertex 26.6569 29.6569 2.5000
    endloop
  endfacet
  facet normal -0.000000 0.000000 -1.000000
    outer loop
      vertex 37.7990 40.7990 2.5000
      vertex 26.2748 30.0147 2.5000
      vertex 36.4617 42.0515 2.5000
    endloop
  endfacet
  facet normal 0.000000 0.000000 -1.000000
    outer loop
      vertex 37.7990 40.7990 2.5000
      vertex 26.6569 29.6569 2.5000
      vertex 26.2748 30.0147 2.5000
    endloop
  endfacet
  facet normal -0.000000 0.000000 -1.000000
    outer loop
      vertex 36.4617 42.0515 2.5000
      vertex 25.8701 30.3468 2.5000
      vertex 35.0453 43.2139 2.5000
    endloop
  endfacet
  facet normal 0.000000 0.000000 -1.000000
    outer loop
      vertex 36.4617 42.0515 2.5000
      vertex 26.2748 30.0147 2.5000
      vertex 25.8701 30.3468 2.5000
    endloop
  endfacet
  facet normal -0.000000 0.000000 -1.000000
    outer loop
      vertex 35.0453 43.2139 2.5000
      vertex 25.4446 30.6518 2.5000
      vertex 33.5560 44.2811 2.5000
    endloop
  endfacet
  facet normal 0.000000 0.000000 -1.000000
    outer loop
      vertex 35.0453 43.2139 2.5000
      vertex 25.8701 30.3468 2.5000
      vertex 25.4446 30.6518 2.5000
    endloop
  endfacet
  facet normal -0.000000 0.000000 -1.000000
    outer loop
      vertex 33.5560 44.2811 2.5000
      vertex 25.0000 30.9282 2.5000
      vertex 32.0000 45.2487 2.5000
    endloop
  endfacet
  facet normal 0.000000 0.000000 -1.000000
    outer loop
      vertex 33.5560 44.2811 2.5000
      vertex 25.4446 30.6518 2.5000
      vertex 25.0000 30.9282 2.5000
    endloop
  endfacet
  facet normal -0.000000 0.000000 -1.000000
    outer loop
      vertex 32.0000 45.2487 2.5000
      vertex 24.5383 31.1750 2.5000
      vertex 30.3841 46.1124 2.5000
    endloop
  endfacet
  facet normal 0.000000 0.000000 -1.000000
    outer loop
      vertex 32.0000 45.2487 2.5000
      vertex 25.0000 30.9282 2.5000
      vertex 24.5383 31.1750 2.5000
    endloop
  endfacet
  facet normal -0.000000 0.000000 -1.000000
    outer loop
      vertex 30.3841 46.1124 2.5000
      vertex 24.0615 31.3910 2.5000
      vertex 28.7151 46.8686 2.5000
    endloop
  endfacet
  facet normal 0.000000 0.000000 -1.000000
    outer loop
      vertex 30.3841 46.1124 2.5000
      vertex 24.5383 31.1750 2.5000
      vertex 24.0615 31.3910 2.5000
    endloop
  endfacet
  facet normal -0.000000 0.000000 -1.000000
    outer loop
      vertex 28.7151 46.8686 2.5000
      vertex 23.5715 31.5754 2.5000
      vertex 27.0003 47.5140 2.5000
    endloop
  endfacet
  facet normal 0.000000 0.000000 -1.000000
    outer loop
      vertex 28.7151 46.8686 2.5000
      vertex 24.0615 31.3910 2.5000
      vertex 23.5715 31.5754 2.5000
    endloop
  endfacet
  facet normal -0.000000 0.000000 -1.000000
    outer loop
      vertex 27.0003 47.5140 2.5000
      vertex 23.0706 31.7274 2.5000
      vertex 25.2469 48.0459 2.5000
    endloop
  endfacet
  facet normal 0.000000 0.000000 -1.000000
    outer loop
      vertex 27.0003 47.5140 2.5000
      vertex 23.5715 31.5754 2.5000
      vertex 23.0706 31.7274 2.5000
    endloop
  endfacet
  facet normal -0.000000 0.000000 -1.000000
    outer loop
      vertex 25.2469 48.0459 2.5000
      vertex 22.5607 31.8463 2.5000
      vertex 23.4625 48.4620 2.5000
    endloop
  endfacet
  facet normal 0.000000 0.000000 -1.000000
    outer loop
      vertex 25.2469 48.0459 2.5000
      vertex 23.0706 31.7274 2.5000
      vertex 22.5607 31.8463 2.5000
    endloop
  endfacet
  facet normal -0.000000 0.000000 -1.000000
    outer loop
      vertex 23.4625 48.4620 2.5000
      vertex 22.0442 31.9316 2.5000
      vertex 21.6547 48.7605 2.5000
    endloop
  endfacet
  facet normal 0.000000 0.000000 -1.000000
    outer loop
      vertex 23.4625 48.4620 2.5000
      vertex 22.5607 31.8463 2.5000
      vertex 22.0442 31.9316 2.5000
    endloop
  endfacet
  facet normal -0.000000 0.000000 -1.000000
    outer loop
      vertex 21.6547 48.7605 2.5000
      vertex 21.5232 31.9829 2.5000
      vertex 19.8313 48.9400 2.5000
    endloop
  endfacet
  facet normal 0.000000 -0.000000 -1.000000
    outer loop
      vertex 21.6547 48.7605 2.5000
      vertex 22.0442 31.9316 2.5000
      vertex 21.5232 31.9829 2.5000
    endloop
  endfacet
  facet normal -0.000000 0.000000 -1.000000
    outer loop
      vertex 19.8313 48.9400 2.5000
      vertex -21.0000 32.0000 2.5000
      vertex -18.0000 49.0000 2.5000
    endloop
  endfacet
  facet normal 0.000000 -0.000000 -1.000000
    outer loop
      vertex 19.8313 48.9400 2.5000
      vertex 21.5232 31.9829 2.5000
      vertex -21.0000 32.0000 2.5000
    endloop
  endfacet
  facet normal 0.000000 0.000000 -1.000000
    outer loop
      vertex -18.0000 49.0000 2.5000
      vertex -21.5232 31.9829 2.5000
      vertex -19.8313 48.9400 2.5000
    endloop
  endfacet
  facet normal 0.000000 0.000000 -1.000000
    outer loop
      vertex -18.0000 49.0000 2.5000
      vertex -21.0000 32.0000 2.5000
      vertex -21.5232 31.9829 2.5000
    endloop
  endfacet
  facet normal 0.000000 0.000000 -1.000000
    outer loop
      vertex -19.8313 48.9400 2.5000
      vertex -22.0442 31.9316 2.5000
      vertex -21.6547 48.7605 2.5000
    endloop
  endfacet
  facet normal 0.000000 0.000000 -1.000000
    outer loop
      vertex -19.8313 48.9400 2.5000
      vertex -21.5232 31.9829 2.5000
      vertex -22.0442 31.9316 2.5000
    endloop
  endfacet
  facet normal 0.000000 0.000000 -1.000000
    outer loop
      vertex -21.6547 48.7605 2.5000
      vertex -22.5607 31.8463 2.5000
      vertex -23.4625 48.4620 2.5000
    endloop
  endfacet
  facet normal 0.000000 0.000000 -1.000000
    outer loop
      vertex -21.6547 48.7605 2.5000
      vertex -22.0442 31.9316 2.5000
      vertex -22.5607 31.8463 2.5000
    endloop
  endfacet
  facet normal 0.000000 -0.000000 -1.000000
    outer loop
      vertex -23.4625 48.4620 2.5000
      vertex -23.0706 31.7274 2.5000
      vertex -25.2469 48.0459 2.5000
    endloop
  endfacet
  facet normal 0.000000 0.000000 -1.000000
    outer loop
      vertex -23.4625 48.4620 2.5000
      vertex -22.5607 31.8463 2.5000
      vertex -23.0706 31.7274 2.5000
    endloop
  endfacet
  facet normal 0.000000 -0.000000 -1.000000
    outer loop
      vertex -25.2469 48.0459 2.5000
      vertex -23.5715 31.5754 2.5000
      vertex -27.0003 47.5140 2.5000
    endloop
  endfacet
  facet normal 0.000000 0.000000 -1.000000
    outer loop
      vertex -25.2469 48.0459 2.5000
      vertex -23.0706 31.7274 2.5000
      vertex -23.5715 31.5754 2.5000
    endloop
  endfacet
  facet normal 0.000000 -0.000000 -1.000000
    outer loop
      vertex -27.0003 47.5140 2.5000
      vertex -24.0615 31.3910 2.5000
      vertex -28.7151 46.8686 2.5000
    endloop
  endfacet
  facet normal 0.000000 0.000000 -1.000000
    outer loop
      vertex -27.0003 47.5140 2.5000
      vertex -23.5715 31.5754 2.5000
      vertex -24.0615 31.3910 2.5000
    endloop
  endfacet
  facet normal 0.000000 -0.000000 -1.000000
    outer loop
      vertex -28.7151 46.8686 2.5000
      vertex -24.5383 31.1750 2.5000
      vertex -30.3841 46.1124 2.5000
    endloop
  endfacet
  facet normal 0.000000 0.000000 -1.000000
    outer loop
      vertex -28.7151 46.8686 2.5000
      vertex -24.0615 31.3910 2.5000
      vertex -24.5383 31.1750 2.5000
    endloop
  endfacet
  facet normal 0.000000 -0.000000 -1.000000
    outer loop
      vertex -30.3841 46.1124 2.5000
      vertex -25.0000 30.9282 2.5000
      vertex -32.0000 45.2487 2.5000
    endloop
  endfacet
  facet normal 0.000000 0.000000 -1.000000
    outer loop
      vertex -30.3841 46.1124 2.5000
      vertex -24.5383 31.1750 2.5000
      vertex -25.0000 30.9282 2.5000
    endloop
  endfacet
  facet normal 0.000000 -0.000000 -1.000000
    outer loop
      vertex -32.0000 45.2487 2.5000
      vertex -25.4446 30.6518 2.5000
      vertex -33.5560 44.2811 2.5000
    endloop
  endfacet
  facet normal 0.000000 0.000000 -1.000000
    outer loop
      vertex -32.0000 45.2487 2.5000
      vertex -25.0000 30.9282 2.5000
      vertex -25.4446 30.6518 2.5000
    endloop
  endfacet
  facet normal 0.000000 -0.000000 -1.000000
    outer loop
      vertex -33.5560 44.2811 2.5000
      vertex -25.8701 30.3468 2.5000
      vertex -35.0453 43.2139 2.5000
    endloop
  endfacet
  facet normal 0.000000 0.000000 -1.000000
    outer loop
      vertex -33.5560 44.2811 2.5000
      vertex -25.4446 30.6518 2.5000
      vertex -25.8701 30.3468 2.5000
    endloop
  endfacet
  facet normal 0.000000 -0.000000 -1.000000
    outer loop
      vertex -35.0453 43.2139 2.5000
      vertex -26.2748 30.0147 2.5000
      vertex -36.4617 42.0515 2.5000
    endloop
  endfacet
  facet normal 0.000000 0.000000 -1.000000
    outer loop
      vertex -35.0453 43.2139 2.5000
      vertex -25.8701 30.3468 2.5000
      vertex -26.2748 30.0147 2.5000
    endloop
  endfacet
  facet normal 0.000000 -0.000000 -1.000000
    outer loop
      vertex -36.4617 42.0515 2.5000
      vertex -26.6569 29.6569 2.5000
      vertex -37.7990 40.7990 2.5000
    endloop
  endfacet
  facet normal 0.000000 0.000000 -1.000000
    outer loop
      vertex -36.4617 42.0515 2.5000
      vertex -26.2748 30.0147 2.5000
      vertex -26.6569 29.6569 2.5000
    endloop
  endfacet
  facet normal 0.000000 -0.000000 -1.000000
    outer loop
      vertex -37.7990 40.7990 2.5000
      vertex -27.0147 29.2748 2.5000
      vertex -39.0515 39.4617 2.5000
    endloop
  endfacet
  facet normal 0.000000 0.000000 -1.000000
    outer loop
      vertex -37.7990 40.7990 2.5000
      vertex -26.6569 29.6569 2.5000
      vertex -27.0147 29.2748 2.5000
    endloop
  endfacet
  facet normal 0.000000 -0.000000 -1.000000
    outer loop
      vertex -39.0515 39.4617 2.5000
      vertex -27.3468 28.8701 2.5000
      vertex -40.2139 38.0453 2.5000
    endloop
  endfacet
  facet normal 0.000000 0.000000 -1.000000
    outer loop
      vertex -39.0515 39.4617 2.5000
      vertex -27.0147 29.2748 2.5000
      vertex -27.3468 28.8701 2.5000
    endloop
  endfacet
  facet normal 0.000000 -0.000000 -1.000000
    outer loop
      vertex -40.2139 38.0453 2.5000
      vertex -27.6518 28.4446 2.5000
      vertex -41.2811 36.5560 2.5000
    endloop
  endfacet
  facet normal 0.000000 0.000000 -1.000000
    outer loop
      vertex -40.2139 38.0453 2.5000
      vertex -27.3468 28.8701 2.5000
      vertex -27.6518 28.4446 2.5000
    endloop
  endfacet
  facet normal 0.000000 -0.000000 -1.000000
    outer loop
      vertex -41.2811 36.5560 2.5000
      vertex -27.9282 28.0000 2.5000
      vertex -42.2487 35.0000 2.5000
    endloop
  endfacet
  facet normal 0.000000 0.000000 -1.000000
    outer loop
      vertex -41.2811 36.5560 2.5000
      vertex -27.6518 28.4446 2.5000
      vertex -27.9282 28.0000 2.5000
    endloop
  endfacet
  facet normal 0.000000 -0.000000 -1.000000
    outer loop
      vertex -42.2487 35.0000 2.5000
      vertex -28.1750 27.5383 2.5000
      vertex -43.1124 33.3841 2.5000
    endloop
  endfacet
  facet normal 0.000000 0.000000 -1.000000
    outer loop
      vertex -42.2487 35.0000 2.5000
      vertex -27.9282 28.0000 2.5000
      vertex -28.1750 27.5383 2.5000
    endloop
  endfacet
  facet normal 0.000000 -0.000000 -1.000000
    outer loop
      vertex -43.1124 33.3841 2.5000
      vertex -28.3910 27.0615 2.5000
      vertex -43.8686 31.7151 2.5000
    endloop
  endfacet
  facet normal 0.000000 0.000000 -1.000000
    outer loop
      vertex -43.1124 33.3841 2.5000
      vertex -28.1750 27.5383 2.5000
      vertex -28.3910 27.0615 2.5000
    endloop
  endfacet
  facet normal 0.000000 -0.000000 -1.000000
    outer loop
      vertex -43.8686 31.7151 2.5000
      vertex -28.5754 26.5715 2.5000
      vertex -44.5140 30.0003 2.5000
    endloop
  endfacet
  facet normal 0.000000 0.000000 -1.000000
    outer loop
      vertex -43.8686 31.7151 2.5000
      vertex -28.3910 27.0615 2.5000
      vertex -28.5754 26.5715 2.5000
    endloop
  endfacet
  facet normal 0.000000 -0.000000 -1.000000
    outer loop
      vertex -44.5140 30.0003 2.5000
      vertex -28.7274 26.0706 2.5000
      vertex -45.0459 28.2469 2.5000
    endloop
  endfacet
  facet normal 0.000000 0.000000 -1.000000
    outer loop
      vertex -44.5140 30.0003 2.5000
      vertex -28.5754 26.5715 2.5000
      vertex -28.7274 26.0706 2.5000
    endloop
  endfacet
  facet normal 0.000000 -0.000000 -1.000000
    outer loop
      vertex -45.0459 28.2469 2.5000
      vertex -28.8463 25.5607 2.5000
      vertex -45.4620 26.4625 2.5000
    endloop
  endfacet
  facet normal 0.000000 0.000000 -1.000000
    outer loop
      vertex -45.0459 28.2469 2.5000
      vertex -28.7274 26.0706 2.5000
      vertex -28.8463 25.5607 2.5000
    endloop
  endfacet
  facet normal 0.000000 -0.000000 -1.000000
    outer loop
      vertex -45.4620 26.4625 2.5000
      vertex -28.9316 25.0442 2.5000
      vertex -45.7605 24.6547 2.5000
    endloop
  endfacet
  facet normal 0.000000 0.000000 -1.000000
    outer loop
      vertex -45.4620 26.4625 2.5000
      vertex -28.8463 25.5607 2.5000
      vertex -28.9316 25.0442 2.5000
    endloop
  endfacet
  facet normal 0.000000 -0.000000 -1.000000
    outer loop
      vertex -45.7605 24.6547 2.5000
      vertex -28.9829 24.5232 2.5000
      vertex -45.9400 22.8313 2.5000
    endloop
  endfacet
  facet normal 0.000000 0.000000 -1.000000
    outer loop
      vertex -45.7605 24.6547 2.5000
      vertex -28.9316 25.0442 2.5000
      vertex -28.9829 24.5232 2.5000
    endloop
  endfacet
  facet normal 0.000000 -0.000000 -1.000000
    outer loop
      vertex -45.9400 22.8313 2.5000
      vertex -29.0000 -24.0000 2.5000
      vertex -46.0000 -21.0000 2.5000
    endloop
  endfacet
  facet normal 0.000000 0.000000 -1.000000
    outer loop
      vertex -45.9400 22.8313 2.5000
      vertex -28.9829 24.5232 2.5000
      vertex -29.0000 -24.0000 2.5000
    endloop
  endfacet
  facet normal 0.000000 0.000000 -1.000000
    outer loop
      vertex -46.0000 -21.0000 2.5000
      vertex -28.9829 -24.5232 2.5000
      vertex -45.9400 -22.8313 2.5000
    endloop
  endfacet
  facet normal 0.000000 0.000000 -1.000000
    outer loop
      vertex -46.0000 -21.0000 2.5000
      vertex -29.0000 -24.0000 2.5000
      vertex -28.9829 -24.5232 2.5000
    endloop
  endfacet
  facet normal 0.000000 0.000000 -1.000000
    outer loop
      vertex -45.9400 -22.8313 2.5000
      vertex -28.9316 -25.0442 2.5000
      vertex -45.7605 -24.6547 2.5000
    endloop
  endfacet
  facet normal 0.000000 0.000000 -1.000000
    outer loop
      vertex -45.9400 -22.8313 2.5000
      vertex -28.9829 -24.5232 2.5000
      vertex -28.9316 -25.0442 2.5000
    endloop
  endfacet
  facet normal 0.000000 0.000000 -1.000000
    outer loop
      vertex -45.7605 -24.6547 2.5000
      vertex -28.8463 -25.5607 2.5000
      vertex -45.4620 -26.4625 2.5000
    endloop
  endfacet
  facet normal 0.000000 0.000000 -1.000000
    outer loop
      vertex -45.7605 -24.6547 2.5000
      vertex -28.9316 -25.0442 2.5000
      vertex -28.8463 -25.5607 2.5000
    endloop
  endfacet
  facet normal 0.000000 0.000000 -1.000000
    outer loop
      vertex -45.4620 -26.4625 2.5000
      vertex -28.7274 -26.0706 2.5000
      vertex -45.0459 -28.2469 2.5000
    endloop
  endfacet
  facet normal 0.000000 0.000000 -1.000000
    outer loop
      vertex -45.4620 -26.4625 2.5000
      vertex -28.8463 -25.5607 2.5000
      vertex -28.7274 -26.0706 2.5000
    endloop
  endfacet
  facet normal 0.000000 0.000000 -1.000000
    outer loop
      vertex -45.0459 -28.2469 2.5000
      vertex -28.5754 -26.5715 2.5000
      vertex -44.5140 -30.0003 2.5000
    endloop
  endfacet
  facet normal 0.000000 0.000000 -1.000000
    outer loop
      vertex -45.0459 -28.2469 2.5000
      vertex -28.7274 -26.0706 2.5000
      vertex -28.5754 -26.5715 2.5000
    endloop
  endfacet
  facet normal 0.000000 0.000000 -1.000000
    outer loop
      vertex -44.5140 -30.0003 2.5000
      vertex -28.3910 -27.0615 2.5000
      vertex -43.8686 -31.7151 2.5000
    endloop
  endfacet
  facet normal 0.000000 0.000000 -1.000000
    outer loop
      vertex -44.5140 -30.0003 2.5000
      vertex -28.5754 -26.5715 2.5000
      vertex -28.3910 -27.0615 2.5000
    endloop
  endfacet
  facet normal 0.000000 0.000000 -1.000000
    outer loop
      vertex -43.8686 -31.7151 2.5000
      vertex -28.1750 -27.5383 2.5000
      vertex -43.1124 -33.3841 2.5000
    endloop
  endfacet
  facet normal 0.000000 0.000000 -1.000000
    outer loop
      vertex -43.8686 -31.7151 2.5000
      vertex -28.3910 -27.0615 2.5000
      vertex -28.1750 -27.5383 2.5000
    endloop
  endfacet
  facet normal 0.000000 0.000000 -1.000000
    outer loop
      vertex -43.1124 -33.3841 2.5000
      vertex -27.9282 -28.0000 2.5000
      vertex -42.2487 -35.0000 2.5000
    endloop
  endfacet
  facet normal 0.000000 0.000000 -1.000000
    outer loop
      vertex -43.1124 -33.3841 2.5000
      vertex -28.1750 -27.5383 2.5000
      vertex -27.9282 -28.0000 2.5000
    endloop
  endfacet
  facet normal 0.000000 0.000000 -1.000000
    outer loop
      vertex -42.2487 -35.0000 2.5000
      vertex -27.6518 -28.4446 2.5000
      vertex -41.2811 -36.5560 2.5000
    endloop
  endfacet
  facet normal 0.000000 0.000000 -1.000000
    outer loop
      vertex -42.2487 -35.0000 2.5000
      vertex -27.9282 -28.0000 2.5000
      vertex -27.6518 -28.4446 2.5000
    endloop
  endfacet
  facet normal 0.000000 0.000000 -1.000000
    outer loop
      vertex -41.2811 -36.5560 2.5000
      vertex -27.3468 -28.8701 2.5000
      vertex -40.2139 -38.0453 2.5000
    endloop
  endfacet
  facet normal 0.000000 0.000000 -1.000000
    outer loop
      vertex -41.2811 -36.5560 2.5000
      vertex -27.6518 -28.4446 2.5000
      vertex -27.3468 -28.8701 2.5000
    endloop
  endfacet
  facet normal 0.000000 0.000000 -1.000000
    outer loop
      vertex -40.2139 -38.0453 2.5000
      vertex -27.0147 -29.2748 2.5000
      vertex -39.0515 -39.4617 2.5000
    endloop
  endfacet
  facet normal 0.000000 0.000000 -1.000000
    outer loop
      vertex -40.2139 -38.0453 2.5000
      vertex -27.3468 -28.8701 2.5000
      vertex -27.0147 -29.2748 2.5000
    endloop
  endfacet
  facet normal 0.000000 0.000000 -1.000000
    outer loop
      vertex -39.0515 -39.4617 2.5000
      vertex -26.6569 -29.6569 2.5000
      vertex -37.7990 -40.7990 2.5000
    endloop
  endfacet
  facet normal 0.000000 0.000000 -1.000000
    outer loop
      vertex -39.0515 -39.4617 2.5000
      vertex -27.0147 -29.2748 2.5000
      vertex -26.6569 -29.6569 2.5000
    endloop
  endfacet
  facet normal 0.000000 0.000000 -1.000000
    outer loop
      vertex -37.7990 -40.7990 2.5000
      vertex -26.2748 -30.0147 2.5000
      vertex -36.4617 -42.0515 2.5000
    endloop
  endfacet
  facet normal 0.000000 0.000000 -1.000000
    outer loop
      vertex -37.7990 -40.7990 2.5000
      vertex -26.6569 -29.6569 2.5000
      vertex -26.2748 -30.0147 2.5000
    endloop
  endfacet
  facet normal 0.000000 0.000000 -1.000000
    outer loop
      vertex -36.4617 -42.0515 2.5000
      vertex -25.8701 -30.3468 2.5000
      vertex -35.0453 -43.2139 2.5000
    endloop
  endfacet
  facet normal 0.000000 0.000000 -1.000000
    outer loop
      vertex -36.4617 -42.0515 2.5000
      vertex -26.2748 -30.0147 2.5000
      vertex -25.8701 -30.3468 2.5000
    endloop
  endfacet
  facet normal 0.000000 0.000000 -1.000000
    outer loop
      vertex -35.0453 -43.2139 2.5000
      vertex -25.4446 -30.6518 2.5000
      vertex -33.5560 -44.2811 2.5000
    endloop
  endfacet
  facet normal 0.000000 0.000000 -1.000000
    outer loop
      vertex -35.0453 -43.2139 2.5000
      vertex -25.8701 -30.3468 2.5000
      vertex -25.4446 -30.6518 2.5000
    endloop
  endfacet
  facet normal 0.000000 0.000000 -1.000000
    outer loop
      vertex -33.5560 -44.2811 2.5000
      vertex -25.0000 -30.9282 2.5000
      vertex -32.0000 -45.2487 2.5000
    endloop
  endfacet
  facet normal 0.000000 0.000000 -1.000000
    outer loop
      vertex -33.5560 -44.2811 2.5000
      vertex -25.4446 -30.6518 2.5000
      vertex -25.0000 -30.9282 2.5000
    endloop
  endfacet
  facet normal 0.000000 0.000000 -1.000000
    outer loop
      vertex -32.0000 -45.2487 2.5000
      vertex -24.5383 -31.1750 2.5000
      vertex -30.3841 -46.1124 2.5000
    endloop
  endfacet
  facet normal 0.000000 0.000000 -1.000000
    outer loop
      vertex -32.0000 -45.2487 2.5000
      vertex -25.0000 -30.9282 2.5000
      vertex -24.5383 -31.1750 2.5000
    endloop
  endfacet
  facet normal 0.000000 0.000000 -1.000000
    outer loop
      vertex -30.3841 -46.1124 2.5000
      vertex -24.0615 -31.3910 2.5000
      vertex -28.7151 -46.8686 2.5000
    endloop
  endfacet
  facet normal 0.000000 0.000000 -1.000000
    outer loop
      vertex -30.3841 -46.1124 2.5000
      vertex -24.5383 -31.1750 2.5000
      vertex -24.0615 -31.3910 2.5000
    endloop
  endfacet
  facet normal 0.000000 0.000000 -1.000000
    outer loop
      vertex -28.7151 -46.8686 2.5000
      vertex -23.5715 -31.5754 2.5000
      vertex -27.0003 -47.5140 2.5000
    endloop
  endfacet
  facet normal 0.000000 0.000000 -1.000000
    outer loop
      vertex -28.7151 -46.8686 2.5000
      vertex -24.0615 -31.3910 2.5000
      vertex -23.5715 -31.5754 2.5000
    endloop
  endfacet
  facet normal 0.000000 0.000000 -1.000000
    outer loop
      vertex -27.0003 -47.5140 2.5000
      vertex -23.0706 -31.7274 2.5000
      vertex -25.2469 -48.0459 2.5000
    endloop
  endfacet
  facet normal 0.000000 0.000000 -1.000000
    outer loop
      vertex -27.0003 -47.5140 2.5000
      vertex -23.5715 -31.5754 2.5000
      vertex -23.0706 -31.7274 2.5000
    endloop
  endfacet
  facet normal 0.000000 0.000000 -1.000000
    outer loop
      vertex -25.2469 -48.0459 2.5000
      vertex -22.5607 -31.8463 2.5000
      vertex -23.4625 -48.4620 2.5000
    endloop
  endfacet
  facet normal 0.000000 0.000000 -1.000000
    outer loop
      vertex -25.2469 -48.0459 2.5000
      vertex -23.0706 -31.7274 2.5000
      vertex -22.5607 -31.8463 2.5000
    endloop
  endfacet
  facet normal 0.000000 0.000000 -1.000000
    outer loop
      vertex -23.4625 -48.4620 2.5000
      vertex -22.0442 -31.9316 2.5000
      vertex -21.6547 -48.7605 2.5000
    endloop
  endfacet
  facet normal 0.000000 0.000000 -1.000000
    outer loop
      vertex -23.4625 -48.4620 2.5000
      vertex -22.5607 -31.8463 2.5000
      vertex -22.0442 -31.9316 2.5000
    endloop
  endfacet
  facet normal 0.000000 0.000000 -1.000000
    outer loop
      vertex -21.6547 -48.7605 2.5000
      vertex -21.5232 -31.9829 2.5000
      vertex -19.8313 -48.9400 2.5000
    endloop
  endfacet
  facet normal 0.000000 0.000000 -1.000000
    outer loop
      vertex -21.6547 -48.7605 2.5000
      vertex -22.0442 -31.9316 2.5000
      vertex -21.5232 -31.9829 2.5000
    endloop
  endfacet
  facet normal 0.000000 0.000000 -1.000000
    outer loop
      vertex -19.8313 -48.9400 2.5000
      vertex 21.0000 -32.0000 2.5000
      vertex 18.0000 -49.0000 2.5000
    endloop
  endfacet
  facet normal 0.000000 0.000000 -1.000000
    outer loop
      vertex -19.8313 -48.9400 2.5000
      vertex -21.5232 -31.9829 2.5000
      vertex 21.0000 -32.0000 2.5000
    endloop
  endfacet
  facet normal 0.000000 0.000000 1.000000
    outer loop
      vertex -0.0000 -37.0000 20.5000
      vertex 2.4199 -36.9208 20.5000
      vertex 21.5232 -31.9829 20.5000
    endloop
  endfacet
  facet normal 0.000000 0.000000 1.000000
    outer loop
      vertex -0.0000 -37.0000 20.5000
      vertex 21.5232 -31.9829 20.5000
      vertex 21.0000 -32.0000 20.5000
    endloop
  endfacet
  facet normal 0.000000 0.000000 1.000000
    outer loop
      vertex 2.4199 -36.9208 20.5000
      vertex 4.8295 -36.6835 20.5000
      vertex 22.0442 -31.9316 20.5000
    endloop
  endfacet
  facet normal 0.000000 0.000000 1.000000
    outer loop
      vertex 2.4199 -36.9208 20.5000
      vertex 22.0442 -31.9316 20.5000
      vertex 21.5232 -31.9829 20.5000
    endloop
  endfacet
  facet normal 0.000000 0.000000 1.000000
    outer loop
      vertex 4.8295 -36.6835 20.5000
      vertex 7.2183 -36.2891 20.5000
      vertex 22.5607 -31.8463 20.5000
    endloop
  endfacet
  facet normal 0.000000 0.000000 1.000000
    outer loop
      vertex 4.8295 -36.6835 20.5000
      vertex 22.5607 -31.8463 20.5000
      vertex 22.0442 -31.9316 20.5000
    endloop
  endfacet
  facet normal 0.000000 0.000000 1.000000
    outer loop
      vertex 7.2183 -36.2891 20.5000
      vertex 9.5763 -35.7393 20.5000
      vertex 23.0706 -31.7274 20.5000
    endloop
  endfacet
  facet normal 0.000000 0.000000 1.000000
    outer loop
      vertex 7.2183 -36.2891 20.5000
      vertex 23.0706 -31.7274 20.5000
      vertex 22.5607 -31.8463 20.5000
    endloop
  endfacet
  facet normal 0.000000 0.000000 -1.000000
    outer loop
      vertex 9.5763 -35.7393 20.5000
      vertex 11.8933 -35.0364 20.5000
      vertex 23.5715 -31.5754 20.5000
    endloop
  endfacet
  facet normal 0.000000 0.000000 -1.000000
    outer loop
      vertex 9.5763 -35.7393 20.5000
      vertex 23.5715 -31.5754 20.5000
      vertex 23.0706 -31.7274 20.5000
    endloop
  endfacet
  facet normal 0.000000 0.000000 -1.000000
    outer loop
      vertex 11.8933 -35.0364 20.5000
      vertex 14.1593 -34.1835 20.5000
      vertex 24.0615 -31.3910 20.5000
    endloop
  endfacet
  facet normal 0.000000 0.000000 -1.000000
    outer loop
      vertex 11.8933 -35.0364 20.5000
      vertex 24.0615 -31.3910 20.5000
      vertex 23.5715 -31.5754 20.5000
    endloop
  endfacet
  facet normal 0.000000 0.000000 -1.000000
    outer loop
      vertex 14.1593 -34.1835 20.5000
      vertex 16.3647 -33.1843 20.5000
      vertex 24.5383 -31.1750 20.5000
    endloop
  endfacet
  facet normal 0.000000 0.000000 -1.000000
    outer loop
      vertex 14.1593 -34.1835 20.5000
      vertex 24.5383 -31.1750 20.5000
      vertex 24.0615 -31.3910 20.5000
    endloop
  endfacet
  facet normal 0.000000 0.000000 -1.000000
    outer loop
      vertex 16.3647 -33.1843 20.5000
      vertex 18.5000 -32.0429 20.5000
      vertex 25.0000 -30.9282 20.5000
    endloop
  endfacet
  facet normal 0.000000 0.000000 -1.000000
    outer loop
      vertex 16.3647 -33.1843 20.5000
      vertex 25.0000 -30.9282 20.5000
      vertex 24.5383 -31.1750 20.5000
    endloop
  endfacet
  facet normal 0.000000 0.000000 -1.000000
    outer loop
      vertex 18.5000 -32.0429 20.5000
      vertex 20.5561 -30.7644 20.5000
      vertex 25.4446 -30.6518 20.5000
    endloop
  endfacet
  facet normal 0.000000 0.000000 -1.000000
    outer loop
      vertex 18.5000 -32.0429 20.5000
      vertex 25.4446 -30.6518 20.5000
      vertex 25.0000 -30.9282 20.5000
    endloop
  endfacet
  facet normal 0.000000 0.000000 -1.000000
    outer loop
      vertex 20.5561 -30.7644 20.5000
      vertex 22.5242 -29.3541 20.5000
      vertex 25.8701 -30.3468 20.5000
    endloop
  endfacet
  facet normal 0.000000 0.000000 -1.000000
    outer loop
      vertex 20.5561 -30.7644 20.5000
      vertex 25.8701 -30.3468 20.5000
      vertex 25.4446 -30.6518 20.5000
    endloop
  endfacet
  facet normal 0.000000 0.000000 -1.000000
    outer loop
      vertex 22.5242 -29.3541 20.5000
      vertex 24.3958 -27.8181 20.5000
      vertex 26.2748 -30.0147 20.5000
    endloop
  endfacet
  facet normal 0.000000 0.000000 -1.000000
    outer loop
      vertex 22.5242 -29.3541 20.5000
      vertex 26.2748 -30.0147 20.5000
      vertex 25.8701 -30.3468 20.5000
    endloop
  endfacet
  facet normal 0.000000 0.000000 -1.000000
    outer loop
      vertex 24.3958 -27.8181 20.5000
      vertex 26.1630 -26.1630 20.5000
      vertex 26.6569 -29.6569 20.5000
    endloop
  endfacet
  facet normal 0.000000 0.000000 -1.000000
    outer loop
      vertex 24.3958 -27.8181 20.5000
      vertex 26.6569 -29.6569 20.5000
      vertex 26.2748 -30.0147 20.5000
    endloop
  endfacet
  facet normal 0.000000 0.000000 -1.000000
    outer loop
      vertex 26.1630 -26.1630 20.5000
      vertex 27.8181 -24.3958 20.5000
      vertex 27.0147 -29.2748 20.5000
    endloop
  endfacet
  facet normal 0.000000 0.000000 -1.000000
    outer loop
      vertex 26.1630 -26.1630 20.5000
      vertex 27.0147 -29.2748 20.5000
      vertex 26.6569 -29.6569 20.5000
    endloop
  endfacet
  facet normal 0.000000 -0.000000 -1.000000
    outer loop
      vertex 27.8181 -24.3958 20.5000
      vertex 29.3541 -22.5242 20.5000
      vertex 27.3468 -28.8701 20.5000
    endloop
  endfacet
  facet normal 0.000000 0.000000 -1.000000
    outer loop
      vertex 27.8181 -24.3958 20.5000
      vertex 27.3468 -28.8701 20.5000
      vertex 27.0147 -29.2748 20.5000
    endloop
  endfacet
  facet normal 0.000000 -0.000000 -1.000000
    outer loop
      vertex 29.3541 -22.5242 20.5000
      vertex 30.7644 -20.5561 20.5000
      vertex 27.6518 -28.4446 20.5000
    endloop
  endfacet
  facet normal 0.000000 0.000000 -1.000000
    outer loop
      vertex 29.3541 -22.5242 20.5000
      vertex 27.6518 -28.4446 20.5000
      vertex 27.3468 -28.8701 20.5000
    endloop
  endfacet
  facet normal 0.000000 -0.000000 -1.000000
    outer loop
      vertex 30.7644 -20.5561 20.5000
      vertex 32.0429 -18.5000 20.5000
      vertex 27.9282 -28.0000 20.5000
    endloop
  endfacet
  facet normal 0.000000 0.000000 -1.000000
    outer loop
      vertex 30.7644 -20.5561 20.5000
      vertex 27.9282 -28.0000 20.5000
      vertex 27.6518 -28.4446 20.5000
    endloop
  endfacet
  facet normal 0.000000 -0.000000 -1.000000
    outer loop
      vertex 32.0429 -18.5000 20.5000
      vertex 33.1843 -16.3647 20.5000
      vertex 28.1750 -27.5383 20.5000
    endloop
  endfacet
  facet normal 0.000000 0.000000 -1.000000
    outer loop
      vertex 32.0429 -18.5000 20.5000
      vertex 28.1750 -27.5383 20.5000
      vertex 27.9282 -28.0000 20.5000
    endloop
  endfacet
  facet normal 0.000000 -0.000000 -1.000000
    outer loop
      vertex 33.1843 -16.3647 20.5000
      vertex 34.1835 -14.1593 20.5000
      vertex 28.3910 -27.0615 20.5000
    endloop
  endfacet
  facet normal 0.000000 0.000000 -1.000000
    outer loop
      vertex 33.1843 -16.3647 20.5000
      vertex 28.3910 -27.0615 20.5000
      vertex 28.1750 -27.5383 20.5000
    endloop
  endfacet
  facet normal 0.000000 -0.000000 1.000000
    outer loop
      vertex 34.1835 -14.1593 20.5000
      vertex 35.0364 -11.8933 20.5000
      vertex 28.5754 -26.5715 20.5000
    endloop
  endfacet
  facet normal 0.000000 0.000000 1.000000
    outer loop
      vertex 34.1835 -14.1593 20.5000
      vertex 28.5754 -26.5715 20.5000
      vertex 28.3910 -27.0615 20.5000
    endloop
  endfacet
  facet normal 0.000000 -0.000000 1.000000
    outer loop
      vertex 35.0364 -11.8933 20.5000
      vertex 35.7393 -9.5763 20.5000
      vertex 28.7274 -26.0706 20.5000
    endloop
  endfacet
  facet normal 0.000000 0.000000 1.000000
    outer loop
      vertex 35.0364 -11.8933 20.5000
      vertex 28.7274 -26.0706 20.5000
      vertex 28.5754 -26.5715 20.5000
    endloop
  endfacet
  facet normal 0.000000 -0.000000 1.000000
    outer loop
      vertex 35.7393 -9.5763 20.5000
      vertex 36.2891 -7.2183 20.5000
      vertex 28.8463 -25.5607 20.5000
    endloop
  endfacet
  facet normal 0.000000 0.000000 1.000000
    outer loop
      vertex 35.7393 -9.5763 20.5000
      vertex 28.8463 -25.5607 20.5000
      vertex 28.7274 -26.0706 20.5000
    endloop
  endfacet
  facet normal 0.000000 -0.000000 1.000000
    outer loop
      vertex 36.2891 -7.2183 20.5000
      vertex 36.6835 -4.8295 20.5000
      vertex 28.9316 -25.0442 20.5000
    endloop
  endfacet
  facet normal 0.000000 0.000000 1.000000
    outer loop
      vertex 36.2891 -7.2183 20.5000
      vertex 28.9316 -25.0442 20.5000
      vertex 28.8463 -25.5607 20.5000
    endloop
  endfacet
  facet normal 0.000000 -0.000000 1.000000
    outer loop
      vertex 36.6835 -4.8295 20.5000
      vertex 36.9208 -2.4199 20.5000
      vertex 28.9829 -24.5232 20.5000
    endloop
  endfacet
  facet normal 0.000000 0.000000 1.000000
    outer loop
      vertex 36.6835 -4.8295 20.5000
      vertex 28.9829 -24.5232 20.5000
      vertex 28.9316 -25.0442 20.5000
    endloop
  endfacet
  facet normal 0.000000 -0.000000 1.000000
    outer loop
      vertex 36.9208 -2.4199 20.5000
      vertex 37.0000 0.0000 20.5000
      vertex 29.0000 24.0000 20.5000
    endloop
  endfacet
  facet normal 0.000000 0.000000 1.000000
    outer loop
      vertex 36.9208 -2.4199 20.5000
      vertex 29.0000 24.0000 20.5000
      vertex 28.9829 -24.5232 20.5000
    endloop
  endfacet
  facet normal 0.000000 0.000000 1.000000
    outer loop
      vertex 37.0000 0.0000 20.5000
      vertex 36.9208 2.4199 20.5000
      vertex 28.9829 24.5232 20.5000
    endloop
  endfacet
  facet normal 0.000000 0.000000 1.000000
    outer loop
      vertex 37.0000 0.0000 20.5000
      vertex 28.9829 24.5232 20.5000
      vertex 29.0000 24.0000 20.5000
    endloop
  endfacet
  facet normal 0.000000 0.000000 1.000000
    outer loop
      vertex 36.9208 2.4199 20.5000
      vertex 36.6835 4.8295 20.5000
      vertex 28.9316 25.0442 20.5000
    endloop
  endfacet
  facet normal 0.000000 0.000000 1.000000
    outer loop
      vertex 36.9208 2.4199 20.5000
      vertex 28.9316 25.0442 20.5000
      vertex 28.9829 24.5232 20.5000
    endloop
  endfacet
  facet normal 0.000000 0.000000 1.000000
    outer loop
      vertex 36.6835 4.8295 20.5000
      vertex 36.2891 7.2183 20.5000
      vertex 28.8463 25.5607 20.5000
    endloop
  endfacet
  facet normal 0.000000 0.000000 1.000000
    outer loop
      vertex 36.6835 4.8295 20.5000
      vertex 28.8463 25.5607 20.5000
      vertex 28.9316 25.0442 20.5000
    endloop
  endfacet
  facet normal 0.000000 0.000000 1.000000
    outer loop
      vertex 36.2891 7.2183 20.5000
      vertex 35.7393 9.5763 20.5000
      vertex 28.7274 26.0706 20.5000
    endloop
  endfacet
  facet normal 0.000000 0.000000 1.000000
    outer loop
      vertex 36.2891 7.2183 20.5000
      vertex 28.7274 26.0706 20.5000
      vertex 28.8463 25.5607 20.5000
    endloop
  endfacet
  facet normal 0.000000 0.000000 1.000000
    outer loop
      vertex 35.7393 9.5763 20.5000
      vertex 35.0364 11.8933 20.5000
      vertex 28.5754 26.5715 20.5000
    endloop
  endfacet
  facet normal 0.000000 0.000000 1.000000
    outer loop
      vertex 35.7393 9.5763 20.5000
      vertex 28.5754 26.5715 20.5000
      vertex 28.7274 26.0706 20.5000
    endloop
  endfacet
  facet normal 0.000000 0.000000 1.000000
    outer loop
      vertex 35.0364 11.8933 20.5000
      vertex 34.1835 14.1593 20.5000
      vertex 28.3910 27.0615 20.5000
    endloop
  endfacet
  facet normal 0.000000 0.000000 1.000000
    outer loop
      vertex 35.0364 11.8933 20.5000
      vertex 28.3910 27.0615 20.5000
      vertex 28.5754 26.5715 20.5000
    endloop
  endfacet
  facet normal 0.000000 0.000000 -1.000000
    outer loop
      vertex 34.1835 14.1593 20.5000
      vertex 33.1843 16.3647 20.5000
      vertex 28.1750 27.5383 20.5000
    endloop
  endfacet
  facet normal 0.000000 0.000000 -1.000000
    outer loop
      vertex 34.1835 14.1593 20.5000
      vertex 28.1750 27.5383 20.5000
      vertex 28.3910 27.0615 20.5000
    endloop
  endfacet
  facet normal 0.000000 0.000000 -1.000000
    outer loop
      vertex 33.1843 16.3647 20.5000
      vertex 32.0429 18.5000 20.5000
      vertex 27.9282 28.0000 20.5000
    endloop
  endfacet
  facet normal 0.000000 0.000000 -1.000000
    outer loop
      vertex 33.1843 16.3647 20.5000
      vertex 27.9282 28.0000 20.5000
      vertex 28.1750 27.5383 20.5000
    endloop
  endfacet
  facet normal 0.000000 0.000000 -1.000000
    outer loop
      vertex 32.0429 18.5000 20.5000
      vertex 30.7644 20.5561 20.5000
      vertex 27.6518 28.4446 20.5000
    endloop
  endfacet
  facet normal 0.000000 0.000000 -1.000000
    outer loop
      vertex 32.0429 18.5000 20.5000
      vertex 27.6518 28.4446 20.5000
      vertex 27.9282 28.0000 20.5000
    endloop
  endfacet
  facet normal 0.000000 0.000000 -1.000000
    outer loop
      vertex 30.7644 20.5561 20.5000
      vertex 29.3541 22.5242 20.5000
      vertex 27.3468 28.8701 20.5000
    endloop
  endfacet
  facet normal 0.000000 0.000000 -1.000000
    outer loop
      vertex 30.7644 20.5561 20.5000
      vertex 27.3468 28.8701 20.5000
      vertex 27.6518 28.4446 20.5000
    endloop
  endfacet
  facet normal 0.000000 0.000000 -1.000000
    outer loop
      vertex 29.3541 22.5242 20.5000
      vertex 27.8181 24.3958 20.5000
      vertex 27.0147 29.2748 20.5000
    endloop
  endfacet
  facet normal 0.000000 0.000000 -1.000000
    outer loop
      vertex 29.3541 22.5242 20.5000
      vertex 27.0147 29.2748 20.5000
      vertex 27.3468 28.8701 20.5000
    endloop
  endfacet
  facet normal 0.000000 0.000000 -1.000000
    outer loop
      vertex 27.8181 24.3958 20.5000
      vertex 26.1630 26.1630 20.5000
      vertex 26.6569 29.6569 20.5000
    endloop
  endfacet
  facet normal 0.000000 0.000000 -1.000000
    outer loop
      vertex 27.8181 24.3958 20.5000
      vertex 26.6569 29.6569 20.5000
      vertex 27.0147 29.2748 20.5000
    endloop
  endfacet
  facet normal 0.000000 0.000000 -1.000000
    outer loop
      vertex 26.1630 26.1630 20.5000
      vertex 24.3958 27.8181 20.5000
      vertex 26.2748 30.0147 20.5000
    endloop
  endfacet
  facet normal 0.000000 0.000000 -1.000000
    outer loop
      vertex 26.1630 26.1630 20.5000
      vertex 26.2748 30.0147 20.5000
      vertex 26.6569 29.6569 20.5000
    endloop
  endfacet
  facet normal 0.000000 0.000000 -1.000000
    outer loop
      vertex 24.3958 27.8181 20.5000
      vertex 22.5242 29.3541 20.5000
      vertex 25.8701 30.3468 20.5000
    endloop
  endfacet
  facet normal 0.000000 0.000000 -1.000000
    outer loop
      vertex 24.3958 27.8181 20.5000
      vertex 25.8701 30.3468 20.5000
      vertex 26.2748 30.0147 20.5000
    endloop
  endfacet
  facet normal 0.000000 0.000000 -1.000000
    outer loop
      vertex 22.5242 29.3541 20.5000
      vertex 20.5561 30.7644 20.5000
      vertex 25.4446 30.6518 20.5000
    endloop
  endfacet
  facet normal 0.000000 0.000000 -1.000000
    outer loop
      vertex 22.5242 29.3541 20.5000
      vertex 25.4446 30.6518 20.5000
      vertex 25.8701 30.3468 20.5000
    endloop
  endfacet
  facet normal 0.000000 0.000000 -1.000000
    outer loop
      vertex 20.5561 30.7644 20.5000
      vertex 18.5000 32.0429 20.5000
      vertex 25.0000 30.9282 20.5000
    endloop
  endfacet
  facet normal 0.000000 0.000000 -1.000000
    outer loop
      vertex 20.5561 30.7644 20.5000
      vertex 25.0000 30.9282 20.5000
      vertex 25.4446 30.6518 20.5000
    endloop
  endfacet
  facet normal 0.000000 0.000000 -1.000000
    outer loop
      vertex 18.5000 32.0429 20.5000
      vertex 16.3647 33.1843 20.5000
      vertex 24.5383 31.1750 20.5000
    endloop
  endfacet
  facet normal 0.000000 0.000000 -1.000000
    outer loop
      vertex 18.5000 32.0429 20.5000
      vertex 24.5383 31.1750 20.5000
      vertex 25.0000 30.9282 20.5000
    endloop
  endfacet
  facet normal 0.000000 0.000000 -1.000000
    outer loop
      vertex 16.3647 33.1843 20.5000
      vertex 14.1593 34.1835 20.5000
      vertex 24.0615 31.3910 20.5000
    endloop
  endfacet
  facet normal 0.000000 0.000000 -1.000000
    outer loop
      vertex 16.3647 33.1843 20.5000
      vertex 24.0615 31.3910 20.5000
      vertex 24.5383 31.1750 20.5000
    endloop
  endfacet
  facet normal 0.000000 0.000000 -1.000000
    outer loop
      vertex 14.1593 34.1835 20.5000
      vertex 11.8933 35.0364 20.5000
      vertex 23.5715 31.5754 20.5000
    endloop
  endfacet
  facet normal 0.000000 0.000000 -1.000000
    outer loop
      vertex 14.1593 34.1835 20.5000
      vertex 23.5715 31.5754 20.5000
      vertex 24.0615 31.3910 20.5000
    endloop
  endfacet
  facet normal 0.000000 0.000000 -1.000000
    outer loop
      vertex 11.8933 35.0364 20.5000
      vertex 9.5763 35.7393 20.5000
      vertex 23.0706 31.7274 20.5000
    endloop
  endfacet
  facet normal 0.000000 0.000000 -1.000000
    outer loop
      vertex 11.8933 35.0364 20.5000
      vertex 23.0706 31.7274 20.5000
      vertex 23.5715 31.5754 20.5000
    endloop
  endfacet
  facet normal 0.000000 0.000000 1.000000
    outer loop
      vertex 9.5763 35.7393 20.5000
      vertex 7.2183 36.2891 20.5000
      vertex 22.5607 31.8463 20.5000
    endloop
  endfacet
  facet normal 0.000000 0.000000 1.000000
    outer loop
      vertex 9.5763 35.7393 20.5000
      vertex 22.5607 31.8463 20.5000
      vertex 23.0706 31.7274 20.5000
    endloop
  endfacet
  facet normal 0.000000 0.000000 1.000000
    outer loop
      vertex 7.2183 36.2891 20.5000
      vertex 4.8295 36.6835 20.5000
      vertex 22.0442 31.9316 20.5000
    endloop
  endfacet
  facet normal 0.000000 0.000000 1.000000
    outer loop
      vertex 7.2183 36.2891 20.5000
      vertex 22.0442 31.9316 20.5000
      vertex 22.5607 31.8463 20.5000
    endloop
  endfacet
  facet normal 0.000000 0.000000 1.000000
    outer loop
      vertex 4.8295 36.6835 20.5000
      vertex 2.4199 36.9208 20.5000
      vertex 21.5232 31.9829 20.5000
    endloop
  endfacet
  facet normal 0.000000 0.000000 1.000000
    outer loop
      vertex 4.8295 36.6835 20.5000
      vertex 21.5232 31.9829 20.5000
      vertex 22.0442 31.9316 20.5000
    endloop
  endfacet
  facet normal 0.000000 0.000000 1.000000
    outer loop
      vertex 2.4199 36.9208 20.5000
      vertex 0.0000 37.0000 20.5000
      vertex -21.0000 32.0000 20.5000
    endloop
  endfacet
  facet normal 0.000000 0.000000 1.000000
    outer loop
      vertex 2.4199 36.9208 20.5000
      vertex -21.0000 32.0000 20.5000
      vertex 21.5232 31.9829 20.5000
    endloop
  endfacet
  facet normal 0.000000 0.000000 1.000000
    outer loop
      vertex 0.0000 37.0000 20.5000
      vertex -2.4199 36.9208 20.5000
      vertex -21.5232 31.9829 20.5000
    endloop
  endfacet
  facet normal 0.000000 0.000000 1.000000
    outer loop
      vertex 0.0000 37.0000 20.5000
      vertex -21.5232 31.9829 20.5000
      vertex -21.0000 32.0000 20.5000
    endloop
  endfacet
  facet normal 0.000000 0.000000 1.000000
    outer loop
      vertex -2.4199 36.9208 20.5000
      vertex -4.8295 36.6835 20.5000
      vertex -22.0442 31.9316 20.5000
    endloop
  endfacet
  facet normal 0.000000 0.000000 1.000000
    outer loop
      vertex -2.4199 36.9208 20.5000
      vertex -22.0442 31.9316 20.5000
      vertex -21.5232 31.9829 20.5000
    endloop
  endfacet
  facet normal 0.000000 0.000000 1.000000
    outer loop
      vertex -4.8295 36.6835 20.5000
      vertex -7.2183 36.2891 20.5000
      vertex -22.5607 31.8463 20.5000
    endloop
  endfacet
  facet normal 0.000000 0.000000 1.000000
    outer loop
      vertex -4.8295 36.6835 20.5000
      vertex -22.5607 31.8463 20.5000
      vertex -22.0442 31.9316 20.5000
    endloop
  endfacet
  facet normal 0.000000 0.000000 1.000000
    outer loop
      vertex -7.2183 36.2891 20.5000
      vertex -9.5763 35.7393 20.5000
      vertex -23.0706 31.7274 20.5000
    endloop
  endfacet
  facet normal 0.000000 0.000000 1.000000
    outer loop
      vertex -7.2183 36.2891 20.5000
      vertex -23.0706 31.7274 20.5000
      vertex -22.5607 31.8463 20.5000
    endloop
  endfacet
  facet normal 0.000000 0.000000 -1.000000
    outer loop
      vertex -9.5763 35.7393 20.5000
      vertex -11.8933 35.0364 20.5000
      vertex -23.5715 31.5754 20.5000
    endloop
  endfacet
  facet normal 0.000000 0.000000 -1.000000
    outer loop
      vertex -9.5763 35.7393 20.5000
      vertex -23.5715 31.5754 20.5000
      vertex -23.0706 31.7274 20.5000
    endloop
  endfacet
  facet normal 0.000000 0.000000 -1.000000
    outer loop
      vertex -11.8933 35.0364 20.5000
      vertex -14.1593 34.1835 20.5000
      vertex -24.0615 31.3910 20.5000
    endloop
  endfacet
  facet normal 0.000000 0.000000 -1.000000
    outer loop
      vertex -11.8933 35.0364 20.5000
      vertex -24.0615 31.3910 20.5000
      vertex -23.5715 31.5754 20.5000
    endloop
  endfacet
  facet normal 0.000000 0.000000 -1.000000
    outer loop
      vertex -14.1593 34.1835 20.5000
      vertex -16.3647 33.1843 20.5000
      vertex -24.5383 31.1750 20.5000
    endloop
  endfacet
  facet normal 0.000000 0.000000 -1.000000
    outer loop
      vertex -14.1593 34.1835 20.5000
      vertex -24.5383 31.1750 20.5000
      vertex -24.0615 31.3910 20.5000
    endloop
  endfacet
  facet normal 0.000000 0.000000 -1.000000
    outer loop
      vertex -16.3647 33.1843 20.5000
      vertex -18.5000 32.0429 20.5000
      vertex -25.0000 30.9282 20.5000
    endloop
  endfacet
  facet normal 0.000000 0.000000 -1.000000
    outer loop
      vertex -16.3647 33.1843 20.5000
      vertex -25.0000 30.9282 20.5000
      vertex -24.5383 31.1750 20.5000
    endloop
  endfacet
  facet normal 0.000000 0.000000 -1.000000
    outer loop
      vertex -18.5000 32.0429 20.5000
      vertex -20.5561 30.7644 20.5000
      vertex -25.4446 30.6518 20.5000
    endloop
  endfacet
  facet normal 0.000000 0.000000 -1.000000
    outer loop
      vertex -18.5000 32.0429 20.5000
      vertex -25.4446 30.6518 20.5000
      vertex -25.0000 30.9282 20.5000
    endloop
  endfacet
  facet normal 0.000000 0.000000 -1.000000
    outer loop
      vertex -20.5561 30.7644 20.5000
      vertex -22.5242 29.3541 20.5000
      vertex -25.8701 30.3468 20.5000
    endloop
  endfacet
  facet normal 0.000000 0.000000 -1.000000
    outer loop
      vertex -20.5561 30.7644 20.5000
      vertex -25.8701 30.3468 20.5000
      vertex -25.4446 30.6518 20.5000
    endloop
  endfacet
  facet normal -0.000000 0.000000 -1.000000
    outer loop
      vertex -22.5242 29.3541 20.5000
      vertex -24.3958 27.8181 20.5000
      vertex -26.2748 30.0147 20.5000
    endloop
  endfacet
  facet normal 0.000000 0.000000 -1.000000
    outer loop
      vertex -22.5242 29.3541 20.5000
      vertex -26.2748 30.0147 20.5000
      vertex -25.8701 30.3468 20.5000
    endloop
  endfacet
  facet normal -0.000000 0.000000 -1.000000
    outer loop
      vertex -24.3958 27.8181 20.5000
      vertex -26.1630 26.1630 20.5000
      vertex -26.6569 29.6569 20.5000
    endloop
  endfacet
  facet normal 0.000000 0.000000 -1.000000
    outer loop
      vertex -24.3958 27.8181 20.5000
      vertex -26.6569 29.6569 20.5000
      vertex -26.2748 30.0147 20.5000
    endloop
  endfacet
  facet normal -0.000000 0.000000 -1.000000
    outer loop
      vertex -26.1630 26.1630 20.5000
      vertex -27.8181 24.3958 20.5000
      vertex -27.0147 29.2748 20.5000
    endloop
  endfacet
  facet normal 0.000000 0.000000 -1.000000
    outer loop
      vertex -26.1630 26.1630 20.5000
      vertex -27.0147 29.2748 20.5000
      vertex -26.6569 29.6569 20.5000
    endloop
  endfacet
  facet normal -0.000000 0.000000 -1.000000
    outer loop
      vertex -27.8181 24.3958 20.5000
      vertex -29.3541 22.5242 20.5000
      vertex -27.3468 28.8701 20.5000
    endloop
  endfacet
  facet normal 0.000000 0.000000 -1.000000
    outer loop
      vertex -27.8181 24.3958 20.5000
      vertex -27.3468 28.8701 20.5000
      vertex -27.0147 29.2748 20.5000
    endloop
  endfacet
  facet normal -0.000000 0.000000 -1.000000
    outer loop
      vertex -29.3541 22.5242 20.5000
      vertex -30.7644 20.5561 20.5000
      vertex -27.6518 28.4446 20.5000
    endloop
  endfacet
  facet normal 0.000000 0.000000 -1.000000
    outer loop
      vertex -29.3541 22.5242 20.5000
      vertex -27.6518 28.4446 20.5000
      vertex -27.3468 28.8701 20.5000
    endloop
  endfacet
  facet normal -0.000000 0.000000 -1.000000
    outer loop
      vertex -30.7644 20.5561 20.5000
      vertex -32.0429 18.5000 20.5000
      vertex -27.9282 28.0000 20.5000
    endloop
  endfacet
  facet normal 0.000000 0.000000 -1.000000
    outer loop
      vertex -30.7644 20.5561 20.5000
      vertex -27.9282 28.0000 20.5000
      vertex -27.6518 28.4446 20.5000
    endloop
  endfacet
  facet normal -0.000000 0.000000 -1.000000
    outer loop
      vertex -32.0429 18.5000 20.5000
      vertex -33.1843 16.3647 20.5000
      vertex -28.1750 27.5383 20.5000
    endloop
  endfacet
  facet normal 0.000000 0.000000 -1.000000
    outer loop
      vertex -32.0429 18.5000 20.5000
      vertex -28.1750 27.5383 20.5000
      vertex -27.9282 28.0000 20.5000
    endloop
  endfacet
  facet normal -0.000000 0.000000 -1.000000
    outer loop
      vertex -33.1843 16.3647 20.5000
      vertex -34.1835 14.1593 20.5000
      vertex -28.3910 27.0615 20.5000
    endloop
  endfacet
  facet normal 0.000000 0.000000 -1.000000
    outer loop
      vertex -33.1843 16.3647 20.5000
      vertex -28.3910 27.0615 20.5000
      vertex -28.1750 27.5383 20.5000
    endloop
  endfacet
  facet normal -0.000000 0.000000 1.000000
    outer loop
      vertex -34.1835 14.1593 20.5000
      vertex -35.0364 11.8933 20.5000
      vertex -28.5754 26.5715 20.5000
    endloop
  endfacet
  facet normal 0.000000 0.000000 1.000000
    outer loop
      vertex -34.1835 14.1593 20.5000
      vertex -28.5754 26.5715 20.5000
      vertex -28.3910 27.0615 20.5000
    endloop
  endfacet
  facet normal -0.000000 0.000000 1.000000
    outer loop
      vertex -35.0364 11.8933 20.5000
      vertex -35.7393 9.5763 20.5000
      vertex -28.7274 26.0706 20.5000
    endloop
  endfacet
  facet normal 0.000000 0.000000 1.000000
    outer loop
      vertex -35.0364 11.8933 20.5000
      vertex -28.7274 26.0706 20.5000
      vertex -28.5754 26.5715 20.5000
    endloop
  endfacet
  facet normal -0.000000 0.000000 1.000000
    outer loop
      vertex -35.7393 9.5763 20.5000
      vertex -36.2891 7.2183 20.5000
      vertex -28.8463 25.5607 20.5000
    endloop
  endfacet
  facet normal 0.000000 0.000000 1.000000
    outer loop
      vertex -35.7393 9.5763 20.5000
      vertex -28.8463 25.5607 20.5000
      vertex -28.7274 26.0706 20.5000
    endloop
  endfacet
  facet normal -0.000000 0.000000 1.000000
    outer loop
      vertex -36.2891 7.2183 20.5000
      vertex -36.6835 4.8295 20.5000
      vertex -28.9316 25.0442 20.5000
    endloop
  endfacet
  facet normal 0.000000 0.000000 1.000000
    outer loop
      vertex -36.2891 7.2183 20.5000
      vertex -28.9316 25.0442 20.5000
      vertex -28.8463 25.5607 20.5000
    endloop
  endfacet
  facet normal -0.000000 0.000000 1.000000
    outer loop
      vertex -36.6835 4.8295 20.5000
      vertex -36.9208 2.4199 20.5000
      vertex -28.9829 24.5232 20.5000
    endloop
  endfacet
  facet normal 0.000000 0.000000 1.000000
    outer loop
      vertex -36.6835 4.8295 20.5000
      vertex -28.9829 24.5232 20.5000
      vertex -28.9316 25.0442 20.5000
    endloop
  endfacet
  facet normal 0.000000 0.000000 1.000000
    outer loop
      vertex -36.9208 2.4199 20.5000
      vertex -37.0000 0.0000 20.5000
      vertex -29.0000 -24.0000 20.5000
    endloop
  endfacet
  facet normal -0.000000 0.000000 1.000000
    outer loop
      vertex -36.9208 2.4199 20.5000
      vertex -29.0000 -24.0000 20.5000
      vertex -28.9829 24.5232 20.5000
    endloop
  endfacet
  facet normal 0.000000 0.000000 1.000000
    outer loop
      vertex -37.0000 0.0000 20.5000
      vertex -36.9208 -2.4199 20.5000
      vertex -28.9829 -24.5232 20.5000
    endloop
  endfacet
  facet normal 0.000000 0.000000 1.000000
    outer loop
      vertex -37.0000 0.0000 20.5000
      vertex -28.9829 -24.5232 20.5000
      vertex -29.0000 -24.0000 20.5000
    endloop
  endfacet
  facet normal 0.000000 0.000000 1.000000
    outer loop
      vertex -36.9208 -2.4199 20.5000
      vertex -36.6835 -4.8295 20.5000
      vertex -28.9316 -25.0442 20.5000
    endloop
  endfacet
  facet normal 0.000000 0.000000 1.000000
    outer loop
      vertex -36.9208 -2.4199 20.5000
      vertex -28.9316 -25.0442 20.5000
      vertex -28.9829 -24.5232 20.5000
    endloop
  endfacet
  facet normal 0.000000 0.000000 1.000000
    outer loop
      vertex -36.6835 -4.8295 20.5000
      vertex -36.2891 -7.2183 20.5000
      vertex -28.8463 -25.5607 20.5000
    endloop
  endfacet
  facet normal 0.000000 0.000000 1.000000
    outer loop
      vertex -36.6835 -4.8295 20.5000
      vertex -28.8463 -25.5607 20.5000
      vertex -28.9316 -25.0442 20.5000
    endloop
  endfacet
  facet normal 0.000000 0.000000 1.000000
    outer loop
      vertex -36.2891 -7.2183 20.5000
      vertex -35.7393 -9.5763 20.5000
      vertex -28.7274 -26.0706 20.5000
    endloop
  endfacet
  facet normal 0.000000 0.000000 1.000000
    outer loop
      vertex -36.2891 -7.2183 20.5000
      vertex -28.7274 -26.0706 20.5000
      vertex -28.8463 -25.5607 20.5000
    endloop
  endfacet
  facet normal 0.000000 0.000000 1.000000
    outer loop
      vertex -35.7393 -9.5763 20.5000
      vertex -35.0364 -11.8933 20.5000
      vertex -28.5754 -26.5715 20.5000
    endloop
  endfacet
  facet normal 0.000000 0.000000 1.000000
    outer loop
      vertex -35.7393 -9.5763 20.5000
      vertex -28.5754 -26.5715 20.5000
      vertex -28.7274 -26.0706 20.5000
    endloop
  endfacet
  facet normal 0.000000 0.000000 1.000000
    outer loop
      vertex -35.0364 -11.8933 20.5000
      vertex -34.1835 -14.1593 20.5000
      vertex -28.3910 -27.0615 20.5000
    endloop
  endfacet
  facet normal 0.000000 0.000000 1.000000
    outer loop
      vertex -35.0364 -11.8933 20.5000
      vertex -28.3910 -27.0615 20.5000
      vertex -28.5754 -26.5715 20.5000
    endloop
  endfacet
  facet normal 0.000000 0.000000 -1.000000
    outer loop
      vertex -34.1835 -14.1593 20.5000
      vertex -33.1843 -16.3647 20.5000
      vertex -28.1750 -27.5383 20.5000
    endloop
  endfacet
  facet normal 0.000000 0.000000 -1.000000
    outer loop
      vertex -34.1835 -14.1593 20.5000
      vertex -28.1750 -27.5383 20.5000
      vertex -28.3910 -27.0615 20.5000
    endloop
  endfacet
  facet normal 0.000000 0.000000 -1.000000
    outer loop
      vertex -33.1843 -16.3647 20.5000
      vertex -32.0429 -18.5000 20.5000
      vertex -27.9282 -28.0000 20.5000
    endloop
  endfacet
  facet normal 0.000000 0.000000 -1.000000
    outer loop
      vertex -33.1843 -16.3647 20.5000
      vertex -27.9282 -28.0000 20.5000
      vertex -28.1750 -27.5383 20.5000
    endloop
  endfacet
  facet normal 0.000000 0.000000 -1.000000
    outer loop
      vertex -32.0429 -18.5000 20.5000
      vertex -30.7644 -20.5561 20.5000
      vertex -27.6518 -28.4446 20.5000
    endloop
  endfacet
  facet normal 0.000000 0.000000 -1.000000
    outer loop
      vertex -32.0429 -18.5000 20.5000
      vertex -27.6518 -28.4446 20.5000
      vertex -27.9282 -28.0000 20.5000
    endloop
  endfacet
  facet normal 0.000000 0.000000 -1.000000
    outer loop
      vertex -30.7644 -20.5561 20.5000
      vertex -29.3541 -22.5242 20.5000
      vertex -27.3468 -28.8701 20.5000
    endloop
  endfacet
  facet normal 0.000000 0.000000 -1.000000
    outer loop
      vertex -30.7644 -20.5561 20.5000
      vertex -27.3468 -28.8701 20.5000
      vertex -27.6518 -28.4446 20.5000
    endloop
  endfacet
  facet normal 0.000000 0.000000 -1.000000
    outer loop
      vertex -29.3541 -22.5242 20.5000
      vertex -27.8181 -24.3958 20.5000
      vertex -27.0147 -29.2748 20.5000
    endloop
  endfacet
  facet normal 0.000000 0.000000 -1.000000
    outer loop
      vertex -29.3541 -22.5242 20.5000
      vertex -27.0147 -29.2748 20.5000
      vertex -27.3468 -28.8701 20.5000
    endloop
  endfacet
  facet normal 0.000000 0.000000 -1.000000
    outer loop
      vertex -27.8181 -24.3958 20.5000
      vertex -26.1630 -26.1630 20.5000
      vertex -26.6569 -29.6569 20.5000
    endloop
  endfacet
  facet normal 0.000000 0.000000 -1.000000
    outer loop
      vertex -27.8181 -24.3958 20.5000
      vertex -26.6569 -29.6569 20.5000
      vertex -27.0147 -29.2748 20.5000
    endloop
  endfacet
  facet normal 0.000000 -0.000000 -1.000000
    outer loop
      vertex -26.1630 -26.1630 20.5000
      vertex -24.3958 -27.8181 20.5000
      vertex -26.2748 -30.0147 20.5000
    endloop
  endfacet
  facet normal 0.000000 0.000000 -1.000000
    outer loop
      vertex -26.1630 -26.1630 20.5000
      vertex -26.2748 -30.0147 20.5000
      vertex -26.6569 -29.6569 20.5000
    endloop
  endfacet
  facet normal 0.000000 -0.000000 -1.000000
    outer loop
      vertex -24.3958 -27.8181 20.5000
      vertex -22.5242 -29.3541 20.5000
      vertex -25.8701 -30.3468 20.5000
    endloop
  endfacet
  facet normal 0.000000 0.000000 -1.000000
    outer loop
      vertex -24.3958 -27.8181 20.5000
      vertex -25.8701 -30.3468 20.5000
      vertex -26.2748 -30.0147 20.5000
    endloop
  endfacet
  facet normal 0.000000 -0.000000 -1.000000
    outer loop
      vertex -22.5242 -29.3541 20.5000
      vertex -20.5561 -30.7644 20.5000
      vertex -25.4446 -30.6518 20.5000
    endloop
  endfacet
  facet normal 0.000000 0.000000 -1.000000
    outer loop
      vertex -22.5242 -29.3541 20.5000
      vertex -25.4446 -30.6518 20.5000
      vertex -25.8701 -30.3468 20.5000
    endloop
  endfacet
  facet normal 0.000000 -0.000000 -1.000000
    outer loop
      vertex -20.5561 -30.7644 20.5000
      vertex -18.5000 -32.0429 20.5000
      vertex -25.0000 -30.9282 20.5000
    endloop
  endfacet
  facet normal -0.000000 0.000000 -1.000000
    outer loop
      vertex -20.5561 -30.7644 20.5000
      vertex -25.0000 -30.9282 20.5000
      vertex -25.4446 -30.6518 20.5000
    endloop
  endfacet
  facet normal -0.000000 -0.000000 -1.000000
    outer loop
      vertex -18.5000 -32.0429 20.5000
      vertex -16.3647 -33.1843 20.5000
      vertex -24.5383 -31.1750 20.5000
    endloop
  endfacet
  facet normal 0.000000 0.000000 -1.000000
    outer loop
      vertex -18.5000 -32.0429 20.5000
      vertex -24.5383 -31.1750 20.5000
      vertex -25.0000 -30.9282 20.5000
    endloop
  endfacet
  facet normal -0.000000 -0.000000 -1.000000
    outer loop
      vertex -16.3647 -33.1843 20.5000
      vertex -14.1593 -34.1835 20.5000
      vertex -24.0615 -31.3910 20.5000
    endloop
  endfacet
  facet normal 0.000000 0.000000 -1.000000
    outer loop
      vertex -16.3647 -33.1843 20.5000
      vertex -24.0615 -31.3910 20.5000
      vertex -24.5383 -31.1750 20.5000
    endloop
  endfacet
  facet normal -0.000000 -0.000000 -1.000000
    outer loop
      vertex -14.1593 -34.1835 20.5000
      vertex -11.8933 -35.0364 20.5000
      vertex -23.5715 -31.5754 20.5000
    endloop
  endfacet
  facet normal 0.000000 0.000000 -1.000000
    outer loop
      vertex -14.1593 -34.1835 20.5000
      vertex -23.5715 -31.5754 20.5000
      vertex -24.0615 -31.3910 20.5000
    endloop
  endfacet
  facet normal -0.000000 -0.000000 -1.000000
    outer loop
      vertex -11.8933 -35.0364 20.5000
      vertex -9.5763 -35.7393 20.5000
      vertex -23.0706 -31.7274 20.5000
    endloop
  endfacet
  facet normal 0.000000 0.000000 -1.000000
    outer loop
      vertex -11.8933 -35.0364 20.5000
      vertex -23.0706 -31.7274 20.5000
      vertex -23.5715 -31.5754 20.5000
    endloop
  endfacet
  facet normal -0.000000 -0.000000 1.000000
    outer loop
      vertex -9.5763 -35.7393 20.5000
      vertex -7.2183 -36.2891 20.5000
      vertex -22.5607 -31.8463 20.5000
    endloop
  endfacet
  facet normal 0.000000 0.000000 1.000000
    outer loop
      vertex -9.5763 -35.7393 20.5000
      vertex -22.5607 -31.8463 20.5000
      vertex -23.0706 -31.7274 20.5000
    endloop
  endfacet
  facet normal -0.000000 -0.000000 1.000000
    outer loop
      vertex -7.2183 -36.2891 20.5000
      vertex -4.8295 -36.6835 20.5000
      vertex -22.0442 -31.9316 20.5000
    endloop
  endfacet
  facet normal 0.000000 0.000000 1.000000
    outer loop
      vertex -7.2183 -36.2891 20.5000
      vertex -22.0442 -31.9316 20.5000
      vertex -22.5607 -31.8463 20.5000
    endloop
  endfacet
  facet normal -0.000000 -0.000000 1.000000
    outer loop
      vertex -4.8295 -36.6835 20.5000
      vertex -2.4199 -36.9208 20.5000
      vertex -21.5232 -31.9829 20.5000
    endloop
  endfacet
  facet normal 0.000000 0.000000 1.000000
    outer loop
      vertex -4.8295 -36.6835 20.5000
      vertex -21.5232 -31.9829 20.5000
      vertex -22.0442 -31.9316 20.5000
    endloop
  endfacet
  facet normal -0.000000 0.000000 1.000000
    outer loop
      vertex -2.4199 -36.9208 20.5000
      vertex -0.0000 -37.0000 20.5000
      vertex 21.0000 -32.0000 20.5000
    endloop
  endfacet
  facet normal 0.000000 -0.000000 1.000000
    outer loop
      vertex -2.4199 -36.9208 20.5000
      vertex 21.0000 -32.0000 20.5000
      vertex -21.5232 -31.9829 20.5000
    endloop
  endfacet
  facet normal 0.026817 -0.819167 0.572928
    outer loop
      vertex 18.0000 -49.0000 2.5000
      vertex 19.8313 -48.9400 2.5000
      vertex 2.4199 -36.9208 20.5000
    endloop
  endfacet
  facet normal 0.026817 -0.819167 0.572928
    outer loop
      vertex 18.0000 -49.0000 2.5000
      vertex 2.4199 -36.9208 20.5000
      vertex -0.0000 -37.0000 20.5000
    endloop
  endfacet
  facet normal 0.078063 -0.792583 0.604747
    outer loop
      vertex 19.8313 -48.9400 2.5000
      vertex 21.6547 -48.7605 2.5000
      vertex 4.8295 -36.6835 20.5000
    endloop
  endfacet
  facet normal 0.078063 -0.792583 0.604747
    outer loop
      vertex 19.8313 -48.9400 2.5000
      vertex 4.8295 -36.6835 20.5000
      vertex 2.4199 -36.9208 20.5000
    endloop
  endfacet
  facet normal 0.126317 -0.765093 0.631408
    outer loop
      vertex 21.6547 -48.7605 2.5000
      vertex 23.4625 -48.4620 2.5000
      vertex 7.2183 -36.2891 20.5000
    endloop
  endfacet
  facet normal 0.126317 -0.765093 0.631408
    outer loop
      vertex 21.6547 -48.7605 2.5000
      vertex 7.2183 -36.2891 20.5000
      vertex 4.8295 -36.6835 20.5000
    endloop
  endfacet
  facet normal 0.171865 -0.737090 0.653575
    outer loop
      vertex 23.4625 -48.4620 2.5000
      vertex 25.2469 -48.0459 2.5000
      vertex 9.5763 -35.7393 20.5000
    endloop
  endfacet
  facet normal 0.171865 -0.737090 0.653575
    outer loop
      vertex 23.4625 -48.4620 2.5000
      vertex 9.5763 -35.7393 20.5000
      vertex 7.2183 -36.2891 20.5000
    endloop
  endfacet
  facet normal 0.215019 -0.708822 0.671817
    outer loop
      vertex 25.2469 -48.0459 2.5000
      vertex 27.0003 -47.5140 2.5000
      vertex 11.8933 -35.0364 20.5000
    endloop
  endfacet
  facet normal 0.215019 -0.708822 0.671817
    outer loop
      vertex 25.2469 -48.0459 2.5000
      vertex 11.8933 -35.0364 20.5000
      vertex 9.5763 -35.7393 20.5000
    endloop
  endfacet
  facet normal 0.256095 -0.680428 0.686610
    outer loop
      vertex 27.0003 -47.5140 2.5000
      vertex 28.7151 -46.8686 2.5000
      vertex 14.1593 -34.1835 20.5000
    endloop
  endfacet
  facet normal 0.256095 -0.680428 0.686610
    outer loop
      vertex 27.0003 -47.5140 2.5000
      vertex 14.1593 -34.1835 20.5000
      vertex 11.8933 -35.0364 20.5000
    endloop
  endfacet
  facet normal 0.295402 -0.651967 0.698338
    outer loop
      vertex 28.7151 -46.8686 2.5000
      vertex 30.3841 -46.1124 2.5000
      vertex 16.3647 -33.1843 20.5000
    endloop
  endfacet
  facet normal 0.295402 -0.651967 0.698338
    outer loop
      vertex 28.7151 -46.8686 2.5000
      vertex 16.3647 -33.1843 20.5000
      vertex 14.1593 -34.1835 20.5000
    endloop
  endfacet
  facet normal 0.333232 -0.623434 0.707309
    outer loop
      vertex 30.3841 -46.1124 2.5000
      vertex 32.0000 -45.2487 2.5000
      vertex 18.5000 -32.0429 20.5000
    endloop
  endfacet
  facet normal 0.333232 -0.623434 0.707309
    outer loop
      vertex 30.3841 -46.1124 2.5000
      vertex 18.5000 -32.0429 20.5000
      vertex 16.3647 -33.1843 20.5000
    endloop
  endfacet
  facet normal 0.369857 -0.594778 0.713754
    outer loop
      vertex 32.0000 -45.2487 2.5000
      vertex 33.5560 -44.2811 2.5000
      vertex 20.5561 -30.7644 20.5000
    endloop
  endfacet
  facet normal 0.369857 -0.594778 0.713754
    outer loop
      vertex 32.0000 -45.2487 2.5000
      vertex 20.5561 -30.7644 20.5000
      vertex 18.5000 -32.0429 20.5000
    endloop
  endfacet
  facet normal 0.405527 -0.565912 0.717838
    outer loop
      vertex 33.5560 -44.2811 2.5000
      vertex 35.0453 -43.2139 2.5000
      vertex 22.5242 -29.3541 20.5000
    endloop
  endfacet
  facet normal 0.405527 -0.565912 0.717838
    outer loop
      vertex 33.5560 -44.2811 2.5000
      vertex 22.5242 -29.3541 20.5000
      vertex 20.5561 -30.7644 20.5000
    endloop
  endfacet
  facet normal 0.440472 -0.536716 0.719667
    outer loop
      vertex 35.0453 -43.2139 2.5000
      vertex 36.4617 -42.0515 2.5000
      vertex 24.3958 -27.8181 20.5000
    endloop
  endfacet
  facet normal 0.440472 -0.536716 0.719667
    outer loop
      vertex 35.0453 -43.2139 2.5000
      vertex 24.3958 -27.8181 20.5000
      vertex 22.5242 -29.3541 20.5000
    endloop
  endfacet
  facet normal 0.474902 -0.507047 0.719285
    outer loop
      vertex 36.4617 -42.0515 2.5000
      vertex 37.7990 -40.7990 2.5000
      vertex 26.1630 -26.1630 20.5000
    endloop
  endfacet
  facet normal 0.474902 -0.507047 0.719285
    outer loop
      vertex 36.4617 -42.0515 2.5000
      vertex 26.1630 -26.1630 20.5000
      vertex 24.3958 -27.8181 20.5000
    endloop
  endfacet
  facet normal 0.509005 -0.476735 0.716685
    outer loop
      vertex 37.7990 -40.7990 2.5000
      vertex 39.0515 -39.4617 2.5000
      vertex 27.8181 -24.3958 20.5000
    endloop
  endfacet
  facet normal 0.509005 -0.476735 0.716685
    outer loop
      vertex 37.7990 -40.7990 2.5000
      vertex 27.8181 -24.3958 20.5000
      vertex 26.1630 -26.1630 20.5000
    endloop
  endfacet
  facet normal 0.542950 -0.445588 0.711798
    outer loop
      vertex 39.0515 -39.4617 2.5000
      vertex 40.2139 -38.0453 2.5000
      vertex 29.3541 -22.5242 20.5000
    endloop
  endfacet
  facet normal 0.542950 -0.445588 0.711798
    outer loop
      vertex 39.0515 -39.4617 2.5000
      vertex 29.3541 -22.5242 20.5000
      vertex 27.8181 -24.3958 20.5000
    endloop
  endfacet
  facet normal 0.576879 -0.413386 0.704502
    outer loop
      vertex 40.2139 -38.0453 2.5000
      vertex 41.2811 -36.5560 2.5000
      vertex 30.7644 -20.5561 20.5000
    endloop
  endfacet
  facet normal 0.576879 -0.413386 0.704502
    outer loop
      vertex 40.2139 -38.0453 2.5000
      vertex 30.7644 -20.5561 20.5000
      vertex 29.3541 -22.5242 20.5000
    endloop
  endfacet
  facet normal 0.610908 -0.379887 0.694606
    outer loop
      vertex 41.2811 -36.5560 2.5000
      vertex 42.2487 -35.0000 2.5000
      vertex 32.0429 -18.5000 20.5000
    endloop
  endfacet
  facet normal 0.610908 -0.379887 0.694606
    outer loop
      vertex 41.2811 -36.5560 2.5000
      vertex 32.0429 -18.5000 20.5000
      vertex 30.7644 -20.5561 20.5000
    endloop
  endfacet
  facet normal 0.645113 -0.344820 0.681856
    outer loop
      vertex 42.2487 -35.0000 2.5000
      vertex 43.1124 -33.3841 2.5000
      vertex 33.1843 -16.3647 20.5000
    endloop
  endfacet
  facet normal 0.645113 -0.344820 0.681856
    outer loop
      vertex 42.2487 -35.0000 2.5000
      vertex 33.1843 -16.3647 20.5000
      vertex 32.0429 -18.5000 20.5000
    endloop
  endfacet
  facet normal 0.679527 -0.307890 0.665919
    outer loop
      vertex 43.1124 -33.3841 2.5000
      vertex 43.8686 -31.7151 2.5000
      vertex 34.1835 -14.1593 20.5000
    endloop
  endfacet
  facet normal 0.679527 -0.307890 0.665919
    outer loop
      vertex 43.1124 -33.3841 2.5000
      vertex 34.1835 -14.1593 20.5000
      vertex 33.1843 -16.3647 20.5000
    endloop
  endfacet
  facet normal 0.714113 -0.268773 0.646377
    outer loop
      vertex 43.8686 -31.7151 2.5000
      vertex 44.5140 -30.0003 2.5000
      vertex 35.0364 -11.8933 20.5000
    endloop
  endfacet
  facet normal 0.714113 -0.268773 0.646377
    outer loop
      vertex 43.8686 -31.7151 2.5000
      vertex 35.0364 -11.8933 20.5000
      vertex 34.1835 -14.1593 20.5000
    endloop
  endfacet
  facet normal 0.748750 -0.227131 0.622724
    outer loop
      vertex 44.5140 -30.0003 2.5000
      vertex 45.0459 -28.2469 2.5000
      vertex 35.7393 -9.5763 20.5000
    endloop
  endfacet
  facet normal 0.748750 -0.227131 0.622724
    outer loop
      vertex 44.5140 -30.0003 2.5000
      vertex 35.7393 -9.5763 20.5000
      vertex 35.0364 -11.8933 20.5000
    endloop
  endfacet
  facet normal 0.783192 -0.182615 0.594358
    outer loop
      vertex 45.0459 -28.2469 2.5000
      vertex 45.4620 -26.4625 2.5000
      vertex 36.2891 -7.2183 20.5000
    endloop
  endfacet
  facet normal 0.783192 -0.182615 0.594358
    outer loop
      vertex 45.0459 -28.2469 2.5000
      vertex 36.2891 -7.2183 20.5000
      vertex 35.7393 -9.5763 20.5000
    endloop
  endfacet
  facet normal 0.817036 -0.134893 0.560585
    outer loop
      vertex 45.4620 -26.4625 2.5000
      vertex 45.7605 -24.6547 2.5000
      vertex 36.6835 -4.8295 20.5000
    endloop
  endfacet
  facet normal 0.817036 -0.134893 0.560585
    outer loop
      vertex 45.4620 -26.4625 2.5000
      vertex 36.6835 -4.8295 20.5000
      vertex 36.2891 -7.2183 20.5000
    endloop
  endfacet
  facet normal 0.849666 -0.083685 0.520638
    outer loop
      vertex 45.7605 -24.6547 2.5000
      vertex 45.9400 -22.8313 2.5000
      vertex 36.9208 -2.4199 20.5000
    endloop
  endfacet
  facet normal 0.849666 -0.083685 0.520638
    outer loop
      vertex 45.7605 -24.6547 2.5000
      vertex 36.9208 -2.4199 20.5000
      vertex 36.6835 -4.8295 20.5000
    endloop
  endfacet
  facet normal 0.894997 -0.001224 0.446070
    outer loop
      vertex 45.9400 -22.8313 2.5000
      vertex 46.0000 21.0000 2.5000
      vertex 37.0000 0.0000 20.5000
    endloop
  endfacet
  facet normal 0.880204 -0.028815 0.473720
    outer loop
      vertex 45.9400 -22.8313 2.5000
      vertex 37.0000 0.0000 20.5000
      vertex 36.9208 -2.4199 20.5000
    endloop
  endfacet
  facet normal 0.880204 0.028815 0.473720
    outer loop
      vertex 46.0000 21.0000 2.5000
      vertex 45.9400 22.8313 2.5000
      vertex 36.9208 2.4199 20.5000
    endloop
  endfacet
  facet normal 0.880204 0.028815 0.473720
    outer loop
      vertex 46.0000 21.0000 2.5000
      vertex 36.9208 2.4199 20.5000
      vertex 37.0000 0.0000 20.5000
    endloop
  endfacet
  facet normal 0.849666 0.083685 0.520638
    outer loop
      vertex 45.9400 22.8313 2.5000
      vertex 45.7605 24.6547 2.5000
      vertex 36.6835 4.8295 20.5000
    endloop
  endfacet
  facet normal 0.849666 0.083685 0.520638
    outer loop
      vertex 45.9400 22.8313 2.5000
      vertex 36.6835 4.8295 20.5000
      vertex 36.9208 2.4199 20.5000
    endloop
  endfacet
  facet normal 0.817036 0.134893 0.560585
    outer loop
      vertex 45.7605 24.6547 2.5000
      vertex 45.4620 26.4625 2.5000
      vertex 36.2891 7.2183 20.5000
    endloop
  endfacet
  facet normal 0.817036 0.134893 0.560585
    outer loop
      vertex 45.7605 24.6547 2.5000
      vertex 36.2891 7.2183 20.5000
      vertex 36.6835 4.8295 20.5000
    endloop
  endfacet
  facet normal 0.783192 0.182615 0.594358
    outer loop
      vertex 45.4620 26.4625 2.5000
      vertex 45.0459 28.2469 2.5000
      vertex 35.7393 9.5763 20.5000
    endloop
  endfacet
  facet normal 0.783192 0.182615 0.594358
    outer loop
      vertex 45.4620 26.4625 2.5000
      vertex 35.7393 9.5763 20.5000
      vertex 36.2891 7.2183 20.5000
    endloop
  endfacet
  facet normal 0.748750 0.227131 0.622724
    outer loop
      vertex 45.0459 28.2469 2.5000
      vertex 44.5140 30.0003 2.5000
      vertex 35.0364 11.8933 20.5000
    endloop
  endfacet
  facet normal 0.748750 0.227131 0.622724
    outer loop
      vertex 45.0459 28.2469 2.5000
      vertex 35.0364 11.8933 20.5000
      vertex 35.7393 9.5763 20.5000
    endloop
  endfacet
  facet normal 0.714113 0.268773 0.646377
    outer loop
      vertex 44.5140 30.0003 2.5000
      vertex 43.8686 31.7151 2.5000
      vertex 34.1835 14.1593 20.5000
    endloop
  endfacet
  facet normal 0.714113 0.268773 0.646377
    outer loop
      vertex 44.5140 30.0003 2.5000
      vertex 34.1835 14.1593 20.5000
      vertex 35.0364 11.8933 20.5000
    endloop
  endfacet
  facet normal 0.679527 0.307890 0.665919
    outer loop
      vertex 43.8686 31.7151 2.5000
      vertex 43.1124 33.3841 2.5000
      vertex 33.1843 16.3647 20.5000
    endloop
  endfacet
  facet normal 0.679527 0.307890 0.665919
    outer loop
      vertex 43.8686 31.7151 2.5000
      vertex 33.1843 16.3647 20.5000
      vertex 34.1835 14.1593 20.5000
    endloop
  endfacet
  facet normal 0.645113 0.344820 0.681856
    outer loop
      vertex 43.1124 33.3841 2.5000
      vertex 42.2487 35.0000 2.5000
      vertex 32.0429 18.5000 20.5000
    endloop
  endfacet
  facet normal 0.645113 0.344820 0.681856
    outer loop
      vertex 43.1124 33.3841 2.5000
      vertex 32.0429 18.5000 20.5000
      vertex 33.1843 16.3647 20.5000
    endloop
  endfacet
  facet normal 0.610908 0.379887 0.694606
    outer loop
      vertex 42.2487 35.0000 2.5000
      vertex 41.2811 36.5560 2.5000
      vertex 30.7644 20.5561 20.5000
    endloop
  endfacet
  facet normal 0.610908 0.379887 0.694606
    outer loop
      vertex 42.2487 35.0000 2.5000
      vertex 30.7644 20.5561 20.5000
      vertex 32.0429 18.5000 20.5000
    endloop
  endfacet
  facet normal 0.576879 0.413386 0.704502
    outer loop
      vertex 41.2811 36.5560 2.5000
      vertex 40.2139 38.0453 2.5000
      vertex 29.3541 22.5242 20.5000
    endloop
  endfacet
  facet normal 0.576879 0.413386 0.704502
    outer loop
      vertex 41.2811 36.5560 2.5000
      vertex 29.3541 22.5242 20.5000
      vertex 30.7644 20.5561 20.5000
    endloop
  endfacet
  facet normal 0.542950 0.445588 0.711798
    outer loop
      vertex 40.2139 38.0453 2.5000
      vertex 39.0515 39.4617 2.5000
      vertex 27.8181 24.3958 20.5000
    endloop
  endfacet
  facet normal 0.542950 0.445588 0.711798
    outer loop
      vertex 40.2139 38.0453 2.5000
      vertex 27.8181 24.3958 20.5000
      vertex 29.3541 22.5242 20.5000
    endloop
  endfacet
  facet normal 0.509005 0.476735 0.716685
    outer loop
      vertex 39.0515 39.4617 2.5000
      vertex 37.7990 40.7990 2.5000
      vertex 26.1630 26.1630 20.5000
    endloop
  endfacet
  facet normal 0.509005 0.476735 0.716685
    outer loop
      vertex 39.0515 39.4617 2.5000
      vertex 26.1630 26.1630 20.5000
      vertex 27.8181 24.3958 20.5000
    endloop
  endfacet
  facet normal 0.474902 0.507047 0.719285
    outer loop
      vertex 37.7990 40.7990 2.5000
      vertex 36.4617 42.0515 2.5000
      vertex 24.3958 27.8181 20.5000
    endloop
  endfacet
  facet normal 0.474902 0.507047 0.719285
    outer loop
      vertex 37.7990 40.7990 2.5000
      vertex 24.3958 27.8181 20.5000
      vertex 26.1630 26.1630 20.5000
    endloop
  endfacet
  facet normal 0.440472 0.536716 0.719667
    outer loop
      vertex 36.4617 42.0515 2.5000
      vertex 35.0453 43.2139 2.5000
      vertex 22.5242 29.3541 20.5000
    endloop
  endfacet
  facet normal 0.440472 0.536716 0.719667
    outer loop
      vertex 36.4617 42.0515 2.5000
      vertex 22.5242 29.3541 20.5000
      vertex 24.3958 27.8181 20.5000
    endloop
  endfacet
  facet normal 0.405527 0.565912 0.717838
    outer loop
      vertex 35.0453 43.2139 2.5000
      vertex 33.5560 44.2811 2.5000
      vertex 20.5561 30.7644 20.5000
    endloop
  endfacet
  facet normal 0.405527 0.565912 0.717838
    outer loop
      vertex 35.0453 43.2139 2.5000
      vertex 20.5561 30.7644 20.5000
      vertex 22.5242 29.3541 20.5000
    endloop
  endfacet
  facet normal 0.369857 0.594778 0.713754
    outer loop
      vertex 33.5560 44.2811 2.5000
      vertex 32.0000 45.2487 2.5000
      vertex 18.5000 32.0429 20.5000
    endloop
  endfacet
  facet normal 0.369857 0.594778 0.713754
    outer loop
      vertex 33.5560 44.2811 2.5000
      vertex 18.5000 32.0429 20.5000
      vertex 20.5561 30.7644 20.5000
    endloop
  endfacet
  facet normal 0.333232 0.623434 0.707309
    outer loop
      vertex 32.0000 45.2487 2.5000
      vertex 30.3841 46.1124 2.5000
      vertex 16.3647 33.1843 20.5000
    endloop
  endfacet
  facet normal 0.333232 0.623434 0.707309
    outer loop
      vertex 32.0000 45.2487 2.5000
      vertex 16.3647 33.1843 20.5000
      vertex 18.5000 32.0429 20.5000
    endloop
  endfacet
  facet normal 0.295402 0.651967 0.698338
    outer loop
      vertex 30.3841 46.1124 2.5000
      vertex 28.7151 46.8686 2.5000
      vertex 14.1593 34.1835 20.5000
    endloop
  endfacet
  facet normal 0.295402 0.651967 0.698338
    outer loop
      vertex 30.3841 46.1124 2.5000
      vertex 14.1593 34.1835 20.5000
      vertex 16.3647 33.1843 20.5000
    endloop
  endfacet
  facet normal 0.256095 0.680428 0.686610
    outer loop
      vertex 28.7151 46.8686 2.5000
      vertex 27.0003 47.5140 2.5000
      vertex 11.8933 35.0364 20.5000
    endloop
  endfacet
  facet normal 0.256095 0.680428 0.686610
    outer loop
      vertex 28.7151 46.8686 2.5000
      vertex 11.8933 35.0364 20.5000
      vertex 14.1593 34.1835 20.5000
    endloop
  endfacet
  facet normal 0.215019 0.708822 0.671817
    outer loop
      vertex 27.0003 47.5140 2.5000
      vertex 25.2469 48.0459 2.5000
      vertex 9.5763 35.7393 20.5000
    endloop
  endfacet
  facet normal 0.215019 0.708822 0.671817
    outer loop
      vertex 27.0003 47.5140 2.5000
      vertex 9.5763 35.7393 20.5000
      vertex 11.8933 35.0364 20.5000
    endloop
  endfacet
  facet normal 0.171865 0.737090 0.653575
    outer loop
      vertex 25.2469 48.0459 2.5000
      vertex 23.4625 48.4620 2.5000
      vertex 7.2183 36.2891 20.5000
    endloop
  endfacet
  facet normal 0.171865 0.737090 0.653575
    outer loop
      vertex 25.2469 48.0459 2.5000
      vertex 7.2183 36.2891 20.5000
      vertex 9.5763 35.7393 20.5000
    endloop
  endfacet
  facet normal 0.126317 0.765093 0.631408
    outer loop
      vertex 23.4625 48.4620 2.5000
      vertex 21.6547 48.7605 2.5000
      vertex 4.8295 36.6835 20.5000
    endloop
  endfacet
  facet normal 0.126317 0.765093 0.631408
    outer loop
      vertex 23.4625 48.4620 2.5000
      vertex 4.8295 36.6835 20.5000
      vertex 7.2183 36.2891 20.5000
    endloop
  endfacet
  facet normal 0.078063 0.792583 0.604747
    outer loop
      vertex 21.6547 48.7605 2.5000
      vertex 19.8313 48.9400 2.5000
      vertex 2.4199 36.9208 20.5000
    endloop
  endfacet
  facet normal 0.078063 0.792583 0.604747
    outer loop
      vertex 21.6547 48.7605 2.5000
      vertex 2.4199 36.9208 20.5000
      vertex 4.8295 36.6835 20.5000
    endloop
  endfacet
  facet normal 0.001319 0.832658 0.553786
    outer loop
      vertex 19.8313 48.9400 2.5000
      vertex -18.0000 49.0000 2.5000
      vertex 0.0000 37.0000 20.5000
    endloop
  endfacet
  facet normal 0.026817 0.819167 0.572928
    outer loop
      vertex 19.8313 48.9400 2.5000
      vertex 0.0000 37.0000 20.5000
      vertex 2.4199 36.9208 20.5000
    endloop
  endfacet
  facet normal -0.026817 0.819167 0.572928
    outer loop
      vertex -18.0000 49.0000 2.5000
      vertex -19.8313 48.9400 2.5000
      vertex -2.4199 36.9208 20.5000
    endloop
  endfacet
  facet normal -0.026817 0.819167 0.572928
    outer loop
      vertex -18.0000 49.0000 2.5000
      vertex -2.4199 36.9208 20.5000
      vertex 0.0000 37.0000 20.5000
    endloop
  endfacet
  facet normal -0.078063 0.792583 0.604747
    outer loop
      vertex -19.8313 48.9400 2.5000
      vertex -21.6547 48.7605 2.5000
      vertex -4.8295 36.6835 20.5000
    endloop
  endfacet
  facet normal -0.078063 0.792583 0.604747
    outer loop
      vertex -19.8313 48.9400 2.5000
      vertex -4.8295 36.6835 20.5000
      vertex -2.4199 36.9208 20.5000
    endloop
  endfacet
  facet normal -0.126317 0.765093 0.631408
    outer loop
      vertex -21.6547 48.7605 2.5000
      vertex -23.4625 48.4620 2.5000
      vertex -7.2183 36.2891 20.5000
    endloop
  endfacet
  facet normal -0.126317 0.765093 0.631408
    outer loop
      vertex -21.6547 48.7605 2.5000
      vertex -7.2183 36.2891 20.5000
      vertex -4.8295 36.6835 20.5000
    endloop
  endfacet
  facet normal -0.171865 0.737090 0.653575
    outer loop
      vertex -23.4625 48.4620 2.5000
      vertex -25.2469 48.0459 2.5000
      vertex -9.5763 35.7393 20.5000
    endloop
  endfacet
  facet normal -0.171865 0.737090 0.653575
    outer loop
      vertex -23.4625 48.4620 2.5000
      vertex -9.5763 35.7393 20.5000
      vertex -7.2183 36.2891 20.5000
    endloop
  endfacet
  facet normal -0.215019 0.708822 0.671817
    outer loop
      vertex -25.2469 48.0459 2.5000
      vertex -27.0003 47.5140 2.5000
      vertex -11.8933 35.0364 20.5000
    endloop
  endfacet
  facet normal -0.215019 0.708822 0.671817
    outer loop
      vertex -25.2469 48.0459 2.5000
      vertex -11.8933 35.0364 20.5000
      vertex -9.5763 35.7393 20.5000
    endloop
  endfacet
  facet normal -0.256095 0.680428 0.686610
    outer loop
      vertex -27.0003 47.5140 2.5000
      vertex -28.7151 46.8686 2.5000
      vertex -14.1593 34.1835 20.5000
    endloop
  endfacet
  facet normal -0.256095 0.680428 0.686610
    outer loop
      vertex -27.0003 47.5140 2.5000
      vertex -14.1593 34.1835 20.5000
      vertex -11.8933 35.0364 20.5000
    endloop
  endfacet
  facet normal -0.295402 0.651967 0.698338
    outer loop
      vertex -28.7151 46.8686 2.5000
      vertex -30.3841 46.1124 2.5000
      vertex -16.3647 33.1843 20.5000
    endloop
  endfacet
  facet normal -0.295402 0.651967 0.698338
    outer loop
      vertex -28.7151 46.8686 2.5000
      vertex -16.3647 33.1843 20.5000
      vertex -14.1593 34.1835 20.5000
    endloop
  endfacet
  facet normal -0.333232 0.623434 0.707309
    outer loop
      vertex -30.3841 46.1124 2.5000
      vertex -32.0000 45.2487 2.5000
      vertex -18.5000 32.0429 20.5000
    endloop
  endfacet
  facet normal -0.333232 0.623434 0.707309
    outer loop
      vertex -30.3841 46.1124 2.5000
      vertex -18.5000 32.0429 20.5000
      vertex -16.3647 33.1843 20.5000
    endloop
  endfacet
  facet normal -0.369857 0.594778 0.713754
    outer loop
      vertex -32.0000 45.2487 2.5000
      vertex -33.5560 44.2811 2.5000
      vertex -20.5561 30.7644 20.5000
    endloop
  endfacet
  facet normal -0.369857 0.594778 0.713754
    outer loop
      vertex -32.0000 45.2487 2.5000
      vertex -20.5561 30.7644 20.5000
      vertex -18.5000 32.0429 20.5000
    endloop
  endfacet
  facet normal -0.405527 0.565912 0.717838
    outer loop
      vertex -33.5560 44.2811 2.5000
      vertex -35.0453 43.2139 2.5000
      vertex -22.5242 29.3541 20.5000
    endloop
  endfacet
  facet normal -0.405527 0.565912 0.717838
    outer loop
      vertex -33.5560 44.2811 2.5000
      vertex -22.5242 29.3541 20.5000
      vertex -20.5561 30.7644 20.5000
    endloop
  endfacet
  facet normal -0.440472 0.536716 0.719667
    outer loop
      vertex -35.0453 43.2139 2.5000
      vertex -36.4617 42.0515 2.5000
      vertex -24.3958 27.8181 20.5000
    endloop
  endfacet
  facet normal -0.440472 0.536716 0.719667
    outer loop
      vertex -35.0453 43.2139 2.5000
      vertex -24.3958 27.8181 20.5000
      vertex -22.5242 29.3541 20.5000
    endloop
  endfacet
  facet normal -0.474902 0.507047 0.719285
    outer loop
      vertex -36.4617 42.0515 2.5000
      vertex -37.7990 40.7990 2.5000
      vertex -26.1630 26.1630 20.5000
    endloop
  endfacet
  facet normal -0.474902 0.507047 0.719285
    outer loop
      vertex -36.4617 42.0515 2.5000
      vertex -26.1630 26.1630 20.5000
      vertex -24.3958 27.8181 20.5000
    endloop
  endfacet
  facet normal -0.509005 0.476735 0.716685
    outer loop
      vertex -37.7990 40.7990 2.5000
      vertex -39.0515 39.4617 2.5000
      vertex -27.8181 24.3958 20.5000
    endloop
  endfacet
  facet normal -0.509005 0.476735 0.716685
    outer loop
      vertex -37.7990 40.7990 2.5000
      vertex -27.8181 24.3958 20.5000
      vertex -26.1630 26.1630 20.5000
    endloop
  endfacet
  facet normal -0.542950 0.445588 0.711798
    outer loop
      vertex -39.0515 39.4617 2.5000
      vertex -40.2139 38.0453 2.5000
      vertex -29.3541 22.5242 20.5000
    endloop
  endfacet
  facet normal -0.542950 0.445588 0.711798
    outer loop
      vertex -39.0515 39.4617 2.5000
      vertex -29.3541 22.5242 20.5000
      vertex -27.8181 24.3958 20.5000
    endloop
  endfacet
  facet normal -0.576879 0.413386 0.704502
    outer loop
      vertex -40.2139 38.0453 2.5000
      vertex -41.2811 36.5560 2.5000
      vertex -30.7644 20.5561 20.5000
    endloop
  endfacet
  facet normal -0.576879 0.413386 0.704502
    outer loop
      vertex -40.2139 38.0453 2.5000
      vertex -30.7644 20.5561 20.5000
      vertex -29.3541 22.5242 20.5000
    endloop
  endfacet
  facet normal -0.610908 0.379887 0.694606
    outer loop
      vertex -41.2811 36.5560 2.5000
      vertex -42.2487 35.0000 2.5000
      vertex -32.0429 18.5000 20.5000
    endloop
  endfacet
  facet normal -0.610908 0.379887 0.694606
    outer loop
      vertex -41.2811 36.5560 2.5000
      vertex -32.0429 18.5000 20.5000
      vertex -30.7644 20.5561 20.5000
    endloop
  endfacet
  facet normal -0.645113 0.344820 0.681856
    outer loop
      vertex -42.2487 35.0000 2.5000
      vertex -43.1124 33.3841 2.5000
      vertex -33.1843 16.3647 20.5000
    endloop
  endfacet
  facet normal -0.645113 0.344820 0.681856
    outer loop
      vertex -42.2487 35.0000 2.5000
      vertex -33.1843 16.3647 20.5000
      vertex -32.0429 18.5000 20.5000
    endloop
  endfacet
  facet normal -0.679527 0.307890 0.665919
    outer loop
      vertex -43.1124 33.3841 2.5000
      vertex -43.8686 31.7151 2.5000
      vertex -34.1835 14.1593 20.5000
    endloop
  endfacet
  facet normal -0.679527 0.307890 0.665919
    outer loop
      vertex -43.1124 33.3841 2.5000
      vertex -34.1835 14.1593 20.5000
      vertex -33.1843 16.3647 20.5000
    endloop
  endfacet
  facet normal -0.714113 0.268773 0.646377
    outer loop
      vertex -43.8686 31.7151 2.5000
      vertex -44.5140 30.0003 2.5000
      vertex -35.0364 11.8933 20.5000
    endloop
  endfacet
  facet normal -0.714113 0.268773 0.646377
    outer loop
      vertex -43.8686 31.7151 2.5000
      vertex -35.0364 11.8933 20.5000
      vertex -34.1835 14.1593 20.5000
    endloop
  endfacet
  facet normal -0.748750 0.227131 0.622724
    outer loop
      vertex -44.5140 30.0003 2.5000
      vertex -45.0459 28.2469 2.5000
      vertex -35.7393 9.5763 20.5000
    endloop
  endfacet
  facet normal -0.748750 0.227131 0.622724
    outer loop
      vertex -44.5140 30.0003 2.5000
      vertex -35.7393 9.5763 20.5000
      vertex -35.0364 11.8933 20.5000
    endloop
  endfacet
  facet normal -0.783192 0.182615 0.594358
    outer loop
      vertex -45.0459 28.2469 2.5000
      vertex -45.4620 26.4625 2.5000
      vertex -36.2891 7.2183 20.5000
    endloop
  endfacet
  facet normal -0.783192 0.182615 0.594358
    outer loop
      vertex -45.0459 28.2469 2.5000
      vertex -36.2891 7.2183 20.5000
      vertex -35.7393 9.5763 20.5000
    endloop
  endfacet
  facet normal -0.817036 0.134893 0.560585
    outer loop
      vertex -45.4620 26.4625 2.5000
      vertex -45.7605 24.6547 2.5000
      vertex -36.6835 4.8295 20.5000
    endloop
  endfacet
  facet normal -0.817036 0.134893 0.560585
    outer loop
      vertex -45.4620 26.4625 2.5000
      vertex -36.6835 4.8295 20.5000
      vertex -36.2891 7.2183 20.5000
    endloop
  endfacet
  facet normal -0.849666 0.083685 0.520638
    outer loop
      vertex -45.7605 24.6547 2.5000
      vertex -45.9400 22.8313 2.5000
      vertex -36.9208 2.4199 20.5000
    endloop
  endfacet
  facet normal -0.849666 0.083685 0.520638
    outer loop
      vertex -45.7605 24.6547 2.5000
      vertex -36.9208 2.4199 20.5000
      vertex -36.6835 4.8295 20.5000
    endloop
  endfacet
  facet normal -0.894997 0.001224 0.446070
    outer loop
      vertex -45.9400 22.8313 2.5000
      vertex -46.0000 -21.0000 2.5000
      vertex -37.0000 0.0000 20.5000
    endloop
  endfacet
  facet normal -0.880204 0.028815 0.473720
    outer loop
      vertex -45.9400 22.8313 2.5000
      vertex -37.0000 0.0000 20.5000
      vertex -36.9208 2.4199 20.5000
    endloop
  endfacet
  facet normal -0.880204 -0.028815 0.473720
    outer loop
      vertex -46.0000 -21.0000 2.5000
      vertex -45.9400 -22.8313 2.5000
      vertex -36.9208 -2.4199 20.5000
    endloop
  endfacet
  facet normal -0.880204 -0.028815 0.473720
    outer loop
      vertex -46.0000 -21.0000 2.5000
      vertex -36.9208 -2.4199 20.5000
      vertex -37.0000 0.0000 20.5000
    endloop
  endfacet
  facet normal -0.849666 -0.083685 0.520638
    outer loop
      vertex -45.9400 -22.8313 2.5000
      vertex -45.7605 -24.6547 2.5000
      vertex -36.6835 -4.8295 20.5000
    endloop
  endfacet
  facet normal -0.849666 -0.083685 0.520638
    outer loop
      vertex -45.9400 -22.8313 2.5000
      vertex -36.6835 -4.8295 20.5000
      vertex -36.9208 -2.4199 20.5000
    endloop
  endfacet
  facet normal -0.817036 -0.134893 0.560585
    outer loop
      vertex -45.7605 -24.6547 2.5000
      vertex -45.4620 -26.4625 2.5000
      vertex -36.2891 -7.2183 20.5000
    endloop
  endfacet
  facet normal -0.817036 -0.134893 0.560585
    outer loop
      vertex -45.7605 -24.6547 2.5000
      vertex -36.2891 -7.2183 20.5000
      vertex -36.6835 -4.8295 20.5000
    endloop
  endfacet
  facet normal -0.783192 -0.182615 0.594358
    outer loop
      vertex -45.4620 -26.4625 2.5000
      vertex -45.0459 -28.2469 2.5000
      vertex -35.7393 -9.5763 20.5000
    endloop
  endfacet
  facet normal -0.783192 -0.182615 0.594358
    outer loop
      vertex -45.4620 -26.4625 2.5000
      vertex -35.7393 -9.5763 20.5000
      vertex -36.2891 -7.2183 20.5000
    endloop
  endfacet
  facet normal -0.748750 -0.227131 0.622724
    outer loop
      vertex -45.0459 -28.2469 2.5000
      vertex -44.5140 -30.0003 2.5000
      vertex -35.0364 -11.8933 20.5000
    endloop
  endfacet
  facet normal -0.748750 -0.227131 0.622724
    outer loop
      vertex -45.0459 -28.2469 2.5000
      vertex -35.0364 -11.8933 20.5000
      vertex -35.7393 -9.5763 20.5000
    endloop
  endfacet
  facet normal -0.714113 -0.268773 0.646377
    outer loop
      vertex -44.5140 -30.0003 2.5000
      vertex -43.8686 -31.7151 2.5000
      vertex -34.1835 -14.1593 20.5000
    endloop
  endfacet
  facet normal -0.714113 -0.268773 0.646377
    outer loop
      vertex -44.5140 -30.0003 2.5000
      vertex -34.1835 -14.1593 20.5000
      vertex -35.0364 -11.8933 20.5000
    endloop
  endfacet
  facet normal -0.679527 -0.307890 0.665919
    outer loop
      vertex -43.8686 -31.7151 2.5000
      vertex -43.1124 -33.3841 2.5000
      vertex -33.1843 -16.3647 20.5000
    endloop
  endfacet
  facet normal -0.679527 -0.307890 0.665919
    outer loop
      vertex -43.8686 -31.7151 2.5000
      vertex -33.1843 -16.3647 20.5000
      vertex -34.1835 -14.1593 20.5000
    endloop
  endfacet
  facet normal -0.645113 -0.344820 0.681856
    outer loop
      vertex -43.1124 -33.3841 2.5000
      vertex -42.2487 -35.0000 2.5000
      vertex -32.0429 -18.5000 20.5000
    endloop
  endfacet
  facet normal -0.645113 -0.344820 0.681856
    outer loop
      vertex -43.1124 -33.3841 2.5000
      vertex -32.0429 -18.5000 20.5000
      vertex -33.1843 -16.3647 20.5000
    endloop
  endfacet
  facet normal -0.610908 -0.379887 0.694606
    outer loop
      vertex -42.2487 -35.0000 2.5000
      vertex -41.2811 -36.5560 2.5000
      vertex -30.7644 -20.5561 20.5000
    endloop
  endfacet
  facet normal -0.610908 -0.379887 0.694606
    outer loop
      vertex -42.2487 -35.0000 2.5000
      vertex -30.7644 -20.5561 20.5000
      vertex -32.0429 -18.5000 20.5000
    endloop
  endfacet
  facet normal -0.576879 -0.413386 0.704502
    outer loop
      vertex -41.2811 -36.5560 2.5000
      vertex -40.2139 -38.0453 2.5000
      vertex -29.3541 -22.5242 20.5000
    endloop
  endfacet
  facet normal -0.576879 -0.413386 0.704502
    outer loop
      vertex -41.2811 -36.5560 2.5000
      vertex -29.3541 -22.5242 20.5000
      vertex -30.7644 -20.5561 20.5000
    endloop
  endfacet
  facet normal -0.542950 -0.445588 0.711798
    outer loop
      vertex -40.2139 -38.0453 2.5000
      vertex -39.0515 -39.4617 2.5000
      vertex -27.8181 -24.3958 20.5000
    endloop
  endfacet
  facet normal -0.542950 -0.445588 0.711798
    outer loop
      vertex -40.2139 -38.0453 2.5000
      vertex -27.8181 -24.3958 20.5000
      vertex -29.3541 -22.5242 20.5000
    endloop
  endfacet
  facet normal -0.509005 -0.476735 0.716685
    outer loop
      vertex -39.0515 -39.4617 2.5000
      vertex -37.7990 -40.7990 2.5000
      vertex -26.1630 -26.1630 20.5000
    endloop
  endfacet
  facet normal -0.509005 -0.476735 0.716685
    outer loop
      vertex -39.0515 -39.4617 2.5000
      vertex -26.1630 -26.1630 20.5000
      vertex -27.8181 -24.3958 20.5000
    endloop
  endfacet
  facet normal -0.474902 -0.507047 0.719285
    outer loop
      vertex -37.7990 -40.7990 2.5000
      vertex -36.4617 -42.0515 2.5000
      vertex -24.3958 -27.8181 20.5000
    endloop
  endfacet
  facet normal -0.474902 -0.507047 0.719285
    outer loop
      vertex -37.7990 -40.7990 2.5000
      vertex -24.3958 -27.8181 20.5000
      vertex -26.1630 -26.1630 20.5000
    endloop
  endfacet
  facet normal -0.440472 -0.536716 0.719667
    outer loop
      vertex -36.4617 -42.0515 2.5000
      vertex -35.0453 -43.2139 2.5000
      vertex -22.5242 -29.3541 20.5000
    endloop
  endfacet
  facet normal -0.440472 -0.536716 0.719667
    outer loop
      vertex -36.4617 -42.0515 2.5000
      vertex -22.5242 -29.3541 20.5000
      vertex -24.3958 -27.8181 20.5000
    endloop
  endfacet
  facet normal -0.405527 -0.565912 0.717838
    outer loop
      vertex -35.0453 -43.2139 2.5000
      vertex -33.5560 -44.2811 2.5000
      vertex -20.5561 -30.7644 20.5000
    endloop
  endfacet
  facet normal -0.405527 -0.565912 0.717838
    outer loop
      vertex -35.0453 -43.2139 2.5000
      vertex -20.5561 -30.7644 20.5000
      vertex -22.5242 -29.3541 20.5000
    endloop
  endfacet
  facet normal -0.369857 -0.594778 0.713754
    outer loop
      vertex -33.5560 -44.2811 2.5000
      vertex -32.0000 -45.2487 2.5000
      vertex -18.5000 -32.0429 20.5000
    endloop
  endfacet
  facet normal -0.369857 -0.594778 0.713754
    outer loop
      vertex -33.5560 -44.2811 2.5000
      vertex -18.5000 -32.0429 20.5000
      vertex -20.5561 -30.7644 20.5000
    endloop
  endfacet
  facet normal -0.333232 -0.623434 0.707309
    outer loop
      vertex -32.0000 -45.2487 2.5000
      vertex -30.3841 -46.1124 2.5000
      vertex -16.3647 -33.1843 20.5000
    endloop
  endfacet
  facet normal -0.333232 -0.623434 0.707309
    outer loop
      vertex -32.0000 -45.2487 2.5000
      vertex -16.3647 -33.1843 20.5000
      vertex -18.5000 -32.0429 20.5000
    endloop
  endfacet
  facet normal -0.295402 -0.651967 0.698338
    outer loop
      vertex -30.3841 -46.1124 2.5000
      vertex -28.7151 -46.8686 2.5000
      vertex -14.1593 -34.1835 20.5000
    endloop
  endfacet
  facet normal -0.295402 -0.651967 0.698338
    outer loop
      vertex -30.3841 -46.1124 2.5000
      vertex -14.1593 -34.1835 20.5000
      vertex -16.3647 -33.1843 20.5000
    endloop
  endfacet
  facet normal -0.256095 -0.680428 0.686610
    outer loop
      vertex -28.7151 -46.8686 2.5000
      vertex -27.0003 -47.5140 2.5000
      vertex -11.8933 -35.0364 20.5000
    endloop
  endfacet
  facet normal -0.256095 -0.680428 0.686610
    outer loop
      vertex -28.7151 -46.8686 2.5000
      vertex -11.8933 -35.0364 20.5000
      vertex -14.1593 -34.1835 20.5000
    endloop
  endfacet
  facet normal -0.215019 -0.708822 0.671817
    outer loop
      vertex -27.0003 -47.5140 2.5000
      vertex -25.2469 -48.0459 2.5000
      vertex -9.5763 -35.7393 20.5000
    endloop
  endfacet
  facet normal -0.215019 -0.708822 0.671817
    outer loop
      vertex -27.0003 -47.5140 2.5000
      vertex -9.5763 -35.7393 20.5000
      vertex -11.8933 -35.0364 20.5000
    endloop
  endfacet
  facet normal -0.171865 -0.737090 0.653575
    outer loop
      vertex -25.2469 -48.0459 2.5000
      vertex -23.4625 -48.4620 2.5000
      vertex -7.2183 -36.2891 20.5000
    endloop
  endfacet
  facet normal -0.171865 -0.737090 0.653575
    outer loop
      vertex -25.2469 -48.0459 2.5000
      vertex -7.2183 -36.2891 20.5000
      vertex -9.5763 -35.7393 20.5000
    endloop
  endfacet
  facet normal -0.126317 -0.765093 0.631408
    outer loop
      vertex -23.4625 -48.4620 2.5000
      vertex -21.6547 -48.7605 2.5000
      vertex -4.8295 -36.6835 20.5000
    endloop
  endfacet
  facet normal -0.126317 -0.765093 0.631408
    outer loop
      vertex -23.4625 -48.4620 2.5000
      vertex -4.8295 -36.6835 20.5000
      vertex -7.2183 -36.2891 20.5000
    endloop
  endfacet
  facet normal -0.078063 -0.792583 0.604747
    outer loop
      vertex -21.6547 -48.7605 2.5000
      vertex -19.8313 -48.9400 2.5000
      vertex -2.4199 -36.9208 20.5000
    endloop
  endfacet
  facet normal -0.078063 -0.792583 0.604747
    outer loop
      vertex -21.6547 -48.7605 2.5000
      vertex -2.4199 -36.9208 20.5000
      vertex -4.8295 -36.6835 20.5000
    endloop
  endfacet
  facet normal -0.001319 -0.832658 0.553786
    outer loop
      vertex -19.8313 -48.9400 2.5000
      vertex 18.0000 -49.0000 2.5000
      vertex -0.0000 -37.0000 20.5000
    endloop
  endfacet
  facet normal -0.026817 -0.819167 0.572928
    outer loop
      vertex -19.8313 -48.9400 2.5000
      vertex -0.0000 -37.0000 20.5000
      vertex -2.4199 -36.9208 20.5000
    endloop
  endfacet
endsolid AILamp_LampBase_Electronics_Cover
